relpath,role,tier,source,bytes,md5,sha256,url,s3_uri
dataset_description.json,dataset-metadata,core,raw,2112,03ce99f62a0d38fe005c41da4e9ab10a,,https://openneuro.org/crn/datasets/ds003745/snapshots/2.1.1/files/dataset_description.json,s3://openneuro.org/ds003745/dataset_description.json
participants.tsv,dataset-metadata,core,raw,1079,0921f72fdbbd08c351badee1fe9e7a0b,,https://openneuro.org/crn/datasets/ds003745/snapshots/2.1.1/files/participants.tsv,s3://openneuro.org/ds003745/participants.tsv
participants.json,dataset-metadata,core,raw,405,dae342e287f2946fdada1360169f6762,,https://openneuro.org/crn/datasets/ds003745/snapshots/2.1.1/files/participants.json,s3://openneuro.org/ds003745/participants.json
README,dataset-metadata,core,raw,2246,888313158b27b2807ec04e318f882c7c,,https://openneuro.org/crn/datasets/ds003745/snapshots/2.1.1/files/README,s3://openneuro.org/ds003745/README
CHANGES,dataset-metadata,core,raw,698,1aee44c9ad38f5c46058bb435a53e955,,https://openneuro.org/crn/datasets/ds003745/snapshots/2.1.1/files/CHANGES,s3://openneuro.org/ds003745/CHANGES
task-trust_bold.json,dataset-metadata,core,raw,1663,87a4f7e191656cd1974a6ba46962a9d0,,https://openneuro.org/crn/datasets/ds003745/snapshots/2.1.1/files/task-trust_bold.json,s3://openneuro.org/ds003745/task-trust_bold.json
task-sharedreward_bold.json,dataset-metadata,core,raw,1670,13d47e88e235bb97719615aeed7d14f1,,https://openneuro.org/crn/datasets/ds003745/snapshots/2.1.1/files/task-sharedreward_bold.json,s3://openneuro.org/ds003745/task-sharedreward_bold.json
derivatives/fmriprep/dataset_description.json,derivative-metadata,core,fmriprep,778,53f80b7268850ecced2e737f36490400,,https://openneuro.org/crn/datasets/ds003745/snapshots/2.1.1/files/derivatives:fmriprep:dataset_description.json,s3://openneuro.org/ds003745/derivatives/fmriprep/dataset_description.json
derivatives/fmriprep/sub-104/anat/sub-104_space-MNI152NLin2009cAsym_desc-preproc_T1w.nii.gz,anat-T1w-mni,core,fmriprep,8143299,5e00d774f5ad280ce93c5c5fbcf5da84,,https://openneuro.org/crn/datasets/ds003745/snapshots/2.1.1/files/derivatives:fmriprep:sub-104:anat:sub-104_space-MNI152NLin2009cAsym_desc-preproc_T1w.nii.gz,s3://openneuro.org/ds003745/derivatives/fmriprep/sub-104/anat/sub-104_space-MNI152NLin2009cAsym_desc-preproc_T1w.nii.gz
derivatives/fmriprep/sub-104/anat/sub-104_space-MNI152NLin2009cAsym_desc-brain_mask.nii.gz,anat-mask-mni,core,fmriprep,56940,b6b4be4428189a8f7bd4cce4d15e6c5f,,https://openneuro.org/crn/datasets/ds003745/snapshots/2.1.1/files/derivatives:fmriprep:sub-104:anat:sub-104_space-MNI152NLin2009cAsym_desc-brain_mask.nii.gz,s3://openneuro.org/ds003745/derivatives/fmriprep/sub-104/anat/sub-104_space-MNI152NLin2009cAsym_desc-brain_mask.nii.gz
derivatives/fmriprep/sub-104/anat/sub-104_space-MNI152NLin2009cAsym_label-GM_probseg.nii.gz,anat-gm-probseg,core,fmriprep,6425888,0d35ef59b9bfbdfe15b3b0c8e838c9c9,,https://openneuro.org/crn/datasets/ds003745/snapshots/2.1.1/files/derivatives:fmriprep:sub-104:anat:sub-104_space-MNI152NLin2009cAsym_label-GM_probseg.nii.gz,s3://openneuro.org/ds003745/derivatives/fmriprep/sub-104/anat/sub-104_space-MNI152NLin2009cAsym_label-GM_probseg.nii.gz
derivatives/fmriprep/sub-104/anat/sub-104_space-MNI152NLin2009cAsym_dseg.nii.gz,anat-dseg-mni,core,fmriprep,262274,5ce7f23ba80d9f0ad0b6f7633bba474d,,https://openneuro.org/crn/datasets/ds003745/snapshots/2.1.1/files/derivatives:fmriprep:sub-104:anat:sub-104_space-MNI152NLin2009cAsym_dseg.nii.gz,s3://openneuro.org/ds003745/derivatives/fmriprep/sub-104/anat/sub-104_space-MNI152NLin2009cAsym_dseg.nii.gz
derivatives/fmriprep/sub-104/func/sub-104_task-trust_run-1_space-MNI152NLin2009cAsym_desc-preproc_bold.nii.gz,bold-mni,core,fmriprep,83140440,20c841aef75e54dd42de487538365d32,,https://openneuro.org/crn/datasets/ds003745/snapshots/2.1.1/files/derivatives:fmriprep:sub-104:func:sub-104_task-trust_run-1_space-MNI152NLin2009cAsym_desc-preproc_bold.nii.gz,s3://openneuro.org/ds003745/derivatives/fmriprep/sub-104/func/sub-104_task-trust_run-1_space-MNI152NLin2009cAsym_desc-preproc_bold.nii.gz
derivatives/fmriprep/sub-104/func/sub-104_task-trust_run-1_space-MNI152NLin2009cAsym_desc-brain_mask.nii.gz,mask-mni,core,fmriprep,3668,6599a8b088ca615e1501a72ea05b4c4d,,https://openneuro.org/crn/datasets/ds003745/snapshots/2.1.1/files/derivatives:fmriprep:sub-104:func:sub-104_task-trust_run-1_space-MNI152NLin2009cAsym_desc-brain_mask.nii.gz,s3://openneuro.org/ds003745/derivatives/fmriprep/sub-104/func/sub-104_task-trust_run-1_space-MNI152NLin2009cAsym_desc-brain_mask.nii.gz
derivatives/fmriprep/sub-104/func/sub-104_task-trust_run-1_desc-confounds_timeseries.tsv,confounds,core,fmriprep,627458,55fb98e8859f85fa803ab45673b29a2c,,https://openneuro.org/crn/datasets/ds003745/snapshots/2.1.1/files/derivatives:fmriprep:sub-104:func:sub-104_task-trust_run-1_desc-confounds_timeseries.tsv,s3://openneuro.org/ds003745/derivatives/fmriprep/sub-104/func/sub-104_task-trust_run-1_desc-confounds_timeseries.tsv
sub-104/func/sub-104_task-trust_run-01_events.tsv,events,core,raw,4176,7632e42884fe09cc2b6c78cd3ce76a00,,https://openneuro.org/crn/datasets/ds003745/snapshots/2.1.1/files/sub-104:func:sub-104_task-trust_run-01_events.tsv,s3://openneuro.org/ds003745/sub-104/func/sub-104_task-trust_run-01_events.tsv
derivatives/fmriprep/sub-104/func/sub-104_task-trust_run-2_space-MNI152NLin2009cAsym_desc-preproc_bold.nii.gz,bold-mni,core,fmriprep,83018951,df3b5ee2d893000bfc9c22086ccd25c9,,https://openneuro.org/crn/datasets/ds003745/snapshots/2.1.1/files/derivatives:fmriprep:sub-104:func:sub-104_task-trust_run-2_space-MNI152NLin2009cAsym_desc-preproc_bold.nii.gz,s3://openneuro.org/ds003745/derivatives/fmriprep/sub-104/func/sub-104_task-trust_run-2_space-MNI152NLin2009cAsym_desc-preproc_bold.nii.gz
derivatives/fmriprep/sub-104/func/sub-104_task-trust_run-2_space-MNI152NLin2009cAsym_desc-brain_mask.nii.gz,mask-mni,core,fmriprep,3711,e06c17996554449eed478e9901026232,,https://openneuro.org/crn/datasets/ds003745/snapshots/2.1.1/files/derivatives:fmriprep:sub-104:func:sub-104_task-trust_run-2_space-MNI152NLin2009cAsym_desc-brain_mask.nii.gz,s3://openneuro.org/ds003745/derivatives/fmriprep/sub-104/func/sub-104_task-trust_run-2_space-MNI152NLin2009cAsym_desc-brain_mask.nii.gz
derivatives/fmriprep/sub-104/func/sub-104_task-trust_run-2_desc-confounds_timeseries.tsv,confounds,core,fmriprep,577896,03d60844bf9285d5f53621ddd3f6a9c6,,https://openneuro.org/crn/datasets/ds003745/snapshots/2.1.1/files/derivatives:fmriprep:sub-104:func:sub-104_task-trust_run-2_desc-confounds_timeseries.tsv,s3://openneuro.org/ds003745/derivatives/fmriprep/sub-104/func/sub-104_task-trust_run-2_desc-confounds_timeseries.tsv
sub-104/func/sub-104_task-trust_run-02_events.tsv,events,core,raw,4305,8b45585ab3d43aea8037bdaf4d8a242c,,https://openneuro.org/crn/datasets/ds003745/snapshots/2.1.1/files/sub-104:func:sub-104_task-trust_run-02_events.tsv,s3://openneuro.org/ds003745/sub-104/func/sub-104_task-trust_run-02_events.tsv
derivatives/fmriprep/sub-104/func/sub-104_task-trust_run-3_space-MNI152NLin2009cAsym_desc-preproc_bold.nii.gz,bold-mni,core,fmriprep,82825425,ff9babe5e130a5aaba6c3e84de21518f,,https://openneuro.org/crn/datasets/ds003745/snapshots/2.1.1/files/derivatives:fmriprep:sub-104:func:sub-104_task-trust_run-3_space-MNI152NLin2009cAsym_desc-preproc_bold.nii.gz,s3://openneuro.org/ds003745/derivatives/fmriprep/sub-104/func/sub-104_task-trust_run-3_space-MNI152NLin2009cAsym_desc-preproc_bold.nii.gz
derivatives/fmriprep/sub-104/func/sub-104_task-trust_run-3_space-MNI152NLin2009cAsym_desc-brain_mask.nii.gz,mask-mni,core,fmriprep,3660,7d6a8d8cf6084382f336280226cb5943,,https://openneuro.org/crn/datasets/ds003745/snapshots/2.1.1/files/derivatives:fmriprep:sub-104:func:sub-104_task-trust_run-3_space-MNI152NLin2009cAsym_desc-brain_mask.nii.gz,s3://openneuro.org/ds003745/derivatives/fmriprep/sub-104/func/sub-104_task-trust_run-3_space-MNI152NLin2009cAsym_desc-brain_mask.nii.gz
derivatives/fmriprep/sub-104/func/sub-104_task-trust_run-3_desc-confounds_timeseries.tsv,confounds,core,fmriprep,477994,3ee1aa33e39f0ee8e83eec4656155a03,,https://openneuro.org/crn/datasets/ds003745/snapshots/2.1.1/files/derivatives:fmriprep:sub-104:func:sub-104_task-trust_run-3_desc-confounds_timeseries.tsv,s3://openneuro.org/ds003745/derivatives/fmriprep/sub-104/func/sub-104_task-trust_run-3_desc-confounds_timeseries.tsv
sub-104/func/sub-104_task-trust_run-03_events.tsv,events,core,raw,4306,907a8e8abb0509fbfcb56ff28e2d28eb,,https://openneuro.org/crn/datasets/ds003745/snapshots/2.1.1/files/sub-104:func:sub-104_task-trust_run-03_events.tsv,s3://openneuro.org/ds003745/sub-104/func/sub-104_task-trust_run-03_events.tsv
derivatives/fmriprep/sub-104/func/sub-104_task-trust_run-4_space-MNI152NLin2009cAsym_desc-preproc_bold.nii.gz,bold-mni,core,fmriprep,82786895,a3402fa1e7c65a2342347cf2102fedd0,,https://openneuro.org/crn/datasets/ds003745/snapshots/2.1.1/files/derivatives:fmriprep:sub-104:func:sub-104_task-trust_run-4_space-MNI152NLin2009cAsym_desc-preproc_bold.nii.gz,s3://openneuro.org/ds003745/derivatives/fmriprep/sub-104/func/sub-104_task-trust_run-4_space-MNI152NLin2009cAsym_desc-preproc_bold.nii.gz
derivatives/fmriprep/sub-104/func/sub-104_task-trust_run-4_space-MNI152NLin2009cAsym_desc-brain_mask.nii.gz,mask-mni,core,fmriprep,3714,2c0637908050005f7fb145aaf3fb98ef,,https://openneuro.org/crn/datasets/ds003745/snapshots/2.1.1/files/derivatives:fmriprep:sub-104:func:sub-104_task-trust_run-4_space-MNI152NLin2009cAsym_desc-brain_mask.nii.gz,s3://openneuro.org/ds003745/derivatives/fmriprep/sub-104/func/sub-104_task-trust_run-4_space-MNI152NLin2009cAsym_desc-brain_mask.nii.gz
derivatives/fmriprep/sub-104/func/sub-104_task-trust_run-4_desc-confounds_timeseries.tsv,confounds,core,fmriprep,501674,3369a4558c96a58132fda562aa4a1616,,https://openneuro.org/crn/datasets/ds003745/snapshots/2.1.1/files/derivatives:fmriprep:sub-104:func:sub-104_task-trust_run-4_desc-confounds_timeseries.tsv,s3://openneuro.org/ds003745/derivatives/fmriprep/sub-104/func/sub-104_task-trust_run-4_desc-confounds_timeseries.tsv
sub-104/func/sub-104_task-trust_run-04_events.tsv,events,core,raw,4304,e92bba0772a3869d8c7eacf700cd63be,,https://openneuro.org/crn/datasets/ds003745/snapshots/2.1.1/files/sub-104:func:sub-104_task-trust_run-04_events.tsv,s3://openneuro.org/ds003745/sub-104/func/sub-104_task-trust_run-04_events.tsv
derivatives/fmriprep/sub-104/func/sub-104_task-trust_run-5_space-MNI152NLin2009cAsym_desc-preproc_bold.nii.gz,bold-mni,core,fmriprep,83132311,3fd65c9ca9e6df2b014dfcfc39d590bf,,https://openneuro.org/crn/datasets/ds003745/snapshots/2.1.1/files/derivatives:fmriprep:sub-104:func:sub-104_task-trust_run-5_space-MNI152NLin2009cAsym_desc-preproc_bold.nii.gz,s3://openneuro.org/ds003745/derivatives/fmriprep/sub-104/func/sub-104_task-trust_run-5_space-MNI152NLin2009cAsym_desc-preproc_bold.nii.gz
derivatives/fmriprep/sub-104/func/sub-104_task-trust_run-5_space-MNI152NLin2009cAsym_desc-brain_mask.nii.gz,mask-mni,core,fmriprep,3689,e03e8abf9d28c423087259644bf7c9f2,,https://openneuro.org/crn/datasets/ds003745/snapshots/2.1.1/files/derivatives:fmriprep:sub-104:func:sub-104_task-trust_run-5_space-MNI152NLin2009cAsym_desc-brain_mask.nii.gz,s3://openneuro.org/ds003745/derivatives/fmriprep/sub-104/func/sub-104_task-trust_run-5_space-MNI152NLin2009cAsym_desc-brain_mask.nii.gz
derivatives/fmriprep/sub-104/func/sub-104_task-trust_run-5_desc-confounds_timeseries.tsv,confounds,core,fmriprep,557819,64d674c21a32b61eced676cf9abfb78c,,https://openneuro.org/crn/datasets/ds003745/snapshots/2.1.1/files/derivatives:fmriprep:sub-104:func:sub-104_task-trust_run-5_desc-confounds_timeseries.tsv,s3://openneuro.org/ds003745/derivatives/fmriprep/sub-104/func/sub-104_task-trust_run-5_desc-confounds_timeseries.tsv
sub-104/func/sub-104_task-trust_run-05_events.tsv,events,core,raw,4306,3ba2257ed8668b8d276fc6e226f890e6,,https://openneuro.org/crn/datasets/ds003745/snapshots/2.1.1/files/sub-104:func:sub-104_task-trust_run-05_events.tsv,s3://openneuro.org/ds003745/sub-104/func/sub-104_task-trust_run-05_events.tsv
derivatives/fmriprep/sub-104/func/sub-104_task-sharedreward_run-1_space-MNI152NLin2009cAsym_desc-preproc_bold.nii.gz,bold-mni,transport,fmriprep,77482897,b15e3d05a00e74ad3317c093ae08a7ec,,https://openneuro.org/crn/datasets/ds003745/snapshots/2.1.1/files/derivatives:fmriprep:sub-104:func:sub-104_task-sharedreward_run-1_space-MNI152NLin2009cAsym_desc-preproc_bold.nii.gz,s3://openneuro.org/ds003745/derivatives/fmriprep/sub-104/func/sub-104_task-sharedreward_run-1_space-MNI152NLin2009cAsym_desc-preproc_bold.nii.gz
derivatives/fmriprep/sub-104/func/sub-104_task-sharedreward_run-1_space-MNI152NLin2009cAsym_desc-brain_mask.nii.gz,mask-mni,transport,fmriprep,3600,39828444943214a81f8585accb3f4495,,https://openneuro.org/crn/datasets/ds003745/snapshots/2.1.1/files/derivatives:fmriprep:sub-104:func:sub-104_task-sharedreward_run-1_space-MNI152NLin2009cAsym_desc-brain_mask.nii.gz,s3://openneuro.org/ds003745/derivatives/fmriprep/sub-104/func/sub-104_task-sharedreward_run-1_space-MNI152NLin2009cAsym_desc-brain_mask.nii.gz
derivatives/fmriprep/sub-104/func/sub-104_task-sharedreward_run-1_desc-confounds_timeseries.tsv,confounds,transport,fmriprep,475187,210bfcd4248ebd9f1633dc5c7fbebf9a,,https://openneuro.org/crn/datasets/ds003745/snapshots/2.1.1/files/derivatives:fmriprep:sub-104:func:sub-104_task-sharedreward_run-1_desc-confounds_timeseries.tsv,s3://openneuro.org/ds003745/derivatives/fmriprep/sub-104/func/sub-104_task-sharedreward_run-1_desc-confounds_timeseries.tsv
sub-104/func/sub-104_task-sharedreward_run-01_events.tsv,events,transport,raw,4049,17f02680eee89fa5e6b439bff76d9d38,,https://openneuro.org/crn/datasets/ds003745/snapshots/2.1.1/files/sub-104:func:sub-104_task-sharedreward_run-01_events.tsv,s3://openneuro.org/ds003745/sub-104/func/sub-104_task-sharedreward_run-01_events.tsv
derivatives/fmriprep/sub-104/func/sub-104_task-sharedreward_run-2_space-MNI152NLin2009cAsym_desc-preproc_bold.nii.gz,bold-mni,transport,fmriprep,77280691,c8fdca5750d17b93e31a7f44e670df0f,,https://openneuro.org/crn/datasets/ds003745/snapshots/2.1.1/files/derivatives:fmriprep:sub-104:func:sub-104_task-sharedreward_run-2_space-MNI152NLin2009cAsym_desc-preproc_bold.nii.gz,s3://openneuro.org/ds003745/derivatives/fmriprep/sub-104/func/sub-104_task-sharedreward_run-2_space-MNI152NLin2009cAsym_desc-preproc_bold.nii.gz
derivatives/fmriprep/sub-104/func/sub-104_task-sharedreward_run-2_space-MNI152NLin2009cAsym_desc-brain_mask.nii.gz,mask-mni,transport,fmriprep,3690,001cf6b71789c5d1032479c074530bc8,,https://openneuro.org/crn/datasets/ds003745/snapshots/2.1.1/files/derivatives:fmriprep:sub-104:func:sub-104_task-sharedreward_run-2_space-MNI152NLin2009cAsym_desc-brain_mask.nii.gz,s3://openneuro.org/ds003745/derivatives/fmriprep/sub-104/func/sub-104_task-sharedreward_run-2_space-MNI152NLin2009cAsym_desc-brain_mask.nii.gz
derivatives/fmriprep/sub-104/func/sub-104_task-sharedreward_run-2_desc-confounds_timeseries.tsv,confounds,transport,fmriprep,534946,4be516b5d67ea140658ad627f25aef1e,,https://openneuro.org/crn/datasets/ds003745/snapshots/2.1.1/files/derivatives:fmriprep:sub-104:func:sub-104_task-sharedreward_run-2_desc-confounds_timeseries.tsv,s3://openneuro.org/ds003745/derivatives/fmriprep/sub-104/func/sub-104_task-sharedreward_run-2_desc-confounds_timeseries.tsv
sub-104/func/sub-104_task-sharedreward_run-02_events.tsv,events,transport,raw,4083,5a396488fe61f99b56566eee4eb633bc,,https://openneuro.org/crn/datasets/ds003745/snapshots/2.1.1/files/sub-104:func:sub-104_task-sharedreward_run-02_events.tsv,s3://openneuro.org/ds003745/sub-104/func/sub-104_task-sharedreward_run-02_events.tsv
derivatives/fmriprep/sub-105/anat/sub-105_space-MNI152NLin2009cAsym_desc-preproc_T1w.nii.gz,anat-T1w-mni,core,fmriprep,8104009,20f9fc9e19df8ddef7213ef730006fad,,https://openneuro.org/crn/datasets/ds003745/snapshots/2.1.1/files/derivatives:fmriprep:sub-105:anat:sub-105_space-MNI152NLin2009cAsym_desc-preproc_T1w.nii.gz,s3://openneuro.org/ds003745/derivatives/fmriprep/sub-105/anat/sub-105_space-MNI152NLin2009cAsym_desc-preproc_T1w.nii.gz
derivatives/fmriprep/sub-105/anat/sub-105_space-MNI152NLin2009cAsym_desc-brain_mask.nii.gz,anat-mask-mni,core,fmriprep,56726,81aacea1517e51620e1e240c049747a6,,https://openneuro.org/crn/datasets/ds003745/snapshots/2.1.1/files/derivatives:fmriprep:sub-105:anat:sub-105_space-MNI152NLin2009cAsym_desc-brain_mask.nii.gz,s3://openneuro.org/ds003745/derivatives/fmriprep/sub-105/anat/sub-105_space-MNI152NLin2009cAsym_desc-brain_mask.nii.gz
derivatives/fmriprep/sub-105/anat/sub-105_space-MNI152NLin2009cAsym_label-GM_probseg.nii.gz,anat-gm-probseg,core,fmriprep,6441245,67b13920818aba45b99d4bf38268597b,,https://openneuro.org/crn/datasets/ds003745/snapshots/2.1.1/files/derivatives:fmriprep:sub-105:anat:sub-105_space-MNI152NLin2009cAsym_label-GM_probseg.nii.gz,s3://openneuro.org/ds003745/derivatives/fmriprep/sub-105/anat/sub-105_space-MNI152NLin2009cAsym_label-GM_probseg.nii.gz
derivatives/fmriprep/sub-105/anat/sub-105_space-MNI152NLin2009cAsym_dseg.nii.gz,anat-dseg-mni,core,fmriprep,272316,299d642e920dc4dcc30e02f9826ecbae,,https://openneuro.org/crn/datasets/ds003745/snapshots/2.1.1/files/derivatives:fmriprep:sub-105:anat:sub-105_space-MNI152NLin2009cAsym_dseg.nii.gz,s3://openneuro.org/ds003745/derivatives/fmriprep/sub-105/anat/sub-105_space-MNI152NLin2009cAsym_dseg.nii.gz
derivatives/fmriprep/sub-105/func/sub-105_task-trust_run-1_space-MNI152NLin2009cAsym_desc-preproc_bold.nii.gz,bold-mni,core,fmriprep,81794114,65f85a7a140cf8c1660d4aa90198ba27,,https://openneuro.org/crn/datasets/ds003745/snapshots/2.1.1/files/derivatives:fmriprep:sub-105:func:sub-105_task-trust_run-1_space-MNI152NLin2009cAsym_desc-preproc_bold.nii.gz,s3://openneuro.org/ds003745/derivatives/fmriprep/sub-105/func/sub-105_task-trust_run-1_space-MNI152NLin2009cAsym_desc-preproc_bold.nii.gz
derivatives/fmriprep/sub-105/func/sub-105_task-trust_run-1_space-MNI152NLin2009cAsym_desc-brain_mask.nii.gz,mask-mni,core,fmriprep,3792,4f7ee3767010320a5685f2b8c25a9659,,https://openneuro.org/crn/datasets/ds003745/snapshots/2.1.1/files/derivatives:fmriprep:sub-105:func:sub-105_task-trust_run-1_space-MNI152NLin2009cAsym_desc-brain_mask.nii.gz,s3://openneuro.org/ds003745/derivatives/fmriprep/sub-105/func/sub-105_task-trust_run-1_space-MNI152NLin2009cAsym_desc-brain_mask.nii.gz
derivatives/fmriprep/sub-105/func/sub-105_task-trust_run-1_desc-confounds_timeseries.tsv,confounds,core,fmriprep,667691,f800d0a3d7bc8df8158d06590f40da34,,https://openneuro.org/crn/datasets/ds003745/snapshots/2.1.1/files/derivatives:fmriprep:sub-105:func:sub-105_task-trust_run-1_desc-confounds_timeseries.tsv,s3://openneuro.org/ds003745/derivatives/fmriprep/sub-105/func/sub-105_task-trust_run-1_desc-confounds_timeseries.tsv
sub-105/func/sub-105_task-trust_run-01_events.tsv,events,core,raw,3835,12495974056011bdea203085f1275a8e,,https://openneuro.org/crn/datasets/ds003745/snapshots/2.1.1/files/sub-105:func:sub-105_task-trust_run-01_events.tsv,s3://openneuro.org/ds003745/sub-105/func/sub-105_task-trust_run-01_events.tsv
derivatives/fmriprep/sub-105/func/sub-105_task-trust_run-2_space-MNI152NLin2009cAsym_desc-preproc_bold.nii.gz,bold-mni,core,fmriprep,82237994,3e9b5b0c7705f30dabeeb5f0812d083c,,https://openneuro.org/crn/datasets/ds003745/snapshots/2.1.1/files/derivatives:fmriprep:sub-105:func:sub-105_task-trust_run-2_space-MNI152NLin2009cAsym_desc-preproc_bold.nii.gz,s3://openneuro.org/ds003745/derivatives/fmriprep/sub-105/func/sub-105_task-trust_run-2_space-MNI152NLin2009cAsym_desc-preproc_bold.nii.gz
derivatives/fmriprep/sub-105/func/sub-105_task-trust_run-2_space-MNI152NLin2009cAsym_desc-brain_mask.nii.gz,mask-mni,core,fmriprep,3813,1ed5f550405ee044d93adfcc9a71d160,,https://openneuro.org/crn/datasets/ds003745/snapshots/2.1.1/files/derivatives:fmriprep:sub-105:func:sub-105_task-trust_run-2_space-MNI152NLin2009cAsym_desc-brain_mask.nii.gz,s3://openneuro.org/ds003745/derivatives/fmriprep/sub-105/func/sub-105_task-trust_run-2_space-MNI152NLin2009cAsym_desc-brain_mask.nii.gz
derivatives/fmriprep/sub-105/func/sub-105_task-trust_run-2_desc-confounds_timeseries.tsv,confounds,core,fmriprep,700001,43c6090e7402e48751ae714fc9b2dbda,,https://openneuro.org/crn/datasets/ds003745/snapshots/2.1.1/files/derivatives:fmriprep:sub-105:func:sub-105_task-trust_run-2_desc-confounds_timeseries.tsv,s3://openneuro.org/ds003745/derivatives/fmriprep/sub-105/func/sub-105_task-trust_run-2_desc-confounds_timeseries.tsv
sub-105/func/sub-105_task-trust_run-02_events.tsv,events,core,raw,3649,f22eddfc2248cf997beefbc60ad3f86a,,https://openneuro.org/crn/datasets/ds003745/snapshots/2.1.1/files/sub-105:func:sub-105_task-trust_run-02_events.tsv,s3://openneuro.org/ds003745/sub-105/func/sub-105_task-trust_run-02_events.tsv
derivatives/fmriprep/sub-105/func/sub-105_task-trust_run-3_space-MNI152NLin2009cAsym_desc-preproc_bold.nii.gz,bold-mni,core,fmriprep,82398934,eadc054fccf42e23b3c65a15a1b4901a,,https://openneuro.org/crn/datasets/ds003745/snapshots/2.1.1/files/derivatives:fmriprep:sub-105:func:sub-105_task-trust_run-3_space-MNI152NLin2009cAsym_desc-preproc_bold.nii.gz,s3://openneuro.org/ds003745/derivatives/fmriprep/sub-105/func/sub-105_task-trust_run-3_space-MNI152NLin2009cAsym_desc-preproc_bold.nii.gz
derivatives/fmriprep/sub-105/func/sub-105_task-trust_run-3_space-MNI152NLin2009cAsym_desc-brain_mask.nii.gz,mask-mni,core,fmriprep,3787,e589c6056e967997098a16566a160140,,https://openneuro.org/crn/datasets/ds003745/snapshots/2.1.1/files/derivatives:fmriprep:sub-105:func:sub-105_task-trust_run-3_space-MNI152NLin2009cAsym_desc-brain_mask.nii.gz,s3://openneuro.org/ds003745/derivatives/fmriprep/sub-105/func/sub-105_task-trust_run-3_space-MNI152NLin2009cAsym_desc-brain_mask.nii.gz
derivatives/fmriprep/sub-105/func/sub-105_task-trust_run-3_desc-confounds_timeseries.tsv,confounds,core,fmriprep,675870,4f7dc7311ea28ef5ca7a295bf514f026,,https://openneuro.org/crn/datasets/ds003745/snapshots/2.1.1/files/derivatives:fmriprep:sub-105:func:sub-105_task-trust_run-3_desc-confounds_timeseries.tsv,s3://openneuro.org/ds003745/derivatives/fmriprep/sub-105/func/sub-105_task-trust_run-3_desc-confounds_timeseries.tsv
sub-105/func/sub-105_task-trust_run-03_events.tsv,events,core,raw,3410,b95c31b1d2494c7cf9084c09c9ad524c,,https://openneuro.org/crn/datasets/ds003745/snapshots/2.1.1/files/sub-105:func:sub-105_task-trust_run-03_events.tsv,s3://openneuro.org/ds003745/sub-105/func/sub-105_task-trust_run-03_events.tsv
derivatives/fmriprep/sub-105/func/sub-105_task-trust_run-4_space-MNI152NLin2009cAsym_desc-preproc_bold.nii.gz,bold-mni,core,fmriprep,82186244,e284ca9bbfdb6e04c7341ab50073325b,,https://openneuro.org/crn/datasets/ds003745/snapshots/2.1.1/files/derivatives:fmriprep:sub-105:func:sub-105_task-trust_run-4_space-MNI152NLin2009cAsym_desc-preproc_bold.nii.gz,s3://openneuro.org/ds003745/derivatives/fmriprep/sub-105/func/sub-105_task-trust_run-4_space-MNI152NLin2009cAsym_desc-preproc_bold.nii.gz
derivatives/fmriprep/sub-105/func/sub-105_task-trust_run-4_space-MNI152NLin2009cAsym_desc-brain_mask.nii.gz,mask-mni,core,fmriprep,3857,ecf643ae6122d491acf593e630e1686f,,https://openneuro.org/crn/datasets/ds003745/snapshots/2.1.1/files/derivatives:fmriprep:sub-105:func:sub-105_task-trust_run-4_space-MNI152NLin2009cAsym_desc-brain_mask.nii.gz,s3://openneuro.org/ds003745/derivatives/fmriprep/sub-105/func/sub-105_task-trust_run-4_space-MNI152NLin2009cAsym_desc-brain_mask.nii.gz
derivatives/fmriprep/sub-105/func/sub-105_task-trust_run-4_desc-confounds_timeseries.tsv,confounds,core,fmriprep,707343,9c3e029e7a2b1139217523e7b08ce83a,,https://openneuro.org/crn/datasets/ds003745/snapshots/2.1.1/files/derivatives:fmriprep:sub-105:func:sub-105_task-trust_run-4_desc-confounds_timeseries.tsv,s3://openneuro.org/ds003745/derivatives/fmriprep/sub-105/func/sub-105_task-trust_run-4_desc-confounds_timeseries.tsv
sub-105/func/sub-105_task-trust_run-04_events.tsv,events,core,raw,3659,e0d546150faba9f657ca96a153ad6264,,https://openneuro.org/crn/datasets/ds003745/snapshots/2.1.1/files/sub-105:func:sub-105_task-trust_run-04_events.tsv,s3://openneuro.org/ds003745/sub-105/func/sub-105_task-trust_run-04_events.tsv
derivatives/fmriprep/sub-105/func/sub-105_task-trust_run-5_space-MNI152NLin2009cAsym_desc-preproc_bold.nii.gz,bold-mni,core,fmriprep,82190186,4b50e574ba4f52f1fa0870f8f8657278,,https://openneuro.org/crn/datasets/ds003745/snapshots/2.1.1/files/derivatives:fmriprep:sub-105:func:sub-105_task-trust_run-5_space-MNI152NLin2009cAsym_desc-preproc_bold.nii.gz,s3://openneuro.org/ds003745/derivatives/fmriprep/sub-105/func/sub-105_task-trust_run-5_space-MNI152NLin2009cAsym_desc-preproc_bold.nii.gz
derivatives/fmriprep/sub-105/func/sub-105_task-trust_run-5_space-MNI152NLin2009cAsym_desc-brain_mask.nii.gz,mask-mni,core,fmriprep,3792,9ddd20f3e27c491ac442d8cd9939c30f,,https://openneuro.org/crn/datasets/ds003745/snapshots/2.1.1/files/derivatives:fmriprep:sub-105:func:sub-105_task-trust_run-5_space-MNI152NLin2009cAsym_desc-brain_mask.nii.gz,s3://openneuro.org/ds003745/derivatives/fmriprep/sub-105/func/sub-105_task-trust_run-5_space-MNI152NLin2009cAsym_desc-brain_mask.nii.gz
derivatives/fmriprep/sub-105/func/sub-105_task-trust_run-5_desc-confounds_timeseries.tsv,confounds,core,fmriprep,655902,0bb6bab1038cf97bf7b83d257bcb238e,,https://openneuro.org/crn/datasets/ds003745/snapshots/2.1.1/files/derivatives:fmriprep:sub-105:func:sub-105_task-trust_run-5_desc-confounds_timeseries.tsv,s3://openneuro.org/ds003745/derivatives/fmriprep/sub-105/func/sub-105_task-trust_run-5_desc-confounds_timeseries.tsv
sub-105/func/sub-105_task-trust_run-05_events.tsv,events,core,raw,3541,ef6699bd6b7d8eb01c726fe412343231,,https://openneuro.org/crn/datasets/ds003745/snapshots/2.1.1/files/sub-105:func:sub-105_task-trust_run-05_events.tsv,s3://openneuro.org/ds003745/sub-105/func/sub-105_task-trust_run-05_events.tsv
derivatives/fmriprep/sub-105/func/sub-105_task-sharedreward_run-1_space-MNI152NLin2009cAsym_desc-preproc_bold.nii.gz,bold-mni,transport,fmriprep,76617083,b2b7bf9cb8a292a595043c47ad5ec23c,,https://openneuro.org/crn/datasets/ds003745/snapshots/2.1.1/files/derivatives:fmriprep:sub-105:func:sub-105_task-sharedreward_run-1_space-MNI152NLin2009cAsym_desc-preproc_bold.nii.gz,s3://openneuro.org/ds003745/derivatives/fmriprep/sub-105/func/sub-105_task-sharedreward_run-1_space-MNI152NLin2009cAsym_desc-preproc_bold.nii.gz
derivatives/fmriprep/sub-105/func/sub-105_task-sharedreward_run-1_space-MNI152NLin2009cAsym_desc-brain_mask.nii.gz,mask-mni,transport,fmriprep,3744,d9aae54dfd9955376c36c74df9f59275,,https://openneuro.org/crn/datasets/ds003745/snapshots/2.1.1/files/derivatives:fmriprep:sub-105:func:sub-105_task-sharedreward_run-1_space-MNI152NLin2009cAsym_desc-brain_mask.nii.gz,s3://openneuro.org/ds003745/derivatives/fmriprep/sub-105/func/sub-105_task-sharedreward_run-1_space-MNI152NLin2009cAsym_desc-brain_mask.nii.gz
derivatives/fmriprep/sub-105/func/sub-105_task-sharedreward_run-1_desc-confounds_timeseries.tsv,confounds,transport,fmriprep,614102,afb29298bfc022853a76b1c35452e1a7,,https://openneuro.org/crn/datasets/ds003745/snapshots/2.1.1/files/derivatives:fmriprep:sub-105:func:sub-105_task-sharedreward_run-1_desc-confounds_timeseries.tsv,s3://openneuro.org/ds003745/derivatives/fmriprep/sub-105/func/sub-105_task-sharedreward_run-1_desc-confounds_timeseries.tsv
sub-105/func/sub-105_task-sharedreward_run-01_events.tsv,events,transport,raw,4083,7a7f6e2091da2c968d0795c710e33a61,,https://openneuro.org/crn/datasets/ds003745/snapshots/2.1.1/files/sub-105:func:sub-105_task-sharedreward_run-01_events.tsv,s3://openneuro.org/ds003745/sub-105/func/sub-105_task-sharedreward_run-01_events.tsv
derivatives/fmriprep/sub-105/func/sub-105_task-sharedreward_run-2_space-MNI152NLin2009cAsym_desc-preproc_bold.nii.gz,bold-mni,transport,fmriprep,76755043,f4d2bbd4b3533a8152728b776fce802d,,https://openneuro.org/crn/datasets/ds003745/snapshots/2.1.1/files/derivatives:fmriprep:sub-105:func:sub-105_task-sharedreward_run-2_space-MNI152NLin2009cAsym_desc-preproc_bold.nii.gz,s3://openneuro.org/ds003745/derivatives/fmriprep/sub-105/func/sub-105_task-sharedreward_run-2_space-MNI152NLin2009cAsym_desc-preproc_bold.nii.gz
derivatives/fmriprep/sub-105/func/sub-105_task-sharedreward_run-2_space-MNI152NLin2009cAsym_desc-brain_mask.nii.gz,mask-mni,transport,fmriprep,3832,a2d8532e5ccf06f83b88cc308bd6c2b6,,https://openneuro.org/crn/datasets/ds003745/snapshots/2.1.1/files/derivatives:fmriprep:sub-105:func:sub-105_task-sharedreward_run-2_space-MNI152NLin2009cAsym_desc-brain_mask.nii.gz,s3://openneuro.org/ds003745/derivatives/fmriprep/sub-105/func/sub-105_task-sharedreward_run-2_space-MNI152NLin2009cAsym_desc-brain_mask.nii.gz
derivatives/fmriprep/sub-105/func/sub-105_task-sharedreward_run-2_desc-confounds_timeseries.tsv,confounds,transport,fmriprep,564123,800d29766217bb4a71c3309ac342aada,,https://openneuro.org/crn/datasets/ds003745/snapshots/2.1.1/files/derivatives:fmriprep:sub-105:func:sub-105_task-sharedreward_run-2_desc-confounds_timeseries.tsv,s3://openneuro.org/ds003745/derivatives/fmriprep/sub-105/func/sub-105_task-sharedreward_run-2_desc-confounds_timeseries.tsv
sub-105/func/sub-105_task-sharedreward_run-02_events.tsv,events,transport,raw,4049,91aebf31e50a8abdab66b1e71db584a6,,https://openneuro.org/crn/datasets/ds003745/snapshots/2.1.1/files/sub-105:func:sub-105_task-sharedreward_run-02_events.tsv,s3://openneuro.org/ds003745/sub-105/func/sub-105_task-sharedreward_run-02_events.tsv
derivatives/fmriprep/sub-107/anat/sub-107_space-MNI152NLin2009cAsym_desc-preproc_T1w.nii.gz,anat-T1w-mni,core,fmriprep,8130436,2858c69b89f61bc931072a536d33d2fa,,https://openneuro.org/crn/datasets/ds003745/snapshots/2.1.1/files/derivatives:fmriprep:sub-107:anat:sub-107_space-MNI152NLin2009cAsym_desc-preproc_T1w.nii.gz,s3://openneuro.org/ds003745/derivatives/fmriprep/sub-107/anat/sub-107_space-MNI152NLin2009cAsym_desc-preproc_T1w.nii.gz
derivatives/fmriprep/sub-107/anat/sub-107_space-MNI152NLin2009cAsym_desc-brain_mask.nii.gz,anat-mask-mni,core,fmriprep,57152,971536f7c6ad848497e6ebd658a8251c,,https://openneuro.org/crn/datasets/ds003745/snapshots/2.1.1/files/derivatives:fmriprep:sub-107:anat:sub-107_space-MNI152NLin2009cAsym_desc-brain_mask.nii.gz,s3://openneuro.org/ds003745/derivatives/fmriprep/sub-107/anat/sub-107_space-MNI152NLin2009cAsym_desc-brain_mask.nii.gz
derivatives/fmriprep/sub-107/anat/sub-107_space-MNI152NLin2009cAsym_label-GM_probseg.nii.gz,anat-gm-probseg,core,fmriprep,6372661,d00ecac1e8956ef471809810e7ba859d,,https://openneuro.org/crn/datasets/ds003745/snapshots/2.1.1/files/derivatives:fmriprep:sub-107:anat:sub-107_space-MNI152NLin2009cAsym_label-GM_probseg.nii.gz,s3://openneuro.org/ds003745/derivatives/fmriprep/sub-107/anat/sub-107_space-MNI152NLin2009cAsym_label-GM_probseg.nii.gz
derivatives/fmriprep/sub-107/anat/sub-107_space-MNI152NLin2009cAsym_dseg.nii.gz,anat-dseg-mni,core,fmriprep,271964,95ed2f93c1a60921215a9c7570e12839,,https://openneuro.org/crn/datasets/ds003745/snapshots/2.1.1/files/derivatives:fmriprep:sub-107:anat:sub-107_space-MNI152NLin2009cAsym_dseg.nii.gz,s3://openneuro.org/ds003745/derivatives/fmriprep/sub-107/anat/sub-107_space-MNI152NLin2009cAsym_dseg.nii.gz
derivatives/fmriprep/sub-107/func/sub-107_task-trust_run-1_space-MNI152NLin2009cAsym_desc-preproc_bold.nii.gz,bold-mni,core,fmriprep,82664998,964abdfcd1d57de469e62dd1828b33cb,,https://openneuro.org/crn/datasets/ds003745/snapshots/2.1.1/files/derivatives:fmriprep:sub-107:func:sub-107_task-trust_run-1_space-MNI152NLin2009cAsym_desc-preproc_bold.nii.gz,s3://openneuro.org/ds003745/derivatives/fmriprep/sub-107/func/sub-107_task-trust_run-1_space-MNI152NLin2009cAsym_desc-preproc_bold.nii.gz
derivatives/fmriprep/sub-107/func/sub-107_task-trust_run-1_space-MNI152NLin2009cAsym_desc-brain_mask.nii.gz,mask-mni,core,fmriprep,3855,c497436ac310d65f88c8225c0eea6a00,,https://openneuro.org/crn/datasets/ds003745/snapshots/2.1.1/files/derivatives:fmriprep:sub-107:func:sub-107_task-trust_run-1_space-MNI152NLin2009cAsym_desc-brain_mask.nii.gz,s3://openneuro.org/ds003745/derivatives/fmriprep/sub-107/func/sub-107_task-trust_run-1_space-MNI152NLin2009cAsym_desc-brain_mask.nii.gz
derivatives/fmriprep/sub-107/func/sub-107_task-trust_run-1_desc-confounds_timeseries.tsv,confounds,core,fmriprep,684635,06007b324ee9a0bf6b1912d021dcba27,,https://openneuro.org/crn/datasets/ds003745/snapshots/2.1.1/files/derivatives:fmriprep:sub-107:func:sub-107_task-trust_run-1_desc-confounds_timeseries.tsv,s3://openneuro.org/ds003745/derivatives/fmriprep/sub-107/func/sub-107_task-trust_run-1_desc-confounds_timeseries.tsv
sub-107/func/sub-107_task-trust_run-01_events.tsv,events,core,raw,3774,08a470fb3d7d2b7159c238b1c4869b05,,https://openneuro.org/crn/datasets/ds003745/snapshots/2.1.1/files/sub-107:func:sub-107_task-trust_run-01_events.tsv,s3://openneuro.org/ds003745/sub-107/func/sub-107_task-trust_run-01_events.tsv
derivatives/fmriprep/sub-107/func/sub-107_task-trust_run-2_space-MNI152NLin2009cAsym_desc-preproc_bold.nii.gz,bold-mni,core,fmriprep,82905867,91128d0458ebcf87b92aa27187e5d38b,,https://openneuro.org/crn/datasets/ds003745/snapshots/2.1.1/files/derivatives:fmriprep:sub-107:func:sub-107_task-trust_run-2_space-MNI152NLin2009cAsym_desc-preproc_bold.nii.gz,s3://openneuro.org/ds003745/derivatives/fmriprep/sub-107/func/sub-107_task-trust_run-2_space-MNI152NLin2009cAsym_desc-preproc_bold.nii.gz
derivatives/fmriprep/sub-107/func/sub-107_task-trust_run-2_space-MNI152NLin2009cAsym_desc-brain_mask.nii.gz,mask-mni,core,fmriprep,3875,6ff6a73983f0b553daa4893701741edf,,https://openneuro.org/crn/datasets/ds003745/snapshots/2.1.1/files/derivatives:fmriprep:sub-107:func:sub-107_task-trust_run-2_space-MNI152NLin2009cAsym_desc-brain_mask.nii.gz,s3://openneuro.org/ds003745/derivatives/fmriprep/sub-107/func/sub-107_task-trust_run-2_space-MNI152NLin2009cAsym_desc-brain_mask.nii.gz
derivatives/fmriprep/sub-107/func/sub-107_task-trust_run-2_desc-confounds_timeseries.tsv,confounds,core,fmriprep,693898,e50d5ac229e2823cb794f39256637f0a,,https://openneuro.org/crn/datasets/ds003745/snapshots/2.1.1/files/derivatives:fmriprep:sub-107:func:sub-107_task-trust_run-2_desc-confounds_timeseries.tsv,s3://openneuro.org/ds003745/derivatives/fmriprep/sub-107/func/sub-107_task-trust_run-2_desc-confounds_timeseries.tsv
sub-107/func/sub-107_task-trust_run-02_events.tsv,events,core,raw,3971,676222d0b10ce905a2aacc6a28e65cc4,,https://openneuro.org/crn/datasets/ds003745/snapshots/2.1.1/files/sub-107:func:sub-107_task-trust_run-02_events.tsv,s3://openneuro.org/ds003745/sub-107/func/sub-107_task-trust_run-02_events.tsv
derivatives/fmriprep/sub-107/func/sub-107_task-trust_run-3_space-MNI152NLin2009cAsym_desc-preproc_bold.nii.gz,bold-mni,core,fmriprep,83046261,b57ec45010b9babb5b1afd3c752932f5,,https://openneuro.org/crn/datasets/ds003745/snapshots/2.1.1/files/derivatives:fmriprep:sub-107:func:sub-107_task-trust_run-3_space-MNI152NLin2009cAsym_desc-preproc_bold.nii.gz,s3://openneuro.org/ds003745/derivatives/fmriprep/sub-107/func/sub-107_task-trust_run-3_space-MNI152NLin2009cAsym_desc-preproc_bold.nii.gz
derivatives/fmriprep/sub-107/func/sub-107_task-trust_run-3_space-MNI152NLin2009cAsym_desc-brain_mask.nii.gz,mask-mni,core,fmriprep,3850,b2d300339a3f336b86afa12046f2c1d0,,https://openneuro.org/crn/datasets/ds003745/snapshots/2.1.1/files/derivatives:fmriprep:sub-107:func:sub-107_task-trust_run-3_space-MNI152NLin2009cAsym_desc-brain_mask.nii.gz,s3://openneuro.org/ds003745/derivatives/fmriprep/sub-107/func/sub-107_task-trust_run-3_space-MNI152NLin2009cAsym_desc-brain_mask.nii.gz
derivatives/fmriprep/sub-107/func/sub-107_task-trust_run-3_desc-confounds_timeseries.tsv,confounds,core,fmriprep,732725,e36faa75f036017c1bfe8f86a5e71409,,https://openneuro.org/crn/datasets/ds003745/snapshots/2.1.1/files/derivatives:fmriprep:sub-107:func:sub-107_task-trust_run-3_desc-confounds_timeseries.tsv,s3://openneuro.org/ds003745/derivatives/fmriprep/sub-107/func/sub-107_task-trust_run-3_desc-confounds_timeseries.tsv
sub-107/func/sub-107_task-trust_run-03_events.tsv,events,core,raw,4036,d745c091748d24a8deec608c61bba54c,,https://openneuro.org/crn/datasets/ds003745/snapshots/2.1.1/files/sub-107:func:sub-107_task-trust_run-03_events.tsv,s3://openneuro.org/ds003745/sub-107/func/sub-107_task-trust_run-03_events.tsv
derivatives/fmriprep/sub-107/func/sub-107_task-trust_run-4_space-MNI152NLin2009cAsym_desc-preproc_bold.nii.gz,bold-mni,core,fmriprep,83080322,0fd803e81fda92ffd2fa925d1fcef46c,,https://openneuro.org/crn/datasets/ds003745/snapshots/2.1.1/files/derivatives:fmriprep:sub-107:func:sub-107_task-trust_run-4_space-MNI152NLin2009cAsym_desc-preproc_bold.nii.gz,s3://openneuro.org/ds003745/derivatives/fmriprep/sub-107/func/sub-107_task-trust_run-4_space-MNI152NLin2009cAsym_desc-preproc_bold.nii.gz
derivatives/fmriprep/sub-107/func/sub-107_task-trust_run-4_space-MNI152NLin2009cAsym_desc-brain_mask.nii.gz,mask-mni,core,fmriprep,3821,c973e8fa35e88a30e04d9c81731fcecb,,https://openneuro.org/crn/datasets/ds003745/snapshots/2.1.1/files/derivatives:fmriprep:sub-107:func:sub-107_task-trust_run-4_space-MNI152NLin2009cAsym_desc-brain_mask.nii.gz,s3://openneuro.org/ds003745/derivatives/fmriprep/sub-107/func/sub-107_task-trust_run-4_space-MNI152NLin2009cAsym_desc-brain_mask.nii.gz
derivatives/fmriprep/sub-107/func/sub-107_task-trust_run-4_desc-confounds_timeseries.tsv,confounds,core,fmriprep,672437,9db39e527ce36222f28dcf38016fbf59,,https://openneuro.org/crn/datasets/ds003745/snapshots/2.1.1/files/derivatives:fmriprep:sub-107:func:sub-107_task-trust_run-4_desc-confounds_timeseries.tsv,s3://openneuro.org/ds003745/derivatives/fmriprep/sub-107/func/sub-107_task-trust_run-4_desc-confounds_timeseries.tsv
sub-107/func/sub-107_task-trust_run-04_events.tsv,events,core,raw,3716,c8c2397c6c88e306063cad92f3b9fbca,,https://openneuro.org/crn/datasets/ds003745/snapshots/2.1.1/files/sub-107:func:sub-107_task-trust_run-04_events.tsv,s3://openneuro.org/ds003745/sub-107/func/sub-107_task-trust_run-04_events.tsv
derivatives/fmriprep/sub-107/func/sub-107_task-trust_run-5_space-MNI152NLin2009cAsym_desc-preproc_bold.nii.gz,bold-mni,core,fmriprep,83032830,5bae1936265a32ffdd8b2a7fb255d9cb,,https://openneuro.org/crn/datasets/ds003745/snapshots/2.1.1/files/derivatives:fmriprep:sub-107:func:sub-107_task-trust_run-5_space-MNI152NLin2009cAsym_desc-preproc_bold.nii.gz,s3://openneuro.org/ds003745/derivatives/fmriprep/sub-107/func/sub-107_task-trust_run-5_space-MNI152NLin2009cAsym_desc-preproc_bold.nii.gz
derivatives/fmriprep/sub-107/func/sub-107_task-trust_run-5_space-MNI152NLin2009cAsym_desc-brain_mask.nii.gz,mask-mni,core,fmriprep,3891,e5b30482bb930d8d77889605ce78f8d8,,https://openneuro.org/crn/datasets/ds003745/snapshots/2.1.1/files/derivatives:fmriprep:sub-107:func:sub-107_task-trust_run-5_space-MNI152NLin2009cAsym_desc-brain_mask.nii.gz,s3://openneuro.org/ds003745/derivatives/fmriprep/sub-107/func/sub-107_task-trust_run-5_space-MNI152NLin2009cAsym_desc-brain_mask.nii.gz
derivatives/fmriprep/sub-107/func/sub-107_task-trust_run-5_desc-confounds_timeseries.tsv,confounds,core,fmriprep,682866,fa2d493575a42f823448579db248c1c7,,https://openneuro.org/crn/datasets/ds003745/snapshots/2.1.1/files/derivatives:fmriprep:sub-107:func:sub-107_task-trust_run-5_desc-confounds_timeseries.tsv,s3://openneuro.org/ds003745/derivatives/fmriprep/sub-107/func/sub-107_task-trust_run-5_desc-confounds_timeseries.tsv
sub-107/func/sub-107_task-trust_run-05_events.tsv,events,core,raw,3847,cccc298b7579a56dd2d3d50c41ee4c18,,https://openneuro.org/crn/datasets/ds003745/snapshots/2.1.1/files/sub-107:func:sub-107_task-trust_run-05_events.tsv,s3://openneuro.org/ds003745/sub-107/func/sub-107_task-trust_run-05_events.tsv
derivatives/fmriprep/sub-107/func/sub-107_task-sharedreward_run-1_space-MNI152NLin2009cAsym_desc-preproc_bold.nii.gz,bold-mni,transport,fmriprep,76893735,486fc191ad6f03e95e97f451e7bc51fa,,https://openneuro.org/crn/datasets/ds003745/snapshots/2.1.1/files/derivatives:fmriprep:sub-107:func:sub-107_task-sharedreward_run-1_space-MNI152NLin2009cAsym_desc-preproc_bold.nii.gz,s3://openneuro.org/ds003745/derivatives/fmriprep/sub-107/func/sub-107_task-sharedreward_run-1_space-MNI152NLin2009cAsym_desc-preproc_bold.nii.gz
derivatives/fmriprep/sub-107/func/sub-107_task-sharedreward_run-1_space-MNI152NLin2009cAsym_desc-brain_mask.nii.gz,mask-mni,transport,fmriprep,3804,a9cf1374547646cbc1ed462a279c64c8,,https://openneuro.org/crn/datasets/ds003745/snapshots/2.1.1/files/derivatives:fmriprep:sub-107:func:sub-107_task-sharedreward_run-1_space-MNI152NLin2009cAsym_desc-brain_mask.nii.gz,s3://openneuro.org/ds003745/derivatives/fmriprep/sub-107/func/sub-107_task-sharedreward_run-1_space-MNI152NLin2009cAsym_desc-brain_mask.nii.gz
derivatives/fmriprep/sub-107/func/sub-107_task-sharedreward_run-1_desc-confounds_timeseries.tsv,confounds,transport,fmriprep,568598,be6dec8f2864b76757b52e639c58f04c,,https://openneuro.org/crn/datasets/ds003745/snapshots/2.1.1/files/derivatives:fmriprep:sub-107:func:sub-107_task-sharedreward_run-1_desc-confounds_timeseries.tsv,s3://openneuro.org/ds003745/derivatives/fmriprep/sub-107/func/sub-107_task-sharedreward_run-1_desc-confounds_timeseries.tsv
sub-107/func/sub-107_task-sharedreward_run-01_events.tsv,events,transport,raw,4070,e8ca5575ba85c21581606c376d32c90e,,https://openneuro.org/crn/datasets/ds003745/snapshots/2.1.1/files/sub-107:func:sub-107_task-sharedreward_run-01_events.tsv,s3://openneuro.org/ds003745/sub-107/func/sub-107_task-sharedreward_run-01_events.tsv
derivatives/fmriprep/sub-107/func/sub-107_task-sharedreward_run-2_space-MNI152NLin2009cAsym_desc-preproc_bold.nii.gz,bold-mni,transport,fmriprep,76877923,aa5dbc487deb209b90584d31f894e829,,https://openneuro.org/crn/datasets/ds003745/snapshots/2.1.1/files/derivatives:fmriprep:sub-107:func:sub-107_task-sharedreward_run-2_space-MNI152NLin2009cAsym_desc-preproc_bold.nii.gz,s3://openneuro.org/ds003745/derivatives/fmriprep/sub-107/func/sub-107_task-sharedreward_run-2_space-MNI152NLin2009cAsym_desc-preproc_bold.nii.gz
derivatives/fmriprep/sub-107/func/sub-107_task-sharedreward_run-2_space-MNI152NLin2009cAsym_desc-brain_mask.nii.gz,mask-mni,transport,fmriprep,3869,b393dfa3bb0ecbbc14224b206b5e0f89,,https://openneuro.org/crn/datasets/ds003745/snapshots/2.1.1/files/derivatives:fmriprep:sub-107:func:sub-107_task-sharedreward_run-2_space-MNI152NLin2009cAsym_desc-brain_mask.nii.gz,s3://openneuro.org/ds003745/derivatives/fmriprep/sub-107/func/sub-107_task-sharedreward_run-2_space-MNI152NLin2009cAsym_desc-brain_mask.nii.gz
derivatives/fmriprep/sub-107/func/sub-107_task-sharedreward_run-2_desc-confounds_timeseries.tsv,confounds,transport,fmriprep,620496,8d518e492e933cb509a89b43eff8f338,,https://openneuro.org/crn/datasets/ds003745/snapshots/2.1.1/files/derivatives:fmriprep:sub-107:func:sub-107_task-sharedreward_run-2_desc-confounds_timeseries.tsv,s3://openneuro.org/ds003745/derivatives/fmriprep/sub-107/func/sub-107_task-sharedreward_run-2_desc-confounds_timeseries.tsv
sub-107/func/sub-107_task-sharedreward_run-02_events.tsv,events,transport,raw,4046,5278957ca925245ab006b1d14e70a621,,https://openneuro.org/crn/datasets/ds003745/snapshots/2.1.1/files/sub-107:func:sub-107_task-sharedreward_run-02_events.tsv,s3://openneuro.org/ds003745/sub-107/func/sub-107_task-sharedreward_run-02_events.tsv
derivatives/fmriprep/sub-108/anat/sub-108_space-MNI152NLin2009cAsym_desc-preproc_T1w.nii.gz,anat-T1w-mni,core,fmriprep,8166654,14297dcf406ecdebff3d44dfdd0f8e87,,https://openneuro.org/crn/datasets/ds003745/snapshots/2.1.1/files/derivatives:fmriprep:sub-108:anat:sub-108_space-MNI152NLin2009cAsym_desc-preproc_T1w.nii.gz,s3://openneuro.org/ds003745/derivatives/fmriprep/sub-108/anat/sub-108_space-MNI152NLin2009cAsym_desc-preproc_T1w.nii.gz
derivatives/fmriprep/sub-108/anat/sub-108_space-MNI152NLin2009cAsym_desc-brain_mask.nii.gz,anat-mask-mni,core,fmriprep,56119,eb5e465046be4b2db91a3f17637a6d48,,https://openneuro.org/crn/datasets/ds003745/snapshots/2.1.1/files/derivatives:fmriprep:sub-108:anat:sub-108_space-MNI152NLin2009cAsym_desc-brain_mask.nii.gz,s3://openneuro.org/ds003745/derivatives/fmriprep/sub-108/anat/sub-108_space-MNI152NLin2009cAsym_desc-brain_mask.nii.gz
derivatives/fmriprep/sub-108/anat/sub-108_space-MNI152NLin2009cAsym_label-GM_probseg.nii.gz,anat-gm-probseg,core,fmriprep,6451415,60064f84a1ad85ebf8182a048aef0512,,https://openneuro.org/crn/datasets/ds003745/snapshots/2.1.1/files/derivatives:fmriprep:sub-108:anat:sub-108_space-MNI152NLin2009cAsym_label-GM_probseg.nii.gz,s3://openneuro.org/ds003745/derivatives/fmriprep/sub-108/anat/sub-108_space-MNI152NLin2009cAsym_label-GM_probseg.nii.gz
derivatives/fmriprep/sub-108/anat/sub-108_space-MNI152NLin2009cAsym_dseg.nii.gz,anat-dseg-mni,core,fmriprep,256971,40e67845731aa712b7df21b2d9ad3d46,,https://openneuro.org/crn/datasets/ds003745/snapshots/2.1.1/files/derivatives:fmriprep:sub-108:anat:sub-108_space-MNI152NLin2009cAsym_dseg.nii.gz,s3://openneuro.org/ds003745/derivatives/fmriprep/sub-108/anat/sub-108_space-MNI152NLin2009cAsym_dseg.nii.gz
derivatives/fmriprep/sub-108/func/sub-108_task-trust_run-1_space-MNI152NLin2009cAsym_desc-preproc_bold.nii.gz,bold-mni,core,fmriprep,89303124,7b1abfdf1b0e07d46f48645a7f1397dc,,https://openneuro.org/crn/datasets/ds003745/snapshots/2.1.1/files/derivatives:fmriprep:sub-108:func:sub-108_task-trust_run-1_space-MNI152NLin2009cAsym_desc-preproc_bold.nii.gz,s3://openneuro.org/ds003745/derivatives/fmriprep/sub-108/func/sub-108_task-trust_run-1_space-MNI152NLin2009cAsym_desc-preproc_bold.nii.gz
derivatives/fmriprep/sub-108/func/sub-108_task-trust_run-1_space-MNI152NLin2009cAsym_desc-brain_mask.nii.gz,mask-mni,core,fmriprep,3736,55cb86c1fda1b38fb280150460c69d09,,https://openneuro.org/crn/datasets/ds003745/snapshots/2.1.1/files/derivatives:fmriprep:sub-108:func:sub-108_task-trust_run-1_space-MNI152NLin2009cAsym_desc-brain_mask.nii.gz,s3://openneuro.org/ds003745/derivatives/fmriprep/sub-108/func/sub-108_task-trust_run-1_space-MNI152NLin2009cAsym_desc-brain_mask.nii.gz
derivatives/fmriprep/sub-108/func/sub-108_task-trust_run-1_desc-confounds_timeseries.tsv,confounds,core,fmriprep,657548,2e7f9775ca574439cbc92582543a5543,,https://openneuro.org/crn/datasets/ds003745/snapshots/2.1.1/files/derivatives:fmriprep:sub-108:func:sub-108_task-trust_run-1_desc-confounds_timeseries.tsv,s3://openneuro.org/ds003745/derivatives/fmriprep/sub-108/func/sub-108_task-trust_run-1_desc-confounds_timeseries.tsv
sub-108/func/sub-108_task-trust_run-01_events.tsv,events,core,raw,3977,8d7b355ddd8f2f14ddc51a96fa03310a,,https://openneuro.org/crn/datasets/ds003745/snapshots/2.1.1/files/sub-108:func:sub-108_task-trust_run-01_events.tsv,s3://openneuro.org/ds003745/sub-108/func/sub-108_task-trust_run-01_events.tsv
derivatives/fmriprep/sub-108/func/sub-108_task-trust_run-2_space-MNI152NLin2009cAsym_desc-preproc_bold.nii.gz,bold-mni,core,fmriprep,89397229,6bb51a80898f9cc058c9fda1b8bc6927,,https://openneuro.org/crn/datasets/ds003745/snapshots/2.1.1/files/derivatives:fmriprep:sub-108:func:sub-108_task-trust_run-2_space-MNI152NLin2009cAsym_desc-preproc_bold.nii.gz,s3://openneuro.org/ds003745/derivatives/fmriprep/sub-108/func/sub-108_task-trust_run-2_space-MNI152NLin2009cAsym_desc-preproc_bold.nii.gz
derivatives/fmriprep/sub-108/func/sub-108_task-trust_run-2_space-MNI152NLin2009cAsym_desc-brain_mask.nii.gz,mask-mni,core,fmriprep,3775,e6d3a007d85f2d274adcaca5a346284a,,https://openneuro.org/crn/datasets/ds003745/snapshots/2.1.1/files/derivatives:fmriprep:sub-108:func:sub-108_task-trust_run-2_space-MNI152NLin2009cAsym_desc-brain_mask.nii.gz,s3://openneuro.org/ds003745/derivatives/fmriprep/sub-108/func/sub-108_task-trust_run-2_space-MNI152NLin2009cAsym_desc-brain_mask.nii.gz
derivatives/fmriprep/sub-108/func/sub-108_task-trust_run-2_desc-confounds_timeseries.tsv,confounds,core,fmriprep,670968,a6af2503e61064d378a83e827ead61fc,,https://openneuro.org/crn/datasets/ds003745/snapshots/2.1.1/files/derivatives:fmriprep:sub-108:func:sub-108_task-trust_run-2_desc-confounds_timeseries.tsv,s3://openneuro.org/ds003745/derivatives/fmriprep/sub-108/func/sub-108_task-trust_run-2_desc-confounds_timeseries.tsv
sub-108/func/sub-108_task-trust_run-02_events.tsv,events,core,raw,4239,9056262fd8bc003f7b103de7a130ec3f,,https://openneuro.org/crn/datasets/ds003745/snapshots/2.1.1/files/sub-108:func:sub-108_task-trust_run-02_events.tsv,s3://openneuro.org/ds003745/sub-108/func/sub-108_task-trust_run-02_events.tsv
derivatives/fmriprep/sub-108/func/sub-108_task-trust_run-3_space-MNI152NLin2009cAsym_desc-preproc_bold.nii.gz,bold-mni,core,fmriprep,89893322,8cedc2a1fbbedeaf0fdb70a7c92d4609,,https://openneuro.org/crn/datasets/ds003745/snapshots/2.1.1/files/derivatives:fmriprep:sub-108:func:sub-108_task-trust_run-3_space-MNI152NLin2009cAsym_desc-preproc_bold.nii.gz,s3://openneuro.org/ds003745/derivatives/fmriprep/sub-108/func/sub-108_task-trust_run-3_space-MNI152NLin2009cAsym_desc-preproc_bold.nii.gz
derivatives/fmriprep/sub-108/func/sub-108_task-trust_run-3_space-MNI152NLin2009cAsym_desc-brain_mask.nii.gz,mask-mni,core,fmriprep,3663,578edf9934b1287a01d797abc968c69d,,https://openneuro.org/crn/datasets/ds003745/snapshots/2.1.1/files/derivatives:fmriprep:sub-108:func:sub-108_task-trust_run-3_space-MNI152NLin2009cAsym_desc-brain_mask.nii.gz,s3://openneuro.org/ds003745/derivatives/fmriprep/sub-108/func/sub-108_task-trust_run-3_space-MNI152NLin2009cAsym_desc-brain_mask.nii.gz
derivatives/fmriprep/sub-108/func/sub-108_task-trust_run-3_desc-confounds_timeseries.tsv,confounds,core,fmriprep,685372,de6309fee36be9a85aa9091ef5183d3d,,https://openneuro.org/crn/datasets/ds003745/snapshots/2.1.1/files/derivatives:fmriprep:sub-108:func:sub-108_task-trust_run-3_desc-confounds_timeseries.tsv,s3://openneuro.org/ds003745/derivatives/fmriprep/sub-108/func/sub-108_task-trust_run-3_desc-confounds_timeseries.tsv
sub-108/func/sub-108_task-trust_run-03_events.tsv,events,core,raw,4299,d5851755645b574cc3f1eb57dc79b826,,https://openneuro.org/crn/datasets/ds003745/snapshots/2.1.1/files/sub-108:func:sub-108_task-trust_run-03_events.tsv,s3://openneuro.org/ds003745/sub-108/func/sub-108_task-trust_run-03_events.tsv
derivatives/fmriprep/sub-108/func/sub-108_task-trust_run-4_space-MNI152NLin2009cAsym_desc-preproc_bold.nii.gz,bold-mni,core,fmriprep,89723793,e13af2530d04e78b6673c903236ff05e,,https://openneuro.org/crn/datasets/ds003745/snapshots/2.1.1/files/derivatives:fmriprep:sub-108:func:sub-108_task-trust_run-4_space-MNI152NLin2009cAsym_desc-preproc_bold.nii.gz,s3://openneuro.org/ds003745/derivatives/fmriprep/sub-108/func/sub-108_task-trust_run-4_space-MNI152NLin2009cAsym_desc-preproc_bold.nii.gz
derivatives/fmriprep/sub-108/func/sub-108_task-trust_run-4_space-MNI152NLin2009cAsym_desc-brain_mask.nii.gz,mask-mni,core,fmriprep,3767,50bcbe68bd4af35fe25bf6aa5f2c6b8d,,https://openneuro.org/crn/datasets/ds003745/snapshots/2.1.1/files/derivatives:fmriprep:sub-108:func:sub-108_task-trust_run-4_space-MNI152NLin2009cAsym_desc-brain_mask.nii.gz,s3://openneuro.org/ds003745/derivatives/fmriprep/sub-108/func/sub-108_task-trust_run-4_space-MNI152NLin2009cAsym_desc-brain_mask.nii.gz
derivatives/fmriprep/sub-108/func/sub-108_task-trust_run-4_desc-confounds_timeseries.tsv,confounds,core,fmriprep,669982,d1fc91c50a8b3bdea816d1b9ed2f4924,,https://openneuro.org/crn/datasets/ds003745/snapshots/2.1.1/files/derivatives:fmriprep:sub-108:func:sub-108_task-trust_run-4_desc-confounds_timeseries.tsv,s3://openneuro.org/ds003745/derivatives/fmriprep/sub-108/func/sub-108_task-trust_run-4_desc-confounds_timeseries.tsv
sub-108/func/sub-108_task-trust_run-04_events.tsv,events,core,raw,4176,eb72a1b89d303712b4d9b5bbbde0b6ec,,https://openneuro.org/crn/datasets/ds003745/snapshots/2.1.1/files/sub-108:func:sub-108_task-trust_run-04_events.tsv,s3://openneuro.org/ds003745/sub-108/func/sub-108_task-trust_run-04_events.tsv
derivatives/fmriprep/sub-108/func/sub-108_task-trust_run-5_space-MNI152NLin2009cAsym_desc-preproc_bold.nii.gz,bold-mni,core,fmriprep,89869341,d139af73ff1657c2e48ad826b07e4ae2,,https://openneuro.org/crn/datasets/ds003745/snapshots/2.1.1/files/derivatives:fmriprep:sub-108:func:sub-108_task-trust_run-5_space-MNI152NLin2009cAsym_desc-preproc_bold.nii.gz,s3://openneuro.org/ds003745/derivatives/fmriprep/sub-108/func/sub-108_task-trust_run-5_space-MNI152NLin2009cAsym_desc-preproc_bold.nii.gz
derivatives/fmriprep/sub-108/func/sub-108_task-trust_run-5_space-MNI152NLin2009cAsym_desc-brain_mask.nii.gz,mask-mni,core,fmriprep,3712,bfbc8cd494848384873b1f6e61a27ffe,,https://openneuro.org/crn/datasets/ds003745/snapshots/2.1.1/files/derivatives:fmriprep:sub-108:func:sub-108_task-trust_run-5_space-MNI152NLin2009cAsym_desc-brain_mask.nii.gz,s3://openneuro.org/ds003745/derivatives/fmriprep/sub-108/func/sub-108_task-trust_run-5_space-MNI152NLin2009cAsym_desc-brain_mask.nii.gz
derivatives/fmriprep/sub-108/func/sub-108_task-trust_run-5_desc-confounds_timeseries.tsv,confounds,core,fmriprep,580916,a7f22410ba89a84d05a7c95f59a8a79f,,https://openneuro.org/crn/datasets/ds003745/snapshots/2.1.1/files/derivatives:fmriprep:sub-108:func:sub-108_task-trust_run-5_desc-confounds_timeseries.tsv,s3://openneuro.org/ds003745/derivatives/fmriprep/sub-108/func/sub-108_task-trust_run-5_desc-confounds_timeseries.tsv
sub-108/func/sub-108_task-trust_run-05_events.tsv,events,core,raw,3982,fd59fc129ff34479b38ead74bfe1feb5,,https://openneuro.org/crn/datasets/ds003745/snapshots/2.1.1/files/sub-108:func:sub-108_task-trust_run-05_events.tsv,s3://openneuro.org/ds003745/sub-108/func/sub-108_task-trust_run-05_events.tsv
derivatives/fmriprep/sub-108/func/sub-108_task-sharedreward_run-1_space-MNI152NLin2009cAsym_desc-preproc_bold.nii.gz,bold-mni,transport,fmriprep,83629896,b1ccd9f8ec25611bd04e02998ea0530b,,https://openneuro.org/crn/datasets/ds003745/snapshots/2.1.1/files/derivatives:fmriprep:sub-108:func:sub-108_task-sharedreward_run-1_space-MNI152NLin2009cAsym_desc-preproc_bold.nii.gz,s3://openneuro.org/ds003745/derivatives/fmriprep/sub-108/func/sub-108_task-sharedreward_run-1_space-MNI152NLin2009cAsym_desc-preproc_bold.nii.gz
derivatives/fmriprep/sub-108/func/sub-108_task-sharedreward_run-1_space-MNI152NLin2009cAsym_desc-brain_mask.nii.gz,mask-mni,transport,fmriprep,3672,6df796b2a643424eab36ec7973770409,,https://openneuro.org/crn/datasets/ds003745/snapshots/2.1.1/files/derivatives:fmriprep:sub-108:func:sub-108_task-sharedreward_run-1_space-MNI152NLin2009cAsym_desc-brain_mask.nii.gz,s3://openneuro.org/ds003745/derivatives/fmriprep/sub-108/func/sub-108_task-sharedreward_run-1_space-MNI152NLin2009cAsym_desc-brain_mask.nii.gz
derivatives/fmriprep/sub-108/func/sub-108_task-sharedreward_run-1_desc-confounds_timeseries.tsv,confounds,transport,fmriprep,569394,56b47a32dccecc71a136a88a1de3d100,,https://openneuro.org/crn/datasets/ds003745/snapshots/2.1.1/files/derivatives:fmriprep:sub-108:func:sub-108_task-sharedreward_run-1_desc-confounds_timeseries.tsv,s3://openneuro.org/ds003745/derivatives/fmriprep/sub-108/func/sub-108_task-sharedreward_run-1_desc-confounds_timeseries.tsv
sub-108/func/sub-108_task-sharedreward_run-01_events.tsv,events,transport,raw,4047,d3dc1901dd738db36c46f9fae0ad7bfb,,https://openneuro.org/crn/datasets/ds003745/snapshots/2.1.1/files/sub-108:func:sub-108_task-sharedreward_run-01_events.tsv,s3://openneuro.org/ds003745/sub-108/func/sub-108_task-sharedreward_run-01_events.tsv
derivatives/fmriprep/sub-108/func/sub-108_task-sharedreward_run-2_space-MNI152NLin2009cAsym_desc-preproc_bold.nii.gz,bold-mni,transport,fmriprep,83581387,9ff8bfe9b85baf63b4b7ae71711cd2e8,,https://openneuro.org/crn/datasets/ds003745/snapshots/2.1.1/files/derivatives:fmriprep:sub-108:func:sub-108_task-sharedreward_run-2_space-MNI152NLin2009cAsym_desc-preproc_bold.nii.gz,s3://openneuro.org/ds003745/derivatives/fmriprep/sub-108/func/sub-108_task-sharedreward_run-2_space-MNI152NLin2009cAsym_desc-preproc_bold.nii.gz
derivatives/fmriprep/sub-108/func/sub-108_task-sharedreward_run-2_space-MNI152NLin2009cAsym_desc-brain_mask.nii.gz,mask-mni,transport,fmriprep,3608,effa975a2f94c15f9b27ab67d4767348,,https://openneuro.org/crn/datasets/ds003745/snapshots/2.1.1/files/derivatives:fmriprep:sub-108:func:sub-108_task-sharedreward_run-2_space-MNI152NLin2009cAsym_desc-brain_mask.nii.gz,s3://openneuro.org/ds003745/derivatives/fmriprep/sub-108/func/sub-108_task-sharedreward_run-2_space-MNI152NLin2009cAsym_desc-brain_mask.nii.gz
derivatives/fmriprep/sub-108/func/sub-108_task-sharedreward_run-2_desc-confounds_timeseries.tsv,confounds,transport,fmriprep,513601,1fd557652a306d644bac1e1da453399f,,https://openneuro.org/crn/datasets/ds003745/snapshots/2.1.1/files/derivatives:fmriprep:sub-108:func:sub-108_task-sharedreward_run-2_desc-confounds_timeseries.tsv,s3://openneuro.org/ds003745/derivatives/fmriprep/sub-108/func/sub-108_task-sharedreward_run-2_desc-confounds_timeseries.tsv
sub-108/func/sub-108_task-sharedreward_run-02_events.tsv,events,transport,raw,4083,68b13215e45760b955eaa0fe43ccda15,,https://openneuro.org/crn/datasets/ds003745/snapshots/2.1.1/files/sub-108:func:sub-108_task-sharedreward_run-02_events.tsv,s3://openneuro.org/ds003745/sub-108/func/sub-108_task-sharedreward_run-02_events.tsv
derivatives/fmriprep/sub-112/anat/sub-112_space-MNI152NLin2009cAsym_desc-preproc_T1w.nii.gz,anat-T1w-mni,core,fmriprep,8133682,14a2f8458d25db250597325f330c3007,,https://openneuro.org/crn/datasets/ds003745/snapshots/2.1.1/files/derivatives:fmriprep:sub-112:anat:sub-112_space-MNI152NLin2009cAsym_desc-preproc_T1w.nii.gz,s3://openneuro.org/ds003745/derivatives/fmriprep/sub-112/anat/sub-112_space-MNI152NLin2009cAsym_desc-preproc_T1w.nii.gz
derivatives/fmriprep/sub-112/anat/sub-112_space-MNI152NLin2009cAsym_desc-brain_mask.nii.gz,anat-mask-mni,core,fmriprep,56777,b01c5a954f8a98da18142926d5f45707,,https://openneuro.org/crn/datasets/ds003745/snapshots/2.1.1/files/derivatives:fmriprep:sub-112:anat:sub-112_space-MNI152NLin2009cAsym_desc-brain_mask.nii.gz,s3://openneuro.org/ds003745/derivatives/fmriprep/sub-112/anat/sub-112_space-MNI152NLin2009cAsym_desc-brain_mask.nii.gz
derivatives/fmriprep/sub-112/anat/sub-112_space-MNI152NLin2009cAsym_label-GM_probseg.nii.gz,anat-gm-probseg,core,fmriprep,6395001,b1680bd6e0d41f85c472f75b04142e03,,https://openneuro.org/crn/datasets/ds003745/snapshots/2.1.1/files/derivatives:fmriprep:sub-112:anat:sub-112_space-MNI152NLin2009cAsym_label-GM_probseg.nii.gz,s3://openneuro.org/ds003745/derivatives/fmriprep/sub-112/anat/sub-112_space-MNI152NLin2009cAsym_label-GM_probseg.nii.gz
derivatives/fmriprep/sub-112/anat/sub-112_space-MNI152NLin2009cAsym_dseg.nii.gz,anat-dseg-mni,core,fmriprep,258382,709848d0246ef05f22bf6b4f67b6d582,,https://openneuro.org/crn/datasets/ds003745/snapshots/2.1.1/files/derivatives:fmriprep:sub-112:anat:sub-112_space-MNI152NLin2009cAsym_dseg.nii.gz,s3://openneuro.org/ds003745/derivatives/fmriprep/sub-112/anat/sub-112_space-MNI152NLin2009cAsym_dseg.nii.gz
derivatives/fmriprep/sub-112/func/sub-112_task-trust_run-1_space-MNI152NLin2009cAsym_desc-preproc_bold.nii.gz,bold-mni,core,fmriprep,80229831,dccab3bc7b0af53fd9134a7c48bce8c8,,https://openneuro.org/crn/datasets/ds003745/snapshots/2.1.1/files/derivatives:fmriprep:sub-112:func:sub-112_task-trust_run-1_space-MNI152NLin2009cAsym_desc-preproc_bold.nii.gz,s3://openneuro.org/ds003745/derivatives/fmriprep/sub-112/func/sub-112_task-trust_run-1_space-MNI152NLin2009cAsym_desc-preproc_bold.nii.gz
derivatives/fmriprep/sub-112/func/sub-112_task-trust_run-1_space-MNI152NLin2009cAsym_desc-brain_mask.nii.gz,mask-mni,core,fmriprep,3680,7336b052ba8f4eb5d3f26fba02ab4f7e,,https://openneuro.org/crn/datasets/ds003745/snapshots/2.1.1/files/derivatives:fmriprep:sub-112:func:sub-112_task-trust_run-1_space-MNI152NLin2009cAsym_desc-brain_mask.nii.gz,s3://openneuro.org/ds003745/derivatives/fmriprep/sub-112/func/sub-112_task-trust_run-1_space-MNI152NLin2009cAsym_desc-brain_mask.nii.gz
derivatives/fmriprep/sub-112/func/sub-112_task-trust_run-1_desc-confounds_timeseries.tsv,confounds,core,fmriprep,616514,7bb097ee6192c09f72f91df1e2bad241,,https://openneuro.org/crn/datasets/ds003745/snapshots/2.1.1/files/derivatives:fmriprep:sub-112:func:sub-112_task-trust_run-1_desc-confounds_timeseries.tsv,s3://openneuro.org/ds003745/derivatives/fmriprep/sub-112/func/sub-112_task-trust_run-1_desc-confounds_timeseries.tsv
sub-112/func/sub-112_task-trust_run-01_events.tsv,events,core,raw,3972,41f00bb3504ebfaf1dea0e547d93b5a3,,https://openneuro.org/crn/datasets/ds003745/snapshots/2.1.1/files/sub-112:func:sub-112_task-trust_run-01_events.tsv,s3://openneuro.org/ds003745/sub-112/func/sub-112_task-trust_run-01_events.tsv
derivatives/fmriprep/sub-112/func/sub-112_task-trust_run-2_space-MNI152NLin2009cAsym_desc-preproc_bold.nii.gz,bold-mni,core,fmriprep,80079548,efaa5e99362e43a651b91aba21967f40,,https://openneuro.org/crn/datasets/ds003745/snapshots/2.1.1/files/derivatives:fmriprep:sub-112:func:sub-112_task-trust_run-2_space-MNI152NLin2009cAsym_desc-preproc_bold.nii.gz,s3://openneuro.org/ds003745/derivatives/fmriprep/sub-112/func/sub-112_task-trust_run-2_space-MNI152NLin2009cAsym_desc-preproc_bold.nii.gz
derivatives/fmriprep/sub-112/func/sub-112_task-trust_run-2_space-MNI152NLin2009cAsym_desc-brain_mask.nii.gz,mask-mni,core,fmriprep,3620,45d2d10914919795def48369b57bb8b8,,https://openneuro.org/crn/datasets/ds003745/snapshots/2.1.1/files/derivatives:fmriprep:sub-112:func:sub-112_task-trust_run-2_space-MNI152NLin2009cAsym_desc-brain_mask.nii.gz,s3://openneuro.org/ds003745/derivatives/fmriprep/sub-112/func/sub-112_task-trust_run-2_space-MNI152NLin2009cAsym_desc-brain_mask.nii.gz
derivatives/fmriprep/sub-112/func/sub-112_task-trust_run-2_desc-confounds_timeseries.tsv,confounds,core,fmriprep,686601,a8602501837f1ba32c858af74f8b647d,,https://openneuro.org/crn/datasets/ds003745/snapshots/2.1.1/files/derivatives:fmriprep:sub-112:func:sub-112_task-trust_run-2_desc-confounds_timeseries.tsv,s3://openneuro.org/ds003745/derivatives/fmriprep/sub-112/func/sub-112_task-trust_run-2_desc-confounds_timeseries.tsv
sub-112/func/sub-112_task-trust_run-02_events.tsv,events,core,raw,4105,83b82de0967eb6a522d02b4270b606b1,,https://openneuro.org/crn/datasets/ds003745/snapshots/2.1.1/files/sub-112:func:sub-112_task-trust_run-02_events.tsv,s3://openneuro.org/ds003745/sub-112/func/sub-112_task-trust_run-02_events.tsv
derivatives/fmriprep/sub-112/func/sub-112_task-trust_run-3_space-MNI152NLin2009cAsym_desc-preproc_bold.nii.gz,bold-mni,core,fmriprep,79901044,0295fc5c25925238a39243b315603122,,https://openneuro.org/crn/datasets/ds003745/snapshots/2.1.1/files/derivatives:fmriprep:sub-112:func:sub-112_task-trust_run-3_space-MNI152NLin2009cAsym_desc-preproc_bold.nii.gz,s3://openneuro.org/ds003745/derivatives/fmriprep/sub-112/func/sub-112_task-trust_run-3_space-MNI152NLin2009cAsym_desc-preproc_bold.nii.gz
derivatives/fmriprep/sub-112/func/sub-112_task-trust_run-3_space-MNI152NLin2009cAsym_desc-brain_mask.nii.gz,mask-mni,core,fmriprep,3657,f91444f61fcb08b9690027574e80f83d,,https://openneuro.org/crn/datasets/ds003745/snapshots/2.1.1/files/derivatives:fmriprep:sub-112:func:sub-112_task-trust_run-3_space-MNI152NLin2009cAsym_desc-brain_mask.nii.gz,s3://openneuro.org/ds003745/derivatives/fmriprep/sub-112/func/sub-112_task-trust_run-3_space-MNI152NLin2009cAsym_desc-brain_mask.nii.gz
derivatives/fmriprep/sub-112/func/sub-112_task-trust_run-3_desc-confounds_timeseries.tsv,confounds,core,fmriprep,617627,ecfc82ce30bdf990cf8baf5d0b033ca3,,https://openneuro.org/crn/datasets/ds003745/snapshots/2.1.1/files/derivatives:fmriprep:sub-112:func:sub-112_task-trust_run-3_desc-confounds_timeseries.tsv,s3://openneuro.org/ds003745/derivatives/fmriprep/sub-112/func/sub-112_task-trust_run-3_desc-confounds_timeseries.tsv
sub-112/func/sub-112_task-trust_run-03_events.tsv,events,core,raw,4230,d558af4fd49538d4ef5b65a448f60c75,,https://openneuro.org/crn/datasets/ds003745/snapshots/2.1.1/files/sub-112:func:sub-112_task-trust_run-03_events.tsv,s3://openneuro.org/ds003745/sub-112/func/sub-112_task-trust_run-03_events.tsv
derivatives/fmriprep/sub-112/func/sub-112_task-trust_run-4_space-MNI152NLin2009cAsym_desc-preproc_bold.nii.gz,bold-mni,core,fmriprep,80163161,a53755eec15f4ef1b26d3be3107bc72a,,https://openneuro.org/crn/datasets/ds003745/snapshots/2.1.1/files/derivatives:fmriprep:sub-112:func:sub-112_task-trust_run-4_space-MNI152NLin2009cAsym_desc-preproc_bold.nii.gz,s3://openneuro.org/ds003745/derivatives/fmriprep/sub-112/func/sub-112_task-trust_run-4_space-MNI152NLin2009cAsym_desc-preproc_bold.nii.gz
derivatives/fmriprep/sub-112/func/sub-112_task-trust_run-4_space-MNI152NLin2009cAsym_desc-brain_mask.nii.gz,mask-mni,core,fmriprep,3693,4c36dfdfc3f0697af30ea44b361a67b8,,https://openneuro.org/crn/datasets/ds003745/snapshots/2.1.1/files/derivatives:fmriprep:sub-112:func:sub-112_task-trust_run-4_space-MNI152NLin2009cAsym_desc-brain_mask.nii.gz,s3://openneuro.org/ds003745/derivatives/fmriprep/sub-112/func/sub-112_task-trust_run-4_space-MNI152NLin2009cAsym_desc-brain_mask.nii.gz
derivatives/fmriprep/sub-112/func/sub-112_task-trust_run-4_desc-confounds_timeseries.tsv,confounds,core,fmriprep,655445,134f5594f5a42fd2cbe2e11dc586ff68,,https://openneuro.org/crn/datasets/ds003745/snapshots/2.1.1/files/derivatives:fmriprep:sub-112:func:sub-112_task-trust_run-4_desc-confounds_timeseries.tsv,s3://openneuro.org/ds003745/derivatives/fmriprep/sub-112/func/sub-112_task-trust_run-4_desc-confounds_timeseries.tsv
sub-112/func/sub-112_task-trust_run-04_events.tsv,events,core,raw,4297,fbf87d025eba362cdda8dfa2894d2a08,,https://openneuro.org/crn/datasets/ds003745/snapshots/2.1.1/files/sub-112:func:sub-112_task-trust_run-04_events.tsv,s3://openneuro.org/ds003745/sub-112/func/sub-112_task-trust_run-04_events.tsv
derivatives/fmriprep/sub-112/func/sub-112_task-trust_run-5_space-MNI152NLin2009cAsym_desc-preproc_bold.nii.gz,bold-mni,core,fmriprep,79983628,318ec6a6af4ee66523544cec5d4e26be,,https://openneuro.org/crn/datasets/ds003745/snapshots/2.1.1/files/derivatives:fmriprep:sub-112:func:sub-112_task-trust_run-5_space-MNI152NLin2009cAsym_desc-preproc_bold.nii.gz,s3://openneuro.org/ds003745/derivatives/fmriprep/sub-112/func/sub-112_task-trust_run-5_space-MNI152NLin2009cAsym_desc-preproc_bold.nii.gz
derivatives/fmriprep/sub-112/func/sub-112_task-trust_run-5_space-MNI152NLin2009cAsym_desc-brain_mask.nii.gz,mask-mni,core,fmriprep,3666,e64cecd78e15f774b6383079d591c770,,https://openneuro.org/crn/datasets/ds003745/snapshots/2.1.1/files/derivatives:fmriprep:sub-112:func:sub-112_task-trust_run-5_space-MNI152NLin2009cAsym_desc-brain_mask.nii.gz,s3://openneuro.org/ds003745/derivatives/fmriprep/sub-112/func/sub-112_task-trust_run-5_space-MNI152NLin2009cAsym_desc-brain_mask.nii.gz
derivatives/fmriprep/sub-112/func/sub-112_task-trust_run-5_desc-confounds_timeseries.tsv,confounds,core,fmriprep,615269,2e8f93423a113c81387b430f84446965,,https://openneuro.org/crn/datasets/ds003745/snapshots/2.1.1/files/derivatives:fmriprep:sub-112:func:sub-112_task-trust_run-5_desc-confounds_timeseries.tsv,s3://openneuro.org/ds003745/derivatives/fmriprep/sub-112/func/sub-112_task-trust_run-5_desc-confounds_timeseries.tsv
sub-112/func/sub-112_task-trust_run-05_events.tsv,events,core,raw,4236,65844eb54d86fc40b80dbac2e28fa9b8,,https://openneuro.org/crn/datasets/ds003745/snapshots/2.1.1/files/sub-112:func:sub-112_task-trust_run-05_events.tsv,s3://openneuro.org/ds003745/sub-112/func/sub-112_task-trust_run-05_events.tsv
derivatives/fmriprep/sub-112/func/sub-112_task-sharedreward_run-1_space-MNI152NLin2009cAsym_desc-preproc_bold.nii.gz,bold-mni,transport,fmriprep,74731274,e7c98fed1708eb1ce5649aa9ed6eeb1e,,https://openneuro.org/crn/datasets/ds003745/snapshots/2.1.1/files/derivatives:fmriprep:sub-112:func:sub-112_task-sharedreward_run-1_space-MNI152NLin2009cAsym_desc-preproc_bold.nii.gz,s3://openneuro.org/ds003745/derivatives/fmriprep/sub-112/func/sub-112_task-sharedreward_run-1_space-MNI152NLin2009cAsym_desc-preproc_bold.nii.gz
derivatives/fmriprep/sub-112/func/sub-112_task-sharedreward_run-1_space-MNI152NLin2009cAsym_desc-brain_mask.nii.gz,mask-mni,transport,fmriprep,3766,f3715296e741e1163c8152e810e25253,,https://openneuro.org/crn/datasets/ds003745/snapshots/2.1.1/files/derivatives:fmriprep:sub-112:func:sub-112_task-sharedreward_run-1_space-MNI152NLin2009cAsym_desc-brain_mask.nii.gz,s3://openneuro.org/ds003745/derivatives/fmriprep/sub-112/func/sub-112_task-sharedreward_run-1_space-MNI152NLin2009cAsym_desc-brain_mask.nii.gz
derivatives/fmriprep/sub-112/func/sub-112_task-sharedreward_run-1_desc-confounds_timeseries.tsv,confounds,transport,fmriprep,512801,d30fbd74fbf1df6bbe0c4b9e05e30355,,https://openneuro.org/crn/datasets/ds003745/snapshots/2.1.1/files/derivatives:fmriprep:sub-112:func:sub-112_task-sharedreward_run-1_desc-confounds_timeseries.tsv,s3://openneuro.org/ds003745/derivatives/fmriprep/sub-112/func/sub-112_task-sharedreward_run-1_desc-confounds_timeseries.tsv
sub-112/func/sub-112_task-sharedreward_run-01_events.tsv,events,transport,raw,4083,5800df8acd9f1d9440a7fea52c6c66a7,,https://openneuro.org/crn/datasets/ds003745/snapshots/2.1.1/files/sub-112:func:sub-112_task-sharedreward_run-01_events.tsv,s3://openneuro.org/ds003745/sub-112/func/sub-112_task-sharedreward_run-01_events.tsv
derivatives/fmriprep/sub-112/func/sub-112_task-sharedreward_run-2_space-MNI152NLin2009cAsym_desc-preproc_bold.nii.gz,bold-mni,transport,fmriprep,74565748,9b1dea9b932fb359e912e5e6e7292146,,https://openneuro.org/crn/datasets/ds003745/snapshots/2.1.1/files/derivatives:fmriprep:sub-112:func:sub-112_task-sharedreward_run-2_space-MNI152NLin2009cAsym_desc-preproc_bold.nii.gz,s3://openneuro.org/ds003745/derivatives/fmriprep/sub-112/func/sub-112_task-sharedreward_run-2_space-MNI152NLin2009cAsym_desc-preproc_bold.nii.gz
derivatives/fmriprep/sub-112/func/sub-112_task-sharedreward_run-2_space-MNI152NLin2009cAsym_desc-brain_mask.nii.gz,mask-mni,transport,fmriprep,3710,3e99a678c5dd7bfafccc3ee4e9290eaa,,https://openneuro.org/crn/datasets/ds003745/snapshots/2.1.1/files/derivatives:fmriprep:sub-112:func:sub-112_task-sharedreward_run-2_space-MNI152NLin2009cAsym_desc-brain_mask.nii.gz,s3://openneuro.org/ds003745/derivatives/fmriprep/sub-112/func/sub-112_task-sharedreward_run-2_space-MNI152NLin2009cAsym_desc-brain_mask.nii.gz
derivatives/fmriprep/sub-112/func/sub-112_task-sharedreward_run-2_desc-confounds_timeseries.tsv,confounds,transport,fmriprep,526382,0cafebf9433ee18a359ca030ddacda39,,https://openneuro.org/crn/datasets/ds003745/snapshots/2.1.1/files/derivatives:fmriprep:sub-112:func:sub-112_task-sharedreward_run-2_desc-confounds_timeseries.tsv,s3://openneuro.org/ds003745/derivatives/fmriprep/sub-112/func/sub-112_task-sharedreward_run-2_desc-confounds_timeseries.tsv
sub-112/func/sub-112_task-sharedreward_run-02_events.tsv,events,transport,raw,4031,c244c38bedf682af0288a115089522f8,,https://openneuro.org/crn/datasets/ds003745/snapshots/2.1.1/files/sub-112:func:sub-112_task-sharedreward_run-02_events.tsv,s3://openneuro.org/ds003745/sub-112/func/sub-112_task-sharedreward_run-02_events.tsv
derivatives/fmriprep/sub-113/anat/sub-113_space-MNI152NLin2009cAsym_desc-preproc_T1w.nii.gz,anat-T1w-mni,core,fmriprep,8164427,ec197581be94cc4b9abea8b977061c52,,https://openneuro.org/crn/datasets/ds003745/snapshots/2.1.1/files/derivatives:fmriprep:sub-113:anat:sub-113_space-MNI152NLin2009cAsym_desc-preproc_T1w.nii.gz,s3://openneuro.org/ds003745/derivatives/fmriprep/sub-113/anat/sub-113_space-MNI152NLin2009cAsym_desc-preproc_T1w.nii.gz
derivatives/fmriprep/sub-113/anat/sub-113_space-MNI152NLin2009cAsym_desc-brain_mask.nii.gz,anat-mask-mni,core,fmriprep,56769,342d385bd94283d6999395ff7e143276,,https://openneuro.org/crn/datasets/ds003745/snapshots/2.1.1/files/derivatives:fmriprep:sub-113:anat:sub-113_space-MNI152NLin2009cAsym_desc-brain_mask.nii.gz,s3://openneuro.org/ds003745/derivatives/fmriprep/sub-113/anat/sub-113_space-MNI152NLin2009cAsym_desc-brain_mask.nii.gz
derivatives/fmriprep/sub-113/anat/sub-113_space-MNI152NLin2009cAsym_label-GM_probseg.nii.gz,anat-gm-probseg,core,fmriprep,6473949,286c63028f1987c65daf6dd406fde13b,,https://openneuro.org/crn/datasets/ds003745/snapshots/2.1.1/files/derivatives:fmriprep:sub-113:anat:sub-113_space-MNI152NLin2009cAsym_label-GM_probseg.nii.gz,s3://openneuro.org/ds003745/derivatives/fmriprep/sub-113/anat/sub-113_space-MNI152NLin2009cAsym_label-GM_probseg.nii.gz
derivatives/fmriprep/sub-113/anat/sub-113_space-MNI152NLin2009cAsym_dseg.nii.gz,anat-dseg-mni,core,fmriprep,259291,b49d3226dabdf2986bc9408fe082743f,,https://openneuro.org/crn/datasets/ds003745/snapshots/2.1.1/files/derivatives:fmriprep:sub-113:anat:sub-113_space-MNI152NLin2009cAsym_dseg.nii.gz,s3://openneuro.org/ds003745/derivatives/fmriprep/sub-113/anat/sub-113_space-MNI152NLin2009cAsym_dseg.nii.gz
derivatives/fmriprep/sub-113/func/sub-113_task-trust_run-1_space-MNI152NLin2009cAsym_desc-preproc_bold.nii.gz,bold-mni,core,fmriprep,82709192,fde3fac69d211fb06bfeaa3cbfed9d41,,https://openneuro.org/crn/datasets/ds003745/snapshots/2.1.1/files/derivatives:fmriprep:sub-113:func:sub-113_task-trust_run-1_space-MNI152NLin2009cAsym_desc-preproc_bold.nii.gz,s3://openneuro.org/ds003745/derivatives/fmriprep/sub-113/func/sub-113_task-trust_run-1_space-MNI152NLin2009cAsym_desc-preproc_bold.nii.gz
derivatives/fmriprep/sub-113/func/sub-113_task-trust_run-1_space-MNI152NLin2009cAsym_desc-brain_mask.nii.gz,mask-mni,core,fmriprep,3511,83f4a98b1238be5fb735dc2566a5d2c8,,https://openneuro.org/crn/datasets/ds003745/snapshots/2.1.1/files/derivatives:fmriprep:sub-113:func:sub-113_task-trust_run-1_space-MNI152NLin2009cAsym_desc-brain_mask.nii.gz,s3://openneuro.org/ds003745/derivatives/fmriprep/sub-113/func/sub-113_task-trust_run-1_space-MNI152NLin2009cAsym_desc-brain_mask.nii.gz
derivatives/fmriprep/sub-113/func/sub-113_task-trust_run-1_desc-confounds_timeseries.tsv,confounds,core,fmriprep,535950,c3eda950475122dcbaee3e2d72045be7,,https://openneuro.org/crn/datasets/ds003745/snapshots/2.1.1/files/derivatives:fmriprep:sub-113:func:sub-113_task-trust_run-1_desc-confounds_timeseries.tsv,s3://openneuro.org/ds003745/derivatives/fmriprep/sub-113/func/sub-113_task-trust_run-1_desc-confounds_timeseries.tsv
sub-113/func/sub-113_task-trust_run-01_events.tsv,events,core,raw,4037,3ae0dd311e02d494f11ae02a74e93869,,https://openneuro.org/crn/datasets/ds003745/snapshots/2.1.1/files/sub-113:func:sub-113_task-trust_run-01_events.tsv,s3://openneuro.org/ds003745/sub-113/func/sub-113_task-trust_run-01_events.tsv
derivatives/fmriprep/sub-113/func/sub-113_task-trust_run-2_space-MNI152NLin2009cAsym_desc-preproc_bold.nii.gz,bold-mni,core,fmriprep,82774674,8b4aa8415bd53aab571d794cdabba3da,,https://openneuro.org/crn/datasets/ds003745/snapshots/2.1.1/files/derivatives:fmriprep:sub-113:func:sub-113_task-trust_run-2_space-MNI152NLin2009cAsym_desc-preproc_bold.nii.gz,s3://openneuro.org/ds003745/derivatives/fmriprep/sub-113/func/sub-113_task-trust_run-2_space-MNI152NLin2009cAsym_desc-preproc_bold.nii.gz
derivatives/fmriprep/sub-113/func/sub-113_task-trust_run-2_space-MNI152NLin2009cAsym_desc-brain_mask.nii.gz,mask-mni,core,fmriprep,3468,d08dc1a89984299b783e2f7d31a32a04,,https://openneuro.org/crn/datasets/ds003745/snapshots/2.1.1/files/derivatives:fmriprep:sub-113:func:sub-113_task-trust_run-2_space-MNI152NLin2009cAsym_desc-brain_mask.nii.gz,s3://openneuro.org/ds003745/derivatives/fmriprep/sub-113/func/sub-113_task-trust_run-2_space-MNI152NLin2009cAsym_desc-brain_mask.nii.gz
derivatives/fmriprep/sub-113/func/sub-113_task-trust_run-2_desc-confounds_timeseries.tsv,confounds,core,fmriprep,621171,40cee93bee67982520f93a53a7961a26,,https://openneuro.org/crn/datasets/ds003745/snapshots/2.1.1/files/derivatives:fmriprep:sub-113:func:sub-113_task-trust_run-2_desc-confounds_timeseries.tsv,s3://openneuro.org/ds003745/derivatives/fmriprep/sub-113/func/sub-113_task-trust_run-2_desc-confounds_timeseries.tsv
sub-113/func/sub-113_task-trust_run-02_events.tsv,events,core,raw,4091,c513b6cd975f20aaac25363b564d7a61,,https://openneuro.org/crn/datasets/ds003745/snapshots/2.1.1/files/sub-113:func:sub-113_task-trust_run-02_events.tsv,s3://openneuro.org/ds003745/sub-113/func/sub-113_task-trust_run-02_events.tsv
derivatives/fmriprep/sub-113/func/sub-113_task-trust_run-3_space-MNI152NLin2009cAsym_desc-preproc_bold.nii.gz,bold-mni,core,fmriprep,83134722,151557263557b098611a41134fd40cd3,,https://openneuro.org/crn/datasets/ds003745/snapshots/2.1.1/files/derivatives:fmriprep:sub-113:func:sub-113_task-trust_run-3_space-MNI152NLin2009cAsym_desc-preproc_bold.nii.gz,s3://openneuro.org/ds003745/derivatives/fmriprep/sub-113/func/sub-113_task-trust_run-3_space-MNI152NLin2009cAsym_desc-preproc_bold.nii.gz
derivatives/fmriprep/sub-113/func/sub-113_task-trust_run-3_space-MNI152NLin2009cAsym_desc-brain_mask.nii.gz,mask-mni,core,fmriprep,3472,eb267f82e4fa2bdd3838cecd7206af44,,https://openneuro.org/crn/datasets/ds003745/snapshots/2.1.1/files/derivatives:fmriprep:sub-113:func:sub-113_task-trust_run-3_space-MNI152NLin2009cAsym_desc-brain_mask.nii.gz,s3://openneuro.org/ds003745/derivatives/fmriprep/sub-113/func/sub-113_task-trust_run-3_space-MNI152NLin2009cAsym_desc-brain_mask.nii.gz
derivatives/fmriprep/sub-113/func/sub-113_task-trust_run-3_desc-confounds_timeseries.tsv,confounds,core,fmriprep,602477,7a5b6a8051bd3ac27c979abb6ca29563,,https://openneuro.org/crn/datasets/ds003745/snapshots/2.1.1/files/derivatives:fmriprep:sub-113:func:sub-113_task-trust_run-3_desc-confounds_timeseries.tsv,s3://openneuro.org/ds003745/derivatives/fmriprep/sub-113/func/sub-113_task-trust_run-3_desc-confounds_timeseries.tsv
sub-113/func/sub-113_task-trust_run-03_events.tsv,events,core,raw,4099,aca94de0eac7b5ec76087c75cb835a71,,https://openneuro.org/crn/datasets/ds003745/snapshots/2.1.1/files/sub-113:func:sub-113_task-trust_run-03_events.tsv,s3://openneuro.org/ds003745/sub-113/func/sub-113_task-trust_run-03_events.tsv
derivatives/fmriprep/sub-113/func/sub-113_task-trust_run-4_space-MNI152NLin2009cAsym_desc-preproc_bold.nii.gz,bold-mni,core,fmriprep,83192893,a3f082f8d3fb7d26a8ebadf4156e4b4a,,https://openneuro.org/crn/datasets/ds003745/snapshots/2.1.1/files/derivatives:fmriprep:sub-113:func:sub-113_task-trust_run-4_space-MNI152NLin2009cAsym_desc-preproc_bold.nii.gz,s3://openneuro.org/ds003745/derivatives/fmriprep/sub-113/func/sub-113_task-trust_run-4_space-MNI152NLin2009cAsym_desc-preproc_bold.nii.gz
derivatives/fmriprep/sub-113/func/sub-113_task-trust_run-4_space-MNI152NLin2009cAsym_desc-brain_mask.nii.gz,mask-mni,core,fmriprep,3442,05364c88535a64da5f2f4f3ecab1b6fb,,https://openneuro.org/crn/datasets/ds003745/snapshots/2.1.1/files/derivatives:fmriprep:sub-113:func:sub-113_task-trust_run-4_space-MNI152NLin2009cAsym_desc-brain_mask.nii.gz,s3://openneuro.org/ds003745/derivatives/fmriprep/sub-113/func/sub-113_task-trust_run-4_space-MNI152NLin2009cAsym_desc-brain_mask.nii.gz
derivatives/fmriprep/sub-113/func/sub-113_task-trust_run-4_desc-confounds_timeseries.tsv,confounds,core,fmriprep,589241,03110a2e1e85c8f98cbc3025f42e74d6,,https://openneuro.org/crn/datasets/ds003745/snapshots/2.1.1/files/derivatives:fmriprep:sub-113:func:sub-113_task-trust_run-4_desc-confounds_timeseries.tsv,s3://openneuro.org/ds003745/derivatives/fmriprep/sub-113/func/sub-113_task-trust_run-4_desc-confounds_timeseries.tsv
sub-113/func/sub-113_task-trust_run-04_events.tsv,events,core,raw,4164,cf775427d9271114c2f35261ce00d12d,,https://openneuro.org/crn/datasets/ds003745/snapshots/2.1.1/files/sub-113:func:sub-113_task-trust_run-04_events.tsv,s3://openneuro.org/ds003745/sub-113/func/sub-113_task-trust_run-04_events.tsv
derivatives/fmriprep/sub-113/func/sub-113_task-trust_run-5_space-MNI152NLin2009cAsym_desc-preproc_bold.nii.gz,bold-mni,core,fmriprep,83184741,c947783a52bd233772c3fda5b9ca1a3b,,https://openneuro.org/crn/datasets/ds003745/snapshots/2.1.1/files/derivatives:fmriprep:sub-113:func:sub-113_task-trust_run-5_space-MNI152NLin2009cAsym_desc-preproc_bold.nii.gz,s3://openneuro.org/ds003745/derivatives/fmriprep/sub-113/func/sub-113_task-trust_run-5_space-MNI152NLin2009cAsym_desc-preproc_bold.nii.gz
derivatives/fmriprep/sub-113/func/sub-113_task-trust_run-5_space-MNI152NLin2009cAsym_desc-brain_mask.nii.gz,mask-mni,core,fmriprep,3515,3ec85d8bb10f81ca9e3a62029e0e7edd,,https://openneuro.org/crn/datasets/ds003745/snapshots/2.1.1/files/derivatives:fmriprep:sub-113:func:sub-113_task-trust_run-5_space-MNI152NLin2009cAsym_desc-brain_mask.nii.gz,s3://openneuro.org/ds003745/derivatives/fmriprep/sub-113/func/sub-113_task-trust_run-5_space-MNI152NLin2009cAsym_desc-brain_mask.nii.gz
derivatives/fmriprep/sub-113/func/sub-113_task-trust_run-5_desc-confounds_timeseries.tsv,confounds,core,fmriprep,488214,f9b1da4561affcdab0cdb225526a41ec,,https://openneuro.org/crn/datasets/ds003745/snapshots/2.1.1/files/derivatives:fmriprep:sub-113:func:sub-113_task-trust_run-5_desc-confounds_timeseries.tsv,s3://openneuro.org/ds003745/derivatives/fmriprep/sub-113/func/sub-113_task-trust_run-5_desc-confounds_timeseries.tsv
sub-113/func/sub-113_task-trust_run-05_events.tsv,events,core,raw,4168,1740f7e1992b69a43bf594ac96548395,,https://openneuro.org/crn/datasets/ds003745/snapshots/2.1.1/files/sub-113:func:sub-113_task-trust_run-05_events.tsv,s3://openneuro.org/ds003745/sub-113/func/sub-113_task-trust_run-05_events.tsv
derivatives/fmriprep/sub-113/func/sub-113_task-sharedreward_run-1_space-MNI152NLin2009cAsym_desc-preproc_bold.nii.gz,bold-mni,transport,fmriprep,77629424,a2077245dd127418a7371d2be0d13f9c,,https://openneuro.org/crn/datasets/ds003745/snapshots/2.1.1/files/derivatives:fmriprep:sub-113:func:sub-113_task-sharedreward_run-1_space-MNI152NLin2009cAsym_desc-preproc_bold.nii.gz,s3://openneuro.org/ds003745/derivatives/fmriprep/sub-113/func/sub-113_task-sharedreward_run-1_space-MNI152NLin2009cAsym_desc-preproc_bold.nii.gz
derivatives/fmriprep/sub-113/func/sub-113_task-sharedreward_run-1_space-MNI152NLin2009cAsym_desc-brain_mask.nii.gz,mask-mni,transport,fmriprep,3493,f5382b84ac391ee40c2b30fe82ef9d41,,https://openneuro.org/crn/datasets/ds003745/snapshots/2.1.1/files/derivatives:fmriprep:sub-113:func:sub-113_task-sharedreward_run-1_space-MNI152NLin2009cAsym_desc-brain_mask.nii.gz,s3://openneuro.org/ds003745/derivatives/fmriprep/sub-113/func/sub-113_task-sharedreward_run-1_space-MNI152NLin2009cAsym_desc-brain_mask.nii.gz
derivatives/fmriprep/sub-113/func/sub-113_task-sharedreward_run-1_desc-confounds_timeseries.tsv,confounds,transport,fmriprep,480405,83870218fdabc4fe35221243abd90ced,,https://openneuro.org/crn/datasets/ds003745/snapshots/2.1.1/files/derivatives:fmriprep:sub-113:func:sub-113_task-sharedreward_run-1_desc-confounds_timeseries.tsv,s3://openneuro.org/ds003745/derivatives/fmriprep/sub-113/func/sub-113_task-sharedreward_run-1_desc-confounds_timeseries.tsv
sub-113/func/sub-113_task-sharedreward_run-01_events.tsv,events,transport,raw,4084,81d55cedc04f67182c041af8c9a898ab,,https://openneuro.org/crn/datasets/ds003745/snapshots/2.1.1/files/sub-113:func:sub-113_task-sharedreward_run-01_events.tsv,s3://openneuro.org/ds003745/sub-113/func/sub-113_task-sharedreward_run-01_events.tsv
derivatives/fmriprep/sub-113/func/sub-113_task-sharedreward_run-2_space-MNI152NLin2009cAsym_desc-preproc_bold.nii.gz,bold-mni,transport,fmriprep,77468133,e7931af92bde53a7c3882edd83bc031f,,https://openneuro.org/crn/datasets/ds003745/snapshots/2.1.1/files/derivatives:fmriprep:sub-113:func:sub-113_task-sharedreward_run-2_space-MNI152NLin2009cAsym_desc-preproc_bold.nii.gz,s3://openneuro.org/ds003745/derivatives/fmriprep/sub-113/func/sub-113_task-sharedreward_run-2_space-MNI152NLin2009cAsym_desc-preproc_bold.nii.gz
derivatives/fmriprep/sub-113/func/sub-113_task-sharedreward_run-2_space-MNI152NLin2009cAsym_desc-brain_mask.nii.gz,mask-mni,transport,fmriprep,3599,5bf625bcf14a45981ad01f1dfe143631,,https://openneuro.org/crn/datasets/ds003745/snapshots/2.1.1/files/derivatives:fmriprep:sub-113:func:sub-113_task-sharedreward_run-2_space-MNI152NLin2009cAsym_desc-brain_mask.nii.gz,s3://openneuro.org/ds003745/derivatives/fmriprep/sub-113/func/sub-113_task-sharedreward_run-2_space-MNI152NLin2009cAsym_desc-brain_mask.nii.gz
derivatives/fmriprep/sub-113/func/sub-113_task-sharedreward_run-2_desc-confounds_timeseries.tsv,confounds,transport,fmriprep,481542,a972019497744582ddfe812c6f5dae66,,https://openneuro.org/crn/datasets/ds003745/snapshots/2.1.1/files/derivatives:fmriprep:sub-113:func:sub-113_task-sharedreward_run-2_desc-confounds_timeseries.tsv,s3://openneuro.org/ds003745/derivatives/fmriprep/sub-113/func/sub-113_task-sharedreward_run-2_desc-confounds_timeseries.tsv
sub-113/func/sub-113_task-sharedreward_run-02_events.tsv,events,transport,raw,4046,401351473e16301537869c50b39fe2de,,https://openneuro.org/crn/datasets/ds003745/snapshots/2.1.1/files/sub-113:func:sub-113_task-sharedreward_run-02_events.tsv,s3://openneuro.org/ds003745/sub-113/func/sub-113_task-sharedreward_run-02_events.tsv
derivatives/fmriprep/sub-111/anat/sub-111_space-MNI152NLin2009cAsym_desc-preproc_T1w.nii.gz,anat-T1w-mni,core,fmriprep,8125642,b251fcb3dea13a1c0ed790abfb78699b,,https://openneuro.org/crn/datasets/ds003745/snapshots/2.1.1/files/derivatives:fmriprep:sub-111:anat:sub-111_space-MNI152NLin2009cAsym_desc-preproc_T1w.nii.gz,s3://openneuro.org/ds003745/derivatives/fmriprep/sub-111/anat/sub-111_space-MNI152NLin2009cAsym_desc-preproc_T1w.nii.gz
derivatives/fmriprep/sub-111/anat/sub-111_space-MNI152NLin2009cAsym_desc-brain_mask.nii.gz,anat-mask-mni,core,fmriprep,64526,94b6fc4740ef9b74782a4ad36ead8d34,,https://openneuro.org/crn/datasets/ds003745/snapshots/2.1.1/files/derivatives:fmriprep:sub-111:anat:sub-111_space-MNI152NLin2009cAsym_desc-brain_mask.nii.gz,s3://openneuro.org/ds003745/derivatives/fmriprep/sub-111/anat/sub-111_space-MNI152NLin2009cAsym_desc-brain_mask.nii.gz
derivatives/fmriprep/sub-111/anat/sub-111_space-MNI152NLin2009cAsym_label-GM_probseg.nii.gz,anat-gm-probseg,core,fmriprep,6413093,cc7892a1cde9ef554d34a9cd70b1eca9,,https://openneuro.org/crn/datasets/ds003745/snapshots/2.1.1/files/derivatives:fmriprep:sub-111:anat:sub-111_space-MNI152NLin2009cAsym_label-GM_probseg.nii.gz,s3://openneuro.org/ds003745/derivatives/fmriprep/sub-111/anat/sub-111_space-MNI152NLin2009cAsym_label-GM_probseg.nii.gz
derivatives/fmriprep/sub-111/anat/sub-111_space-MNI152NLin2009cAsym_dseg.nii.gz,anat-dseg-mni,core,fmriprep,292602,4c958f3c4f66c10c6515d65362d753a9,,https://openneuro.org/crn/datasets/ds003745/snapshots/2.1.1/files/derivatives:fmriprep:sub-111:anat:sub-111_space-MNI152NLin2009cAsym_dseg.nii.gz,s3://openneuro.org/ds003745/derivatives/fmriprep/sub-111/anat/sub-111_space-MNI152NLin2009cAsym_dseg.nii.gz
derivatives/fmriprep/sub-111/func/sub-111_task-trust_run-1_space-MNI152NLin2009cAsym_desc-preproc_bold.nii.gz,bold-mni,core,fmriprep,80167551,2d4b106f77b4700db363dd9719808d74,,https://openneuro.org/crn/datasets/ds003745/snapshots/2.1.1/files/derivatives:fmriprep:sub-111:func:sub-111_task-trust_run-1_space-MNI152NLin2009cAsym_desc-preproc_bold.nii.gz,s3://openneuro.org/ds003745/derivatives/fmriprep/sub-111/func/sub-111_task-trust_run-1_space-MNI152NLin2009cAsym_desc-preproc_bold.nii.gz
derivatives/fmriprep/sub-111/func/sub-111_task-trust_run-1_space-MNI152NLin2009cAsym_desc-brain_mask.nii.gz,mask-mni,core,fmriprep,3525,d4a90117bd118e3a7cf218227350bc3e,,https://openneuro.org/crn/datasets/ds003745/snapshots/2.1.1/files/derivatives:fmriprep:sub-111:func:sub-111_task-trust_run-1_space-MNI152NLin2009cAsym_desc-brain_mask.nii.gz,s3://openneuro.org/ds003745/derivatives/fmriprep/sub-111/func/sub-111_task-trust_run-1_space-MNI152NLin2009cAsym_desc-brain_mask.nii.gz
derivatives/fmriprep/sub-111/func/sub-111_task-trust_run-1_desc-confounds_timeseries.tsv,confounds,core,fmriprep,446663,3e104e8f73e2f3489941ab81608c3f31,,https://openneuro.org/crn/datasets/ds003745/snapshots/2.1.1/files/derivatives:fmriprep:sub-111:func:sub-111_task-trust_run-1_desc-confounds_timeseries.tsv,s3://openneuro.org/ds003745/derivatives/fmriprep/sub-111/func/sub-111_task-trust_run-1_desc-confounds_timeseries.tsv
sub-111/func/sub-111_task-trust_run-01_events.tsv,events,core,raw,2956,0d7b54eb54866136db58a64abaa13cd9,,https://openneuro.org/crn/datasets/ds003745/snapshots/2.1.1/files/sub-111:func:sub-111_task-trust_run-01_events.tsv,s3://openneuro.org/ds003745/sub-111/func/sub-111_task-trust_run-01_events.tsv
derivatives/fmriprep/sub-111/func/sub-111_task-trust_run-2_space-MNI152NLin2009cAsym_desc-preproc_bold.nii.gz,bold-mni,core,fmriprep,79763583,b6743b05c1d8ef62bd38dc08acc8fd09,,https://openneuro.org/crn/datasets/ds003745/snapshots/2.1.1/files/derivatives:fmriprep:sub-111:func:sub-111_task-trust_run-2_space-MNI152NLin2009cAsym_desc-preproc_bold.nii.gz,s3://openneuro.org/ds003745/derivatives/fmriprep/sub-111/func/sub-111_task-trust_run-2_space-MNI152NLin2009cAsym_desc-preproc_bold.nii.gz
derivatives/fmriprep/sub-111/func/sub-111_task-trust_run-2_space-MNI152NLin2009cAsym_desc-brain_mask.nii.gz,mask-mni,core,fmriprep,3452,f3d084a112e41172666ab9832b9fa049,,https://openneuro.org/crn/datasets/ds003745/snapshots/2.1.1/files/derivatives:fmriprep:sub-111:func:sub-111_task-trust_run-2_space-MNI152NLin2009cAsym_desc-brain_mask.nii.gz,s3://openneuro.org/ds003745/derivatives/fmriprep/sub-111/func/sub-111_task-trust_run-2_space-MNI152NLin2009cAsym_desc-brain_mask.nii.gz
derivatives/fmriprep/sub-111/func/sub-111_task-trust_run-2_desc-confounds_timeseries.tsv,confounds,core,fmriprep,463152,7eaf41ff0d4efeafec7fe55bbfdee429,,https://openneuro.org/crn/datasets/ds003745/snapshots/2.1.1/files/derivatives:fmriprep:sub-111:func:sub-111_task-trust_run-2_desc-confounds_timeseries.tsv,s3://openneuro.org/ds003745/derivatives/fmriprep/sub-111/func/sub-111_task-trust_run-2_desc-confounds_timeseries.tsv
sub-111/func/sub-111_task-trust_run-02_events.tsv,events,core,raw,3578,d817ce2944467a1ceb7daa96e6f722c0,,https://openneuro.org/crn/datasets/ds003745/snapshots/2.1.1/files/sub-111:func:sub-111_task-trust_run-02_events.tsv,s3://openneuro.org/ds003745/sub-111/func/sub-111_task-trust_run-02_events.tsv
derivatives/fmriprep/sub-111/func/sub-111_task-trust_run-3_space-MNI152NLin2009cAsym_desc-preproc_bold.nii.gz,bold-mni,core,fmriprep,80045106,23e808bf5201a2cb3b2b41f6d38b81ff,,https://openneuro.org/crn/datasets/ds003745/snapshots/2.1.1/files/derivatives:fmriprep:sub-111:func:sub-111_task-trust_run-3_space-MNI152NLin2009cAsym_desc-preproc_bold.nii.gz,s3://openneuro.org/ds003745/derivatives/fmriprep/sub-111/func/sub-111_task-trust_run-3_space-MNI152NLin2009cAsym_desc-preproc_bold.nii.gz
derivatives/fmriprep/sub-111/func/sub-111_task-trust_run-3_space-MNI152NLin2009cAsym_desc-brain_mask.nii.gz,mask-mni,core,fmriprep,3363,4a52ff75ed53fe7ee3fb1e9e9e678cb0,,https://openneuro.org/crn/datasets/ds003745/snapshots/2.1.1/files/derivatives:fmriprep:sub-111:func:sub-111_task-trust_run-3_space-MNI152NLin2009cAsym_desc-brain_mask.nii.gz,s3://openneuro.org/ds003745/derivatives/fmriprep/sub-111/func/sub-111_task-trust_run-3_space-MNI152NLin2009cAsym_desc-brain_mask.nii.gz
derivatives/fmriprep/sub-111/func/sub-111_task-trust_run-3_desc-confounds_timeseries.tsv,confounds,core,fmriprep,501977,0a4d2c55d80b5e31def641d907cc2586,,https://openneuro.org/crn/datasets/ds003745/snapshots/2.1.1/files/derivatives:fmriprep:sub-111:func:sub-111_task-trust_run-3_desc-confounds_timeseries.tsv,s3://openneuro.org/ds003745/derivatives/fmriprep/sub-111/func/sub-111_task-trust_run-3_desc-confounds_timeseries.tsv
sub-111/func/sub-111_task-trust_run-03_events.tsv,events,core,raw,4306,9bb7da16d27da3c630ff72ff3df51c4c,,https://openneuro.org/crn/datasets/ds003745/snapshots/2.1.1/files/sub-111:func:sub-111_task-trust_run-03_events.tsv,s3://openneuro.org/ds003745/sub-111/func/sub-111_task-trust_run-03_events.tsv
derivatives/fmriprep/sub-111/func/sub-111_task-trust_run-4_space-MNI152NLin2009cAsym_desc-preproc_bold.nii.gz,bold-mni,core,fmriprep,80240003,1c613bcd853a386e42ed84cbacbc877d,,https://openneuro.org/crn/datasets/ds003745/snapshots/2.1.1/files/derivatives:fmriprep:sub-111:func:sub-111_task-trust_run-4_space-MNI152NLin2009cAsym_desc-preproc_bold.nii.gz,s3://openneuro.org/ds003745/derivatives/fmriprep/sub-111/func/sub-111_task-trust_run-4_space-MNI152NLin2009cAsym_desc-preproc_bold.nii.gz
derivatives/fmriprep/sub-111/func/sub-111_task-trust_run-4_space-MNI152NLin2009cAsym_desc-brain_mask.nii.gz,mask-mni,core,fmriprep,3488,9cbcebf7784690bbc62132ba781ad268,,https://openneuro.org/crn/datasets/ds003745/snapshots/2.1.1/files/derivatives:fmriprep:sub-111:func:sub-111_task-trust_run-4_space-MNI152NLin2009cAsym_desc-brain_mask.nii.gz,s3://openneuro.org/ds003745/derivatives/fmriprep/sub-111/func/sub-111_task-trust_run-4_space-MNI152NLin2009cAsym_desc-brain_mask.nii.gz
derivatives/fmriprep/sub-111/func/sub-111_task-trust_run-4_desc-confounds_timeseries.tsv,confounds,core,fmriprep,429475,fb16658232ef853f3c7cb0530b98924d,,https://openneuro.org/crn/datasets/ds003745/snapshots/2.1.1/files/derivatives:fmriprep:sub-111:func:sub-111_task-trust_run-4_desc-confounds_timeseries.tsv,s3://openneuro.org/ds003745/derivatives/fmriprep/sub-111/func/sub-111_task-trust_run-4_desc-confounds_timeseries.tsv
sub-111/func/sub-111_task-trust_run-04_events.tsv,events,core,raw,4303,42e348c3b79f2847bcde68e17b175270,,https://openneuro.org/crn/datasets/ds003745/snapshots/2.1.1/files/sub-111:func:sub-111_task-trust_run-04_events.tsv,s3://openneuro.org/ds003745/sub-111/func/sub-111_task-trust_run-04_events.tsv
derivatives/fmriprep/sub-111/func/sub-111_task-trust_run-5_space-MNI152NLin2009cAsym_desc-preproc_bold.nii.gz,bold-mni,core,fmriprep,80191018,c63231f105cf61a489a06f2d18c140d2,,https://openneuro.org/crn/datasets/ds003745/snapshots/2.1.1/files/derivatives:fmriprep:sub-111:func:sub-111_task-trust_run-5_space-MNI152NLin2009cAsym_desc-preproc_bold.nii.gz,s3://openneuro.org/ds003745/derivatives/fmriprep/sub-111/func/sub-111_task-trust_run-5_space-MNI152NLin2009cAsym_desc-preproc_bold.nii.gz
derivatives/fmriprep/sub-111/func/sub-111_task-trust_run-5_space-MNI152NLin2009cAsym_desc-brain_mask.nii.gz,mask-mni,core,fmriprep,3416,c53d3590d2e8477b6547f0d0f70aa6fd,,https://openneuro.org/crn/datasets/ds003745/snapshots/2.1.1/files/derivatives:fmriprep:sub-111:func:sub-111_task-trust_run-5_space-MNI152NLin2009cAsym_desc-brain_mask.nii.gz,s3://openneuro.org/ds003745/derivatives/fmriprep/sub-111/func/sub-111_task-trust_run-5_space-MNI152NLin2009cAsym_desc-brain_mask.nii.gz
derivatives/fmriprep/sub-111/func/sub-111_task-trust_run-5_desc-confounds_timeseries.tsv,confounds,core,fmriprep,473898,c69a93cdfd7c817b0e809f301ae9b2b2,,https://openneuro.org/crn/datasets/ds003745/snapshots/2.1.1/files/derivatives:fmriprep:sub-111:func:sub-111_task-trust_run-5_desc-confounds_timeseries.tsv,s3://openneuro.org/ds003745/derivatives/fmriprep/sub-111/func/sub-111_task-trust_run-5_desc-confounds_timeseries.tsv
sub-111/func/sub-111_task-trust_run-05_events.tsv,events,core,raw,4242,4a97082488fca5ced0aaa880b0e6023b,,https://openneuro.org/crn/datasets/ds003745/snapshots/2.1.1/files/sub-111:func:sub-111_task-trust_run-05_events.tsv,s3://openneuro.org/ds003745/sub-111/func/sub-111_task-trust_run-05_events.tsv
derivatives/fmriprep/sub-111/func/sub-111_task-sharedreward_run-1_space-MNI152NLin2009cAsym_desc-preproc_bold.nii.gz,bold-mni,transport,fmriprep,74882658,4ebb08eb99d72eec2d7b7260619136c4,,https://openneuro.org/crn/datasets/ds003745/snapshots/2.1.1/files/derivatives:fmriprep:sub-111:func:sub-111_task-sharedreward_run-1_space-MNI152NLin2009cAsym_desc-preproc_bold.nii.gz,s3://openneuro.org/ds003745/derivatives/fmriprep/sub-111/func/sub-111_task-sharedreward_run-1_space-MNI152NLin2009cAsym_desc-preproc_bold.nii.gz
derivatives/fmriprep/sub-111/func/sub-111_task-sharedreward_run-1_space-MNI152NLin2009cAsym_desc-brain_mask.nii.gz,mask-mni,transport,fmriprep,3506,be1402c90b2b4fb766c559a6c622955f,,https://openneuro.org/crn/datasets/ds003745/snapshots/2.1.1/files/derivatives:fmriprep:sub-111:func:sub-111_task-sharedreward_run-1_space-MNI152NLin2009cAsym_desc-brain_mask.nii.gz,s3://openneuro.org/ds003745/derivatives/fmriprep/sub-111/func/sub-111_task-sharedreward_run-1_space-MNI152NLin2009cAsym_desc-brain_mask.nii.gz
derivatives/fmriprep/sub-111/func/sub-111_task-sharedreward_run-1_desc-confounds_timeseries.tsv,confounds,transport,fmriprep,462308,5c0c47cea538e7d2d6d7f9a83de4a14f,,https://openneuro.org/crn/datasets/ds003745/snapshots/2.1.1/files/derivatives:fmriprep:sub-111:func:sub-111_task-sharedreward_run-1_desc-confounds_timeseries.tsv,s3://openneuro.org/ds003745/derivatives/fmriprep/sub-111/func/sub-111_task-sharedreward_run-1_desc-confounds_timeseries.tsv
sub-111/func/sub-111_task-sharedreward_run-01_events.tsv,events,transport,raw,3531,f26644edba8584a8f60803dd73c7ab4b,,https://openneuro.org/crn/datasets/ds003745/snapshots/2.1.1/files/sub-111:func:sub-111_task-sharedreward_run-01_events.tsv,s3://openneuro.org/ds003745/sub-111/func/sub-111_task-sharedreward_run-01_events.tsv
derivatives/fmriprep/sub-111/func/sub-111_task-sharedreward_run-2_space-MNI152NLin2009cAsym_desc-preproc_bold.nii.gz,bold-mni,transport,fmriprep,74248470,671d31ab7cdae407320d4cffe212c619,,https://openneuro.org/crn/datasets/ds003745/snapshots/2.1.1/files/derivatives:fmriprep:sub-111:func:sub-111_task-sharedreward_run-2_space-MNI152NLin2009cAsym_desc-preproc_bold.nii.gz,s3://openneuro.org/ds003745/derivatives/fmriprep/sub-111/func/sub-111_task-sharedreward_run-2_space-MNI152NLin2009cAsym_desc-preproc_bold.nii.gz
derivatives/fmriprep/sub-111/func/sub-111_task-sharedreward_run-2_space-MNI152NLin2009cAsym_desc-brain_mask.nii.gz,mask-mni,transport,fmriprep,3483,7c7371179a98463931bd47ebc662fc64,,https://openneuro.org/crn/datasets/ds003745/snapshots/2.1.1/files/derivatives:fmriprep:sub-111:func:sub-111_task-sharedreward_run-2_space-MNI152NLin2009cAsym_desc-brain_mask.nii.gz,s3://openneuro.org/ds003745/derivatives/fmriprep/sub-111/func/sub-111_task-sharedreward_run-2_space-MNI152NLin2009cAsym_desc-brain_mask.nii.gz
derivatives/fmriprep/sub-111/func/sub-111_task-sharedreward_run-2_desc-confounds_timeseries.tsv,confounds,transport,fmriprep,427313,80391b7e9fac8050c3872bfa344c70d4,,https://openneuro.org/crn/datasets/ds003745/snapshots/2.1.1/files/derivatives:fmriprep:sub-111:func:sub-111_task-sharedreward_run-2_desc-confounds_timeseries.tsv,s3://openneuro.org/ds003745/derivatives/fmriprep/sub-111/func/sub-111_task-sharedreward_run-2_desc-confounds_timeseries.tsv
sub-111/func/sub-111_task-sharedreward_run-02_events.tsv,events,transport,raw,3933,cd5bdb156d706b61097829e7dc9be868,,https://openneuro.org/crn/datasets/ds003745/snapshots/2.1.1/files/sub-111:func:sub-111_task-sharedreward_run-02_events.tsv,s3://openneuro.org/ds003745/sub-111/func/sub-111_task-sharedreward_run-02_events.tsv
derivatives/fmriprep/sub-127/anat/sub-127_space-MNI152NLin2009cAsym_desc-preproc_T1w.nii.gz,anat-T1w-mni,core,fmriprep,8138242,d7749a780f97c791b8571d648b233cc6,,https://openneuro.org/crn/datasets/ds003745/snapshots/2.1.1/files/derivatives:fmriprep:sub-127:anat:sub-127_space-MNI152NLin2009cAsym_desc-preproc_T1w.nii.gz,s3://openneuro.org/ds003745/derivatives/fmriprep/sub-127/anat/sub-127_space-MNI152NLin2009cAsym_desc-preproc_T1w.nii.gz
derivatives/fmriprep/sub-127/anat/sub-127_space-MNI152NLin2009cAsym_desc-brain_mask.nii.gz,anat-mask-mni,core,fmriprep,57913,4efde6270b9330c7b2533d28e3ea1f80,,https://openneuro.org/crn/datasets/ds003745/snapshots/2.1.1/files/derivatives:fmriprep:sub-127:anat:sub-127_space-MNI152NLin2009cAsym_desc-brain_mask.nii.gz,s3://openneuro.org/ds003745/derivatives/fmriprep/sub-127/anat/sub-127_space-MNI152NLin2009cAsym_desc-brain_mask.nii.gz
derivatives/fmriprep/sub-127/anat/sub-127_space-MNI152NLin2009cAsym_label-GM_probseg.nii.gz,anat-gm-probseg,core,fmriprep,6490311,7e21344f7cc4765e7c56060208237068,,https://openneuro.org/crn/datasets/ds003745/snapshots/2.1.1/files/derivatives:fmriprep:sub-127:anat:sub-127_space-MNI152NLin2009cAsym_label-GM_probseg.nii.gz,s3://openneuro.org/ds003745/derivatives/fmriprep/sub-127/anat/sub-127_space-MNI152NLin2009cAsym_label-GM_probseg.nii.gz
derivatives/fmriprep/sub-127/anat/sub-127_space-MNI152NLin2009cAsym_dseg.nii.gz,anat-dseg-mni,core,fmriprep,280844,a5cf6a0f799e0289a8696b41bdca4868,,https://openneuro.org/crn/datasets/ds003745/snapshots/2.1.1/files/derivatives:fmriprep:sub-127:anat:sub-127_space-MNI152NLin2009cAsym_dseg.nii.gz,s3://openneuro.org/ds003745/derivatives/fmriprep/sub-127/anat/sub-127_space-MNI152NLin2009cAsym_dseg.nii.gz
derivatives/fmriprep/sub-127/func/sub-127_task-trust_run-1_space-MNI152NLin2009cAsym_desc-preproc_bold.nii.gz,bold-mni,core,fmriprep,86225776,71c94980d5ca71ccf951031c9bbe96dc,,https://openneuro.org/crn/datasets/ds003745/snapshots/2.1.1/files/derivatives:fmriprep:sub-127:func:sub-127_task-trust_run-1_space-MNI152NLin2009cAsym_desc-preproc_bold.nii.gz,s3://openneuro.org/ds003745/derivatives/fmriprep/sub-127/func/sub-127_task-trust_run-1_space-MNI152NLin2009cAsym_desc-preproc_bold.nii.gz
derivatives/fmriprep/sub-127/func/sub-127_task-trust_run-1_space-MNI152NLin2009cAsym_desc-brain_mask.nii.gz,mask-mni,core,fmriprep,3933,d5d62dfb79a631c52264b9bf8fbeface,,https://openneuro.org/crn/datasets/ds003745/snapshots/2.1.1/files/derivatives:fmriprep:sub-127:func:sub-127_task-trust_run-1_space-MNI152NLin2009cAsym_desc-brain_mask.nii.gz,s3://openneuro.org/ds003745/derivatives/fmriprep/sub-127/func/sub-127_task-trust_run-1_space-MNI152NLin2009cAsym_desc-brain_mask.nii.gz
derivatives/fmriprep/sub-127/func/sub-127_task-trust_run-1_desc-confounds_timeseries.tsv,confounds,core,fmriprep,617665,9be9b54542a7a755373113a558695c8b,,https://openneuro.org/crn/datasets/ds003745/snapshots/2.1.1/files/derivatives:fmriprep:sub-127:func:sub-127_task-trust_run-1_desc-confounds_timeseries.tsv,s3://openneuro.org/ds003745/derivatives/fmriprep/sub-127/func/sub-127_task-trust_run-1_desc-confounds_timeseries.tsv
sub-127/func/sub-127_task-trust_run-01_events.tsv,events,core,raw,3708,09076cffe7cdd7d8aab861900e80d03e,,https://openneuro.org/crn/datasets/ds003745/snapshots/2.1.1/files/sub-127:func:sub-127_task-trust_run-01_events.tsv,s3://openneuro.org/ds003745/sub-127/func/sub-127_task-trust_run-01_events.tsv
derivatives/fmriprep/sub-127/func/sub-127_task-trust_run-2_space-MNI152NLin2009cAsym_desc-preproc_bold.nii.gz,bold-mni,core,fmriprep,86255749,9cb83bb68ec80c93d5aeea974504b9f0,,https://openneuro.org/crn/datasets/ds003745/snapshots/2.1.1/files/derivatives:fmriprep:sub-127:func:sub-127_task-trust_run-2_space-MNI152NLin2009cAsym_desc-preproc_bold.nii.gz,s3://openneuro.org/ds003745/derivatives/fmriprep/sub-127/func/sub-127_task-trust_run-2_space-MNI152NLin2009cAsym_desc-preproc_bold.nii.gz
derivatives/fmriprep/sub-127/func/sub-127_task-trust_run-2_space-MNI152NLin2009cAsym_desc-brain_mask.nii.gz,mask-mni,core,fmriprep,4030,056795baa264a14b61d167c1f1eac219,,https://openneuro.org/crn/datasets/ds003745/snapshots/2.1.1/files/derivatives:fmriprep:sub-127:func:sub-127_task-trust_run-2_space-MNI152NLin2009cAsym_desc-brain_mask.nii.gz,s3://openneuro.org/ds003745/derivatives/fmriprep/sub-127/func/sub-127_task-trust_run-2_space-MNI152NLin2009cAsym_desc-brain_mask.nii.gz
derivatives/fmriprep/sub-127/func/sub-127_task-trust_run-2_desc-confounds_timeseries.tsv,confounds,core,fmriprep,603066,1bda9f6e1a310a9d1f79b89b35bf6df0,,https://openneuro.org/crn/datasets/ds003745/snapshots/2.1.1/files/derivatives:fmriprep:sub-127:func:sub-127_task-trust_run-2_desc-confounds_timeseries.tsv,s3://openneuro.org/ds003745/derivatives/fmriprep/sub-127/func/sub-127_task-trust_run-2_desc-confounds_timeseries.tsv
sub-127/func/sub-127_task-trust_run-02_events.tsv,events,core,raw,3715,b41b2ceed134070e36026c0aae7839a6,,https://openneuro.org/crn/datasets/ds003745/snapshots/2.1.1/files/sub-127:func:sub-127_task-trust_run-02_events.tsv,s3://openneuro.org/ds003745/sub-127/func/sub-127_task-trust_run-02_events.tsv
derivatives/fmriprep/sub-127/func/sub-127_task-trust_run-3_space-MNI152NLin2009cAsym_desc-preproc_bold.nii.gz,bold-mni,core,fmriprep,86119636,bc524dd821cebcf8bd59766d86c6c92a,,https://openneuro.org/crn/datasets/ds003745/snapshots/2.1.1/files/derivatives:fmriprep:sub-127:func:sub-127_task-trust_run-3_space-MNI152NLin2009cAsym_desc-preproc_bold.nii.gz,s3://openneuro.org/ds003745/derivatives/fmriprep/sub-127/func/sub-127_task-trust_run-3_space-MNI152NLin2009cAsym_desc-preproc_bold.nii.gz
derivatives/fmriprep/sub-127/func/sub-127_task-trust_run-3_space-MNI152NLin2009cAsym_desc-brain_mask.nii.gz,mask-mni,core,fmriprep,3883,8366e9e6a9e08f07b4888577c0642448,,https://openneuro.org/crn/datasets/ds003745/snapshots/2.1.1/files/derivatives:fmriprep:sub-127:func:sub-127_task-trust_run-3_space-MNI152NLin2009cAsym_desc-brain_mask.nii.gz,s3://openneuro.org/ds003745/derivatives/fmriprep/sub-127/func/sub-127_task-trust_run-3_space-MNI152NLin2009cAsym_desc-brain_mask.nii.gz
derivatives/fmriprep/sub-127/func/sub-127_task-trust_run-3_desc-confounds_timeseries.tsv,confounds,core,fmriprep,601604,709c1d4dbf78b69689392b45a0f187c6,,https://openneuro.org/crn/datasets/ds003745/snapshots/2.1.1/files/derivatives:fmriprep:sub-127:func:sub-127_task-trust_run-3_desc-confounds_timeseries.tsv,s3://openneuro.org/ds003745/derivatives/fmriprep/sub-127/func/sub-127_task-trust_run-3_desc-confounds_timeseries.tsv
sub-127/func/sub-127_task-trust_run-03_events.tsv,events,core,raw,3837,9fb06c047d00f857efbabf711d46b973,,https://openneuro.org/crn/datasets/ds003745/snapshots/2.1.1/files/sub-127:func:sub-127_task-trust_run-03_events.tsv,s3://openneuro.org/ds003745/sub-127/func/sub-127_task-trust_run-03_events.tsv
derivatives/fmriprep/sub-127/func/sub-127_task-trust_run-4_space-MNI152NLin2009cAsym_desc-preproc_bold.nii.gz,bold-mni,core,fmriprep,86034847,5e8743753b0155494fbbba3faf30ac31,,https://openneuro.org/crn/datasets/ds003745/snapshots/2.1.1/files/derivatives:fmriprep:sub-127:func:sub-127_task-trust_run-4_space-MNI152NLin2009cAsym_desc-preproc_bold.nii.gz,s3://openneuro.org/ds003745/derivatives/fmriprep/sub-127/func/sub-127_task-trust_run-4_space-MNI152NLin2009cAsym_desc-preproc_bold.nii.gz
derivatives/fmriprep/sub-127/func/sub-127_task-trust_run-4_space-MNI152NLin2009cAsym_desc-brain_mask.nii.gz,mask-mni,core,fmriprep,3946,42b452cdf171f019c4518937d722d7b5,,https://openneuro.org/crn/datasets/ds003745/snapshots/2.1.1/files/derivatives:fmriprep:sub-127:func:sub-127_task-trust_run-4_space-MNI152NLin2009cAsym_desc-brain_mask.nii.gz,s3://openneuro.org/ds003745/derivatives/fmriprep/sub-127/func/sub-127_task-trust_run-4_space-MNI152NLin2009cAsym_desc-brain_mask.nii.gz
derivatives/fmriprep/sub-127/func/sub-127_task-trust_run-4_desc-confounds_timeseries.tsv,confounds,core,fmriprep,586085,9b2303aae5cd01a592d0ad3d0b69f6d4,,https://openneuro.org/crn/datasets/ds003745/snapshots/2.1.1/files/derivatives:fmriprep:sub-127:func:sub-127_task-trust_run-4_desc-confounds_timeseries.tsv,s3://openneuro.org/ds003745/derivatives/fmriprep/sub-127/func/sub-127_task-trust_run-4_desc-confounds_timeseries.tsv
sub-127/func/sub-127_task-trust_run-04_events.tsv,events,core,raw,3773,535ab1763ebd513e1d38c0cf4f3aea57,,https://openneuro.org/crn/datasets/ds003745/snapshots/2.1.1/files/sub-127:func:sub-127_task-trust_run-04_events.tsv,s3://openneuro.org/ds003745/sub-127/func/sub-127_task-trust_run-04_events.tsv
derivatives/fmriprep/sub-127/func/sub-127_task-trust_run-5_space-MNI152NLin2009cAsym_desc-preproc_bold.nii.gz,bold-mni,core,fmriprep,86382413,ba68c4e9147210c9a7c03ba099da453e,,https://openneuro.org/crn/datasets/ds003745/snapshots/2.1.1/files/derivatives:fmriprep:sub-127:func:sub-127_task-trust_run-5_space-MNI152NLin2009cAsym_desc-preproc_bold.nii.gz,s3://openneuro.org/ds003745/derivatives/fmriprep/sub-127/func/sub-127_task-trust_run-5_space-MNI152NLin2009cAsym_desc-preproc_bold.nii.gz
derivatives/fmriprep/sub-127/func/sub-127_task-trust_run-5_space-MNI152NLin2009cAsym_desc-brain_mask.nii.gz,mask-mni,core,fmriprep,4009,9667e80500acb5502eeb1a7eb896f742,,https://openneuro.org/crn/datasets/ds003745/snapshots/2.1.1/files/derivatives:fmriprep:sub-127:func:sub-127_task-trust_run-5_space-MNI152NLin2009cAsym_desc-brain_mask.nii.gz,s3://openneuro.org/ds003745/derivatives/fmriprep/sub-127/func/sub-127_task-trust_run-5_space-MNI152NLin2009cAsym_desc-brain_mask.nii.gz
derivatives/fmriprep/sub-127/func/sub-127_task-trust_run-5_desc-confounds_timeseries.tsv,confounds,core,fmriprep,610351,e32f408b86e1d50404556a9b5d0402ba,,https://openneuro.org/crn/datasets/ds003745/snapshots/2.1.1/files/derivatives:fmriprep:sub-127:func:sub-127_task-trust_run-5_desc-confounds_timeseries.tsv,s3://openneuro.org/ds003745/derivatives/fmriprep/sub-127/func/sub-127_task-trust_run-5_desc-confounds_timeseries.tsv
sub-127/func/sub-127_task-trust_run-05_events.tsv,events,core,raw,3773,0ffe4d21270d797c0e04708441bf2785,,https://openneuro.org/crn/datasets/ds003745/snapshots/2.1.1/files/sub-127:func:sub-127_task-trust_run-05_events.tsv,s3://openneuro.org/ds003745/sub-127/func/sub-127_task-trust_run-05_events.tsv
derivatives/fmriprep/sub-127/func/sub-127_task-sharedreward_run-1_space-MNI152NLin2009cAsym_desc-preproc_bold.nii.gz,bold-mni,transport,fmriprep,80481110,e025ef1aa0668268f8fb4428c8de32fb,,https://openneuro.org/crn/datasets/ds003745/snapshots/2.1.1/files/derivatives:fmriprep:sub-127:func:sub-127_task-sharedreward_run-1_space-MNI152NLin2009cAsym_desc-preproc_bold.nii.gz,s3://openneuro.org/ds003745/derivatives/fmriprep/sub-127/func/sub-127_task-sharedreward_run-1_space-MNI152NLin2009cAsym_desc-preproc_bold.nii.gz
derivatives/fmriprep/sub-127/func/sub-127_task-sharedreward_run-1_space-MNI152NLin2009cAsym_desc-brain_mask.nii.gz,mask-mni,transport,fmriprep,3877,7ac66560e91a07db4eae61e8f8bb9098,,https://openneuro.org/crn/datasets/ds003745/snapshots/2.1.1/files/derivatives:fmriprep:sub-127:func:sub-127_task-sharedreward_run-1_space-MNI152NLin2009cAsym_desc-brain_mask.nii.gz,s3://openneuro.org/ds003745/derivatives/fmriprep/sub-127/func/sub-127_task-sharedreward_run-1_space-MNI152NLin2009cAsym_desc-brain_mask.nii.gz
derivatives/fmriprep/sub-127/func/sub-127_task-sharedreward_run-1_desc-confounds_timeseries.tsv,confounds,transport,fmriprep,542631,dc340f48a5c1442298c0dd375b4b49d5,,https://openneuro.org/crn/datasets/ds003745/snapshots/2.1.1/files/derivatives:fmriprep:sub-127:func:sub-127_task-sharedreward_run-1_desc-confounds_timeseries.tsv,s3://openneuro.org/ds003745/derivatives/fmriprep/sub-127/func/sub-127_task-sharedreward_run-1_desc-confounds_timeseries.tsv
sub-127/func/sub-127_task-sharedreward_run-01_events.tsv,events,transport,raw,4055,04d2812c5bed0b2297d05095ebc1ebaa,,https://openneuro.org/crn/datasets/ds003745/snapshots/2.1.1/files/sub-127:func:sub-127_task-sharedreward_run-01_events.tsv,s3://openneuro.org/ds003745/sub-127/func/sub-127_task-sharedreward_run-01_events.tsv
derivatives/fmriprep/sub-127/func/sub-127_task-sharedreward_run-2_space-MNI152NLin2009cAsym_desc-preproc_bold.nii.gz,bold-mni,transport,fmriprep,80026696,cccecb1b989a78b0540785e550557146,,https://openneuro.org/crn/datasets/ds003745/snapshots/2.1.1/files/derivatives:fmriprep:sub-127:func:sub-127_task-sharedreward_run-2_space-MNI152NLin2009cAsym_desc-preproc_bold.nii.gz,s3://openneuro.org/ds003745/derivatives/fmriprep/sub-127/func/sub-127_task-sharedreward_run-2_space-MNI152NLin2009cAsym_desc-preproc_bold.nii.gz
derivatives/fmriprep/sub-127/func/sub-127_task-sharedreward_run-2_space-MNI152NLin2009cAsym_desc-brain_mask.nii.gz,mask-mni,transport,fmriprep,3902,a4b773e5e0fc0f88ccfab4f4caa8c5d5,,https://openneuro.org/crn/datasets/ds003745/snapshots/2.1.1/files/derivatives:fmriprep:sub-127:func:sub-127_task-sharedreward_run-2_space-MNI152NLin2009cAsym_desc-brain_mask.nii.gz,s3://openneuro.org/ds003745/derivatives/fmriprep/sub-127/func/sub-127_task-sharedreward_run-2_space-MNI152NLin2009cAsym_desc-brain_mask.nii.gz
derivatives/fmriprep/sub-127/func/sub-127_task-sharedreward_run-2_desc-confounds_timeseries.tsv,confounds,transport,fmriprep,503268,7150dacdb5fca65f4741e0c712fa805e,,https://openneuro.org/crn/datasets/ds003745/snapshots/2.1.1/files/derivatives:fmriprep:sub-127:func:sub-127_task-sharedreward_run-2_desc-confounds_timeseries.tsv,s3://openneuro.org/ds003745/derivatives/fmriprep/sub-127/func/sub-127_task-sharedreward_run-2_desc-confounds_timeseries.tsv
sub-127/func/sub-127_task-sharedreward_run-02_events.tsv,events,transport,raw,4051,1e18df32b180486341047f0bc50c59d4,,https://openneuro.org/crn/datasets/ds003745/snapshots/2.1.1/files/sub-127:func:sub-127_task-sharedreward_run-02_events.tsv,s3://openneuro.org/ds003745/sub-127/func/sub-127_task-sharedreward_run-02_events.tsv
derivatives/fmriprep/sub-128/anat/sub-128_space-MNI152NLin2009cAsym_desc-preproc_T1w.nii.gz,anat-T1w-mni,core,fmriprep,8111860,8ebb47b693a51b0a5621ea85e7ff642c,,https://openneuro.org/crn/datasets/ds003745/snapshots/2.1.1/files/derivatives:fmriprep:sub-128:anat:sub-128_space-MNI152NLin2009cAsym_desc-preproc_T1w.nii.gz,s3://openneuro.org/ds003745/derivatives/fmriprep/sub-128/anat/sub-128_space-MNI152NLin2009cAsym_desc-preproc_T1w.nii.gz
derivatives/fmriprep/sub-128/anat/sub-128_space-MNI152NLin2009cAsym_desc-brain_mask.nii.gz,anat-mask-mni,core,fmriprep,60138,bc98633d496547257323833d5a04e650,,https://openneuro.org/crn/datasets/ds003745/snapshots/2.1.1/files/derivatives:fmriprep:sub-128:anat:sub-128_space-MNI152NLin2009cAsym_desc-brain_mask.nii.gz,s3://openneuro.org/ds003745/derivatives/fmriprep/sub-128/anat/sub-128_space-MNI152NLin2009cAsym_desc-brain_mask.nii.gz
derivatives/fmriprep/sub-128/anat/sub-128_space-MNI152NLin2009cAsym_label-GM_probseg.nii.gz,anat-gm-probseg,core,fmriprep,6449321,ee14b5c4ef5acddb42b71972bfd0c3a0,,https://openneuro.org/crn/datasets/ds003745/snapshots/2.1.1/files/derivatives:fmriprep:sub-128:anat:sub-128_space-MNI152NLin2009cAsym_label-GM_probseg.nii.gz,s3://openneuro.org/ds003745/derivatives/fmriprep/sub-128/anat/sub-128_space-MNI152NLin2009cAsym_label-GM_probseg.nii.gz
derivatives/fmriprep/sub-128/anat/sub-128_space-MNI152NLin2009cAsym_dseg.nii.gz,anat-dseg-mni,core,fmriprep,278409,7a1bf645e5e442f767d0b2ae2c41fb02,,https://openneuro.org/crn/datasets/ds003745/snapshots/2.1.1/files/derivatives:fmriprep:sub-128:anat:sub-128_space-MNI152NLin2009cAsym_dseg.nii.gz,s3://openneuro.org/ds003745/derivatives/fmriprep/sub-128/anat/sub-128_space-MNI152NLin2009cAsym_dseg.nii.gz
derivatives/fmriprep/sub-128/func/sub-128_task-trust_run-1_space-MNI152NLin2009cAsym_desc-preproc_bold.nii.gz,bold-mni,core,fmriprep,86344038,7de931180be709bb099aad139cf6b9c3,,https://openneuro.org/crn/datasets/ds003745/snapshots/2.1.1/files/derivatives:fmriprep:sub-128:func:sub-128_task-trust_run-1_space-MNI152NLin2009cAsym_desc-preproc_bold.nii.gz,s3://openneuro.org/ds003745/derivatives/fmriprep/sub-128/func/sub-128_task-trust_run-1_space-MNI152NLin2009cAsym_desc-preproc_bold.nii.gz
derivatives/fmriprep/sub-128/func/sub-128_task-trust_run-1_space-MNI152NLin2009cAsym_desc-brain_mask.nii.gz,mask-mni,core,fmriprep,3845,f5657c949a896bbbcd94dd652071c0b0,,https://openneuro.org/crn/datasets/ds003745/snapshots/2.1.1/files/derivatives:fmriprep:sub-128:func:sub-128_task-trust_run-1_space-MNI152NLin2009cAsym_desc-brain_mask.nii.gz,s3://openneuro.org/ds003745/derivatives/fmriprep/sub-128/func/sub-128_task-trust_run-1_space-MNI152NLin2009cAsym_desc-brain_mask.nii.gz
derivatives/fmriprep/sub-128/func/sub-128_task-trust_run-1_desc-confounds_timeseries.tsv,confounds,core,fmriprep,467317,fae7ae539258e2a2e10e97f9ed73b204,,https://openneuro.org/crn/datasets/ds003745/snapshots/2.1.1/files/derivatives:fmriprep:sub-128:func:sub-128_task-trust_run-1_desc-confounds_timeseries.tsv,s3://openneuro.org/ds003745/derivatives/fmriprep/sub-128/func/sub-128_task-trust_run-1_desc-confounds_timeseries.tsv
sub-128/func/sub-128_task-trust_run-01_events.tsv,events,core,raw,4236,84e982cf5e64059bbef2365fee901c9f,,https://openneuro.org/crn/datasets/ds003745/snapshots/2.1.1/files/sub-128:func:sub-128_task-trust_run-01_events.tsv,s3://openneuro.org/ds003745/sub-128/func/sub-128_task-trust_run-01_events.tsv
derivatives/fmriprep/sub-128/func/sub-128_task-trust_run-2_space-MNI152NLin2009cAsym_desc-preproc_bold.nii.gz,bold-mni,core,fmriprep,86356096,f81ac97b1c151c71a3601991e8e9a046,,https://openneuro.org/crn/datasets/ds003745/snapshots/2.1.1/files/derivatives:fmriprep:sub-128:func:sub-128_task-trust_run-2_space-MNI152NLin2009cAsym_desc-preproc_bold.nii.gz,s3://openneuro.org/ds003745/derivatives/fmriprep/sub-128/func/sub-128_task-trust_run-2_space-MNI152NLin2009cAsym_desc-preproc_bold.nii.gz
derivatives/fmriprep/sub-128/func/sub-128_task-trust_run-2_space-MNI152NLin2009cAsym_desc-brain_mask.nii.gz,mask-mni,core,fmriprep,3868,86fa05399472868e92e899f1f57514c1,,https://openneuro.org/crn/datasets/ds003745/snapshots/2.1.1/files/derivatives:fmriprep:sub-128:func:sub-128_task-trust_run-2_space-MNI152NLin2009cAsym_desc-brain_mask.nii.gz,s3://openneuro.org/ds003745/derivatives/fmriprep/sub-128/func/sub-128_task-trust_run-2_space-MNI152NLin2009cAsym_desc-brain_mask.nii.gz
derivatives/fmriprep/sub-128/func/sub-128_task-trust_run-2_desc-confounds_timeseries.tsv,confounds,core,fmriprep,478407,18b96a765c9acc5d7d8539470279270b,,https://openneuro.org/crn/datasets/ds003745/snapshots/2.1.1/files/derivatives:fmriprep:sub-128:func:sub-128_task-trust_run-2_desc-confounds_timeseries.tsv,s3://openneuro.org/ds003745/derivatives/fmriprep/sub-128/func/sub-128_task-trust_run-2_desc-confounds_timeseries.tsv
sub-128/func/sub-128_task-trust_run-02_events.tsv,events,core,raw,4167,9cfb80e04a2c19c62a8deca7f4070ff3,,https://openneuro.org/crn/datasets/ds003745/snapshots/2.1.1/files/sub-128:func:sub-128_task-trust_run-02_events.tsv,s3://openneuro.org/ds003745/sub-128/func/sub-128_task-trust_run-02_events.tsv
derivatives/fmriprep/sub-128/func/sub-128_task-trust_run-3_space-MNI152NLin2009cAsym_desc-preproc_bold.nii.gz,bold-mni,core,fmriprep,86320799,7399893abbe8cb5085f8861e143b2aad,,https://openneuro.org/crn/datasets/ds003745/snapshots/2.1.1/files/derivatives:fmriprep:sub-128:func:sub-128_task-trust_run-3_space-MNI152NLin2009cAsym_desc-preproc_bold.nii.gz,s3://openneuro.org/ds003745/derivatives/fmriprep/sub-128/func/sub-128_task-trust_run-3_space-MNI152NLin2009cAsym_desc-preproc_bold.nii.gz
derivatives/fmriprep/sub-128/func/sub-128_task-trust_run-3_space-MNI152NLin2009cAsym_desc-brain_mask.nii.gz,mask-mni,core,fmriprep,3878,ae43d23216615d5781138d05ea48a970,,https://openneuro.org/crn/datasets/ds003745/snapshots/2.1.1/files/derivatives:fmriprep:sub-128:func:sub-128_task-trust_run-3_space-MNI152NLin2009cAsym_desc-brain_mask.nii.gz,s3://openneuro.org/ds003745/derivatives/fmriprep/sub-128/func/sub-128_task-trust_run-3_space-MNI152NLin2009cAsym_desc-brain_mask.nii.gz
derivatives/fmriprep/sub-128/func/sub-128_task-trust_run-3_desc-confounds_timeseries.tsv,confounds,core,fmriprep,458764,f8eb16b0fdf0339085f41a526384ebef,,https://openneuro.org/crn/datasets/ds003745/snapshots/2.1.1/files/derivatives:fmriprep:sub-128:func:sub-128_task-trust_run-3_desc-confounds_timeseries.tsv,s3://openneuro.org/ds003745/derivatives/fmriprep/sub-128/func/sub-128_task-trust_run-3_desc-confounds_timeseries.tsv
sub-128/func/sub-128_task-trust_run-03_events.tsv,events,core,raw,4243,16468a629c79620d97e685fc727b2e74,,https://openneuro.org/crn/datasets/ds003745/snapshots/2.1.1/files/sub-128:func:sub-128_task-trust_run-03_events.tsv,s3://openneuro.org/ds003745/sub-128/func/sub-128_task-trust_run-03_events.tsv
derivatives/fmriprep/sub-128/func/sub-128_task-trust_run-4_space-MNI152NLin2009cAsym_desc-preproc_bold.nii.gz,bold-mni,core,fmriprep,86246402,737ec266978ae140af9f92e5fca8a476,,https://openneuro.org/crn/datasets/ds003745/snapshots/2.1.1/files/derivatives:fmriprep:sub-128:func:sub-128_task-trust_run-4_space-MNI152NLin2009cAsym_desc-preproc_bold.nii.gz,s3://openneuro.org/ds003745/derivatives/fmriprep/sub-128/func/sub-128_task-trust_run-4_space-MNI152NLin2009cAsym_desc-preproc_bold.nii.gz
derivatives/fmriprep/sub-128/func/sub-128_task-trust_run-4_space-MNI152NLin2009cAsym_desc-brain_mask.nii.gz,mask-mni,core,fmriprep,3796,0386b2a9cb7dc6866ca3393318fe71ac,,https://openneuro.org/crn/datasets/ds003745/snapshots/2.1.1/files/derivatives:fmriprep:sub-128:func:sub-128_task-trust_run-4_space-MNI152NLin2009cAsym_desc-brain_mask.nii.gz,s3://openneuro.org/ds003745/derivatives/fmriprep/sub-128/func/sub-128_task-trust_run-4_space-MNI152NLin2009cAsym_desc-brain_mask.nii.gz
derivatives/fmriprep/sub-128/func/sub-128_task-trust_run-4_desc-confounds_timeseries.tsv,confounds,core,fmriprep,497912,d430138f9888ca14e3c8e7ff098183b0,,https://openneuro.org/crn/datasets/ds003745/snapshots/2.1.1/files/derivatives:fmriprep:sub-128:func:sub-128_task-trust_run-4_desc-confounds_timeseries.tsv,s3://openneuro.org/ds003745/derivatives/fmriprep/sub-128/func/sub-128_task-trust_run-4_desc-confounds_timeseries.tsv
sub-128/func/sub-128_task-trust_run-04_events.tsv,events,core,raw,4302,38c37e3281f09b129a8a1a7dda6cd559,,https://openneuro.org/crn/datasets/ds003745/snapshots/2.1.1/files/sub-128:func:sub-128_task-trust_run-04_events.tsv,s3://openneuro.org/ds003745/sub-128/func/sub-128_task-trust_run-04_events.tsv
derivatives/fmriprep/sub-128/func/sub-128_task-trust_run-5_space-MNI152NLin2009cAsym_desc-preproc_bold.nii.gz,bold-mni,core,fmriprep,86238304,1d054f473221f276b38e057c57e74de3,,https://openneuro.org/crn/datasets/ds003745/snapshots/2.1.1/files/derivatives:fmriprep:sub-128:func:sub-128_task-trust_run-5_space-MNI152NLin2009cAsym_desc-preproc_bold.nii.gz,s3://openneuro.org/ds003745/derivatives/fmriprep/sub-128/func/sub-128_task-trust_run-5_space-MNI152NLin2009cAsym_desc-preproc_bold.nii.gz
derivatives/fmriprep/sub-128/func/sub-128_task-trust_run-5_space-MNI152NLin2009cAsym_desc-brain_mask.nii.gz,mask-mni,core,fmriprep,3889,b8e31d21b882d2a22dbbcde3ba845435,,https://openneuro.org/crn/datasets/ds003745/snapshots/2.1.1/files/derivatives:fmriprep:sub-128:func:sub-128_task-trust_run-5_space-MNI152NLin2009cAsym_desc-brain_mask.nii.gz,s3://openneuro.org/ds003745/derivatives/fmriprep/sub-128/func/sub-128_task-trust_run-5_space-MNI152NLin2009cAsym_desc-brain_mask.nii.gz
derivatives/fmriprep/sub-128/func/sub-128_task-trust_run-5_desc-confounds_timeseries.tsv,confounds,core,fmriprep,469583,30663407aad773f75d530b21652da027,,https://openneuro.org/crn/datasets/ds003745/snapshots/2.1.1/files/derivatives:fmriprep:sub-128:func:sub-128_task-trust_run-5_desc-confounds_timeseries.tsv,s3://openneuro.org/ds003745/derivatives/fmriprep/sub-128/func/sub-128_task-trust_run-5_desc-confounds_timeseries.tsv
sub-128/func/sub-128_task-trust_run-05_events.tsv,events,core,raw,4241,ee8de30bb82635d87f2906dfd34aea59,,https://openneuro.org/crn/datasets/ds003745/snapshots/2.1.1/files/sub-128:func:sub-128_task-trust_run-05_events.tsv,s3://openneuro.org/ds003745/sub-128/func/sub-128_task-trust_run-05_events.tsv
derivatives/fmriprep/sub-128/func/sub-128_task-sharedreward_run-1_space-MNI152NLin2009cAsym_desc-preproc_bold.nii.gz,bold-mni,transport,fmriprep,80336680,ae9a7a6c5f15d0e6ff2cb37982070cbe,,https://openneuro.org/crn/datasets/ds003745/snapshots/2.1.1/files/derivatives:fmriprep:sub-128:func:sub-128_task-sharedreward_run-1_space-MNI152NLin2009cAsym_desc-preproc_bold.nii.gz,s3://openneuro.org/ds003745/derivatives/fmriprep/sub-128/func/sub-128_task-sharedreward_run-1_space-MNI152NLin2009cAsym_desc-preproc_bold.nii.gz
derivatives/fmriprep/sub-128/func/sub-128_task-sharedreward_run-1_space-MNI152NLin2009cAsym_desc-brain_mask.nii.gz,mask-mni,transport,fmriprep,3916,7cb718e688ebc5fc270319acd0221e8c,,https://openneuro.org/crn/datasets/ds003745/snapshots/2.1.1/files/derivatives:fmriprep:sub-128:func:sub-128_task-sharedreward_run-1_space-MNI152NLin2009cAsym_desc-brain_mask.nii.gz,s3://openneuro.org/ds003745/derivatives/fmriprep/sub-128/func/sub-128_task-sharedreward_run-1_space-MNI152NLin2009cAsym_desc-brain_mask.nii.gz
derivatives/fmriprep/sub-128/func/sub-128_task-sharedreward_run-1_desc-confounds_timeseries.tsv,confounds,transport,fmriprep,466614,722f2e2360f7fa02ea77b69ee034078e,,https://openneuro.org/crn/datasets/ds003745/snapshots/2.1.1/files/derivatives:fmriprep:sub-128:func:sub-128_task-sharedreward_run-1_desc-confounds_timeseries.tsv,s3://openneuro.org/ds003745/derivatives/fmriprep/sub-128/func/sub-128_task-sharedreward_run-1_desc-confounds_timeseries.tsv
sub-128/func/sub-128_task-sharedreward_run-01_events.tsv,events,transport,raw,4083,50431da6445a6f9e9b36ce5730dd99eb,,https://openneuro.org/crn/datasets/ds003745/snapshots/2.1.1/files/sub-128:func:sub-128_task-sharedreward_run-01_events.tsv,s3://openneuro.org/ds003745/sub-128/func/sub-128_task-sharedreward_run-01_events.tsv
derivatives/fmriprep/sub-128/func/sub-128_task-sharedreward_run-2_space-MNI152NLin2009cAsym_desc-preproc_bold.nii.gz,bold-mni,transport,fmriprep,80149653,123cb2dc466317f458c395b087ceaab0,,https://openneuro.org/crn/datasets/ds003745/snapshots/2.1.1/files/derivatives:fmriprep:sub-128:func:sub-128_task-sharedreward_run-2_space-MNI152NLin2009cAsym_desc-preproc_bold.nii.gz,s3://openneuro.org/ds003745/derivatives/fmriprep/sub-128/func/sub-128_task-sharedreward_run-2_space-MNI152NLin2009cAsym_desc-preproc_bold.nii.gz
derivatives/fmriprep/sub-128/func/sub-128_task-sharedreward_run-2_space-MNI152NLin2009cAsym_desc-brain_mask.nii.gz,mask-mni,transport,fmriprep,3838,9dd34834a6a58c91bdf66c3e278b1cf1,,https://openneuro.org/crn/datasets/ds003745/snapshots/2.1.1/files/derivatives:fmriprep:sub-128:func:sub-128_task-sharedreward_run-2_space-MNI152NLin2009cAsym_desc-brain_mask.nii.gz,s3://openneuro.org/ds003745/derivatives/fmriprep/sub-128/func/sub-128_task-sharedreward_run-2_space-MNI152NLin2009cAsym_desc-brain_mask.nii.gz
derivatives/fmriprep/sub-128/func/sub-128_task-sharedreward_run-2_desc-confounds_timeseries.tsv,confounds,transport,fmriprep,510753,0c2e5603636f00c758f726f4a96a1598,,https://openneuro.org/crn/datasets/ds003745/snapshots/2.1.1/files/derivatives:fmriprep:sub-128:func:sub-128_task-sharedreward_run-2_desc-confounds_timeseries.tsv,s3://openneuro.org/ds003745/derivatives/fmriprep/sub-128/func/sub-128_task-sharedreward_run-2_desc-confounds_timeseries.tsv
sub-128/func/sub-128_task-sharedreward_run-02_events.tsv,events,transport,raw,4021,c070abb901744915595861aec48dbb9c,,https://openneuro.org/crn/datasets/ds003745/snapshots/2.1.1/files/sub-128:func:sub-128_task-sharedreward_run-02_events.tsv,s3://openneuro.org/ds003745/sub-128/func/sub-128_task-sharedreward_run-02_events.tsv
derivatives/fmriprep/sub-129/anat/sub-129_space-MNI152NLin2009cAsym_desc-preproc_T1w.nii.gz,anat-T1w-mni,core,fmriprep,8102158,8ddea3e209953155e6e41d9411f8fb66,,https://openneuro.org/crn/datasets/ds003745/snapshots/2.1.1/files/derivatives:fmriprep:sub-129:anat:sub-129_space-MNI152NLin2009cAsym_desc-preproc_T1w.nii.gz,s3://openneuro.org/ds003745/derivatives/fmriprep/sub-129/anat/sub-129_space-MNI152NLin2009cAsym_desc-preproc_T1w.nii.gz
derivatives/fmriprep/sub-129/anat/sub-129_space-MNI152NLin2009cAsym_desc-brain_mask.nii.gz,anat-mask-mni,core,fmriprep,58449,d0b98df4a0dda71318e8405b9113cabb,,https://openneuro.org/crn/datasets/ds003745/snapshots/2.1.1/files/derivatives:fmriprep:sub-129:anat:sub-129_space-MNI152NLin2009cAsym_desc-brain_mask.nii.gz,s3://openneuro.org/ds003745/derivatives/fmriprep/sub-129/anat/sub-129_space-MNI152NLin2009cAsym_desc-brain_mask.nii.gz
derivatives/fmriprep/sub-129/anat/sub-129_space-MNI152NLin2009cAsym_label-GM_probseg.nii.gz,anat-gm-probseg,core,fmriprep,6597355,7155f054b0c3ebc63efa0db6e250ea57,,https://openneuro.org/crn/datasets/ds003745/snapshots/2.1.1/files/derivatives:fmriprep:sub-129:anat:sub-129_space-MNI152NLin2009cAsym_label-GM_probseg.nii.gz,s3://openneuro.org/ds003745/derivatives/fmriprep/sub-129/anat/sub-129_space-MNI152NLin2009cAsym_label-GM_probseg.nii.gz
derivatives/fmriprep/sub-129/anat/sub-129_space-MNI152NLin2009cAsym_dseg.nii.gz,anat-dseg-mni,core,fmriprep,290115,2cca254547d566bdd5ae121c8480cd64,,https://openneuro.org/crn/datasets/ds003745/snapshots/2.1.1/files/derivatives:fmriprep:sub-129:anat:sub-129_space-MNI152NLin2009cAsym_dseg.nii.gz,s3://openneuro.org/ds003745/derivatives/fmriprep/sub-129/anat/sub-129_space-MNI152NLin2009cAsym_dseg.nii.gz
derivatives/fmriprep/sub-129/func/sub-129_task-trust_run-1_space-MNI152NLin2009cAsym_desc-preproc_bold.nii.gz,bold-mni,core,fmriprep,86347538,4cfc93284c144c4ddfa54b12015590cc,,https://openneuro.org/crn/datasets/ds003745/snapshots/2.1.1/files/derivatives:fmriprep:sub-129:func:sub-129_task-trust_run-1_space-MNI152NLin2009cAsym_desc-preproc_bold.nii.gz,s3://openneuro.org/ds003745/derivatives/fmriprep/sub-129/func/sub-129_task-trust_run-1_space-MNI152NLin2009cAsym_desc-preproc_bold.nii.gz
derivatives/fmriprep/sub-129/func/sub-129_task-trust_run-1_space-MNI152NLin2009cAsym_desc-brain_mask.nii.gz,mask-mni,core,fmriprep,3971,499130aadde04f8d3e1db4353ca5389d,,https://openneuro.org/crn/datasets/ds003745/snapshots/2.1.1/files/derivatives:fmriprep:sub-129:func:sub-129_task-trust_run-1_space-MNI152NLin2009cAsym_desc-brain_mask.nii.gz,s3://openneuro.org/ds003745/derivatives/fmriprep/sub-129/func/sub-129_task-trust_run-1_space-MNI152NLin2009cAsym_desc-brain_mask.nii.gz
derivatives/fmriprep/sub-129/func/sub-129_task-trust_run-1_desc-confounds_timeseries.tsv,confounds,core,fmriprep,430353,20041326d4cc087e11dd37644e33424a,,https://openneuro.org/crn/datasets/ds003745/snapshots/2.1.1/files/derivatives:fmriprep:sub-129:func:sub-129_task-trust_run-1_desc-confounds_timeseries.tsv,s3://openneuro.org/ds003745/derivatives/fmriprep/sub-129/func/sub-129_task-trust_run-1_desc-confounds_timeseries.tsv
sub-129/func/sub-129_task-trust_run-01_events.tsv,events,core,raw,3447,3a0649d50f3906b50b8fff1c15b61cab,,https://openneuro.org/crn/datasets/ds003745/snapshots/2.1.1/files/sub-129:func:sub-129_task-trust_run-01_events.tsv,s3://openneuro.org/ds003745/sub-129/func/sub-129_task-trust_run-01_events.tsv
derivatives/fmriprep/sub-129/func/sub-129_task-trust_run-2_space-MNI152NLin2009cAsym_desc-preproc_bold.nii.gz,bold-mni,core,fmriprep,86280029,99d3e2eb79ebac22c9400fa2f5193061,,https://openneuro.org/crn/datasets/ds003745/snapshots/2.1.1/files/derivatives:fmriprep:sub-129:func:sub-129_task-trust_run-2_space-MNI152NLin2009cAsym_desc-preproc_bold.nii.gz,s3://openneuro.org/ds003745/derivatives/fmriprep/sub-129/func/sub-129_task-trust_run-2_space-MNI152NLin2009cAsym_desc-preproc_bold.nii.gz
derivatives/fmriprep/sub-129/func/sub-129_task-trust_run-2_space-MNI152NLin2009cAsym_desc-brain_mask.nii.gz,mask-mni,core,fmriprep,3942,9f9ff480964e3517c040210c34c00bf7,,https://openneuro.org/crn/datasets/ds003745/snapshots/2.1.1/files/derivatives:fmriprep:sub-129:func:sub-129_task-trust_run-2_space-MNI152NLin2009cAsym_desc-brain_mask.nii.gz,s3://openneuro.org/ds003745/derivatives/fmriprep/sub-129/func/sub-129_task-trust_run-2_space-MNI152NLin2009cAsym_desc-brain_mask.nii.gz
derivatives/fmriprep/sub-129/func/sub-129_task-trust_run-2_desc-confounds_timeseries.tsv,confounds,core,fmriprep,429883,7d9c4b803eacf0b112607e22f16fad93,,https://openneuro.org/crn/datasets/ds003745/snapshots/2.1.1/files/derivatives:fmriprep:sub-129:func:sub-129_task-trust_run-2_desc-confounds_timeseries.tsv,s3://openneuro.org/ds003745/derivatives/fmriprep/sub-129/func/sub-129_task-trust_run-2_desc-confounds_timeseries.tsv
sub-129/func/sub-129_task-trust_run-02_events.tsv,events,core,raw,3385,ff7bc8498cf7bf7766992bc73840168b,,https://openneuro.org/crn/datasets/ds003745/snapshots/2.1.1/files/sub-129:func:sub-129_task-trust_run-02_events.tsv,s3://openneuro.org/ds003745/sub-129/func/sub-129_task-trust_run-02_events.tsv
derivatives/fmriprep/sub-129/func/sub-129_task-trust_run-3_space-MNI152NLin2009cAsym_desc-preproc_bold.nii.gz,bold-mni,core,fmriprep,86730180,26b21e541a3dc0cc2dffd54b4b89ee1a,,https://openneuro.org/crn/datasets/ds003745/snapshots/2.1.1/files/derivatives:fmriprep:sub-129:func:sub-129_task-trust_run-3_space-MNI152NLin2009cAsym_desc-preproc_bold.nii.gz,s3://openneuro.org/ds003745/derivatives/fmriprep/sub-129/func/sub-129_task-trust_run-3_space-MNI152NLin2009cAsym_desc-preproc_bold.nii.gz
derivatives/fmriprep/sub-129/func/sub-129_task-trust_run-3_space-MNI152NLin2009cAsym_desc-brain_mask.nii.gz,mask-mni,core,fmriprep,3899,4782ce74a7619d1a40ed90029c055763,,https://openneuro.org/crn/datasets/ds003745/snapshots/2.1.1/files/derivatives:fmriprep:sub-129:func:sub-129_task-trust_run-3_space-MNI152NLin2009cAsym_desc-brain_mask.nii.gz,s3://openneuro.org/ds003745/derivatives/fmriprep/sub-129/func/sub-129_task-trust_run-3_space-MNI152NLin2009cAsym_desc-brain_mask.nii.gz
derivatives/fmriprep/sub-129/func/sub-129_task-trust_run-3_desc-confounds_timeseries.tsv,confounds,core,fmriprep,442497,60a0fbc877ab13e649afc7ca3a002630,,https://openneuro.org/crn/datasets/ds003745/snapshots/2.1.1/files/derivatives:fmriprep:sub-129:func:sub-129_task-trust_run-3_desc-confounds_timeseries.tsv,s3://openneuro.org/ds003745/derivatives/fmriprep/sub-129/func/sub-129_task-trust_run-3_desc-confounds_timeseries.tsv
sub-129/func/sub-129_task-trust_run-03_events.tsv,events,core,raw,3393,458a8326032aa7a17c2a951f12df25c4,,https://openneuro.org/crn/datasets/ds003745/snapshots/2.1.1/files/sub-129:func:sub-129_task-trust_run-03_events.tsv,s3://openneuro.org/ds003745/sub-129/func/sub-129_task-trust_run-03_events.tsv
derivatives/fmriprep/sub-129/func/sub-129_task-trust_run-4_space-MNI152NLin2009cAsym_desc-preproc_bold.nii.gz,bold-mni,core,fmriprep,86521814,c26bdf4feb7b970f1f85d208a2147ca4,,https://openneuro.org/crn/datasets/ds003745/snapshots/2.1.1/files/derivatives:fmriprep:sub-129:func:sub-129_task-trust_run-4_space-MNI152NLin2009cAsym_desc-preproc_bold.nii.gz,s3://openneuro.org/ds003745/derivatives/fmriprep/sub-129/func/sub-129_task-trust_run-4_space-MNI152NLin2009cAsym_desc-preproc_bold.nii.gz
derivatives/fmriprep/sub-129/func/sub-129_task-trust_run-4_space-MNI152NLin2009cAsym_desc-brain_mask.nii.gz,mask-mni,core,fmriprep,3950,fa92b2945c66d2f56afe2cd27b4c8318,,https://openneuro.org/crn/datasets/ds003745/snapshots/2.1.1/files/derivatives:fmriprep:sub-129:func:sub-129_task-trust_run-4_space-MNI152NLin2009cAsym_desc-brain_mask.nii.gz,s3://openneuro.org/ds003745/derivatives/fmriprep/sub-129/func/sub-129_task-trust_run-4_space-MNI152NLin2009cAsym_desc-brain_mask.nii.gz
derivatives/fmriprep/sub-129/func/sub-129_task-trust_run-4_desc-confounds_timeseries.tsv,confounds,core,fmriprep,433392,825f3a4267723761efa1a01d0f1ecef2,,https://openneuro.org/crn/datasets/ds003745/snapshots/2.1.1/files/derivatives:fmriprep:sub-129:func:sub-129_task-trust_run-4_desc-confounds_timeseries.tsv,s3://openneuro.org/ds003745/derivatives/fmriprep/sub-129/func/sub-129_task-trust_run-4_desc-confounds_timeseries.tsv
sub-129/func/sub-129_task-trust_run-04_events.tsv,events,core,raw,3260,e7c3b4679922fed998db0be4451fa4c8,,https://openneuro.org/crn/datasets/ds003745/snapshots/2.1.1/files/sub-129:func:sub-129_task-trust_run-04_events.tsv,s3://openneuro.org/ds003745/sub-129/func/sub-129_task-trust_run-04_events.tsv
derivatives/fmriprep/sub-129/func/sub-129_task-trust_run-5_space-MNI152NLin2009cAsym_desc-preproc_bold.nii.gz,bold-mni,core,fmriprep,85982946,29b51456a77e1ef99ca091d7bf6f42f0,,https://openneuro.org/crn/datasets/ds003745/snapshots/2.1.1/files/derivatives:fmriprep:sub-129:func:sub-129_task-trust_run-5_space-MNI152NLin2009cAsym_desc-preproc_bold.nii.gz,s3://openneuro.org/ds003745/derivatives/fmriprep/sub-129/func/sub-129_task-trust_run-5_space-MNI152NLin2009cAsym_desc-preproc_bold.nii.gz
derivatives/fmriprep/sub-129/func/sub-129_task-trust_run-5_space-MNI152NLin2009cAsym_desc-brain_mask.nii.gz,mask-mni,core,fmriprep,3838,1b51f4d488e337963d4b1930bc09510d,,https://openneuro.org/crn/datasets/ds003745/snapshots/2.1.1/files/derivatives:fmriprep:sub-129:func:sub-129_task-trust_run-5_space-MNI152NLin2009cAsym_desc-brain_mask.nii.gz,s3://openneuro.org/ds003745/derivatives/fmriprep/sub-129/func/sub-129_task-trust_run-5_space-MNI152NLin2009cAsym_desc-brain_mask.nii.gz
derivatives/fmriprep/sub-129/func/sub-129_task-trust_run-5_desc-confounds_timeseries.tsv,confounds,core,fmriprep,402329,cedc0643aed891138810d762d50c509b,,https://openneuro.org/crn/datasets/ds003745/snapshots/2.1.1/files/derivatives:fmriprep:sub-129:func:sub-129_task-trust_run-5_desc-confounds_timeseries.tsv,s3://openneuro.org/ds003745/derivatives/fmriprep/sub-129/func/sub-129_task-trust_run-5_desc-confounds_timeseries.tsv
sub-129/func/sub-129_task-trust_run-05_events.tsv,events,core,raw,3380,099ed3ca2e32cef78b12cec5db7e06ef,,https://openneuro.org/crn/datasets/ds003745/snapshots/2.1.1/files/sub-129:func:sub-129_task-trust_run-05_events.tsv,s3://openneuro.org/ds003745/sub-129/func/sub-129_task-trust_run-05_events.tsv
derivatives/fmriprep/sub-129/func/sub-129_task-sharedreward_run-1_space-MNI152NLin2009cAsym_desc-preproc_bold.nii.gz,bold-mni,transport,fmriprep,80827289,500efe6317e1790559988b7ce0aa1636,,https://openneuro.org/crn/datasets/ds003745/snapshots/2.1.1/files/derivatives:fmriprep:sub-129:func:sub-129_task-sharedreward_run-1_space-MNI152NLin2009cAsym_desc-preproc_bold.nii.gz,s3://openneuro.org/ds003745/derivatives/fmriprep/sub-129/func/sub-129_task-sharedreward_run-1_space-MNI152NLin2009cAsym_desc-preproc_bold.nii.gz
derivatives/fmriprep/sub-129/func/sub-129_task-sharedreward_run-1_space-MNI152NLin2009cAsym_desc-brain_mask.nii.gz,mask-mni,transport,fmriprep,3968,bc97df3364b8585828f8921c33410593,,https://openneuro.org/crn/datasets/ds003745/snapshots/2.1.1/files/derivatives:fmriprep:sub-129:func:sub-129_task-sharedreward_run-1_space-MNI152NLin2009cAsym_desc-brain_mask.nii.gz,s3://openneuro.org/ds003745/derivatives/fmriprep/sub-129/func/sub-129_task-sharedreward_run-1_space-MNI152NLin2009cAsym_desc-brain_mask.nii.gz
derivatives/fmriprep/sub-129/func/sub-129_task-sharedreward_run-1_desc-confounds_timeseries.tsv,confounds,transport,fmriprep,368328,c376e274ec9472e5e789ddae0aab38d4,,https://openneuro.org/crn/datasets/ds003745/snapshots/2.1.1/files/derivatives:fmriprep:sub-129:func:sub-129_task-sharedreward_run-1_desc-confounds_timeseries.tsv,s3://openneuro.org/ds003745/derivatives/fmriprep/sub-129/func/sub-129_task-sharedreward_run-1_desc-confounds_timeseries.tsv
sub-129/func/sub-129_task-sharedreward_run-01_events.tsv,events,transport,raw,3685,80211cc267eec0e5d6ee44183bc76274,,https://openneuro.org/crn/datasets/ds003745/snapshots/2.1.1/files/sub-129:func:sub-129_task-sharedreward_run-01_events.tsv,s3://openneuro.org/ds003745/sub-129/func/sub-129_task-sharedreward_run-01_events.tsv
derivatives/fmriprep/sub-129/func/sub-129_task-sharedreward_run-2_space-MNI152NLin2009cAsym_desc-preproc_bold.nii.gz,bold-mni,transport,fmriprep,80555417,271c31151adc5215ea287395a79ba608,,https://openneuro.org/crn/datasets/ds003745/snapshots/2.1.1/files/derivatives:fmriprep:sub-129:func:sub-129_task-sharedreward_run-2_space-MNI152NLin2009cAsym_desc-preproc_bold.nii.gz,s3://openneuro.org/ds003745/derivatives/fmriprep/sub-129/func/sub-129_task-sharedreward_run-2_space-MNI152NLin2009cAsym_desc-preproc_bold.nii.gz
derivatives/fmriprep/sub-129/func/sub-129_task-sharedreward_run-2_space-MNI152NLin2009cAsym_desc-brain_mask.nii.gz,mask-mni,transport,fmriprep,3800,0d7e852de9e1283c2f51a42b64ff2daf,,https://openneuro.org/crn/datasets/ds003745/snapshots/2.1.1/files/derivatives:fmriprep:sub-129:func:sub-129_task-sharedreward_run-2_space-MNI152NLin2009cAsym_desc-brain_mask.nii.gz,s3://openneuro.org/ds003745/derivatives/fmriprep/sub-129/func/sub-129_task-sharedreward_run-2_space-MNI152NLin2009cAsym_desc-brain_mask.nii.gz
derivatives/fmriprep/sub-129/func/sub-129_task-sharedreward_run-2_desc-confounds_timeseries.tsv,confounds,transport,fmriprep,403988,eb3a1d9ca245f3d6f10f832b31dd3575,,https://openneuro.org/crn/datasets/ds003745/snapshots/2.1.1/files/derivatives:fmriprep:sub-129:func:sub-129_task-sharedreward_run-2_desc-confounds_timeseries.tsv,s3://openneuro.org/ds003745/derivatives/fmriprep/sub-129/func/sub-129_task-sharedreward_run-2_desc-confounds_timeseries.tsv
sub-129/func/sub-129_task-sharedreward_run-02_events.tsv,events,transport,raw,4011,2a5b612325fa0399011c67787d4a4b52,,https://openneuro.org/crn/datasets/ds003745/snapshots/2.1.1/files/sub-129:func:sub-129_task-sharedreward_run-02_events.tsv,s3://openneuro.org/ds003745/sub-129/func/sub-129_task-sharedreward_run-02_events.tsv
derivatives/fmriprep/sub-130/anat/sub-130_space-MNI152NLin2009cAsym_desc-preproc_T1w.nii.gz,anat-T1w-mni,core,fmriprep,8111641,ea5f686a76b5bdf2ff93ca77dcbe1436,,https://openneuro.org/crn/datasets/ds003745/snapshots/2.1.1/files/derivatives:fmriprep:sub-130:anat:sub-130_space-MNI152NLin2009cAsym_desc-preproc_T1w.nii.gz,s3://openneuro.org/ds003745/derivatives/fmriprep/sub-130/anat/sub-130_space-MNI152NLin2009cAsym_desc-preproc_T1w.nii.gz
derivatives/fmriprep/sub-130/anat/sub-130_space-MNI152NLin2009cAsym_desc-brain_mask.nii.gz,anat-mask-mni,core,fmriprep,57547,3d8dfddc22c26f54935b0fa6604dfbba,,https://openneuro.org/crn/datasets/ds003745/snapshots/2.1.1/files/derivatives:fmriprep:sub-130:anat:sub-130_space-MNI152NLin2009cAsym_desc-brain_mask.nii.gz,s3://openneuro.org/ds003745/derivatives/fmriprep/sub-130/anat/sub-130_space-MNI152NLin2009cAsym_desc-brain_mask.nii.gz
derivatives/fmriprep/sub-130/anat/sub-130_space-MNI152NLin2009cAsym_label-GM_probseg.nii.gz,anat-gm-probseg,core,fmriprep,6614896,59a0483a5c2b038b6b26912c5f3666fd,,https://openneuro.org/crn/datasets/ds003745/snapshots/2.1.1/files/derivatives:fmriprep:sub-130:anat:sub-130_space-MNI152NLin2009cAsym_label-GM_probseg.nii.gz,s3://openneuro.org/ds003745/derivatives/fmriprep/sub-130/anat/sub-130_space-MNI152NLin2009cAsym_label-GM_probseg.nii.gz
derivatives/fmriprep/sub-130/anat/sub-130_space-MNI152NLin2009cAsym_dseg.nii.gz,anat-dseg-mni,core,fmriprep,278736,d0f67e3b598a53d3a4da46380bcfaa4d,,https://openneuro.org/crn/datasets/ds003745/snapshots/2.1.1/files/derivatives:fmriprep:sub-130:anat:sub-130_space-MNI152NLin2009cAsym_dseg.nii.gz,s3://openneuro.org/ds003745/derivatives/fmriprep/sub-130/anat/sub-130_space-MNI152NLin2009cAsym_dseg.nii.gz
derivatives/fmriprep/sub-130/func/sub-130_task-trust_run-1_space-MNI152NLin2009cAsym_desc-preproc_bold.nii.gz,bold-mni,core,fmriprep,91483470,219f0fa5bf25efbececb584611db7861,,https://openneuro.org/crn/datasets/ds003745/snapshots/2.1.1/files/derivatives:fmriprep:sub-130:func:sub-130_task-trust_run-1_space-MNI152NLin2009cAsym_desc-preproc_bold.nii.gz,s3://openneuro.org/ds003745/derivatives/fmriprep/sub-130/func/sub-130_task-trust_run-1_space-MNI152NLin2009cAsym_desc-preproc_bold.nii.gz
derivatives/fmriprep/sub-130/func/sub-130_task-trust_run-1_space-MNI152NLin2009cAsym_desc-brain_mask.nii.gz,mask-mni,core,fmriprep,4047,36c0b9fb9e7f9d3a4ffb6404e2d69990,,https://openneuro.org/crn/datasets/ds003745/snapshots/2.1.1/files/derivatives:fmriprep:sub-130:func:sub-130_task-trust_run-1_space-MNI152NLin2009cAsym_desc-brain_mask.nii.gz,s3://openneuro.org/ds003745/derivatives/fmriprep/sub-130/func/sub-130_task-trust_run-1_space-MNI152NLin2009cAsym_desc-brain_mask.nii.gz
derivatives/fmriprep/sub-130/func/sub-130_task-trust_run-1_desc-confounds_timeseries.tsv,confounds,core,fmriprep,462375,a1413ec1ec2b6dd6f3c83710e41abdd5,,https://openneuro.org/crn/datasets/ds003745/snapshots/2.1.1/files/derivatives:fmriprep:sub-130:func:sub-130_task-trust_run-1_desc-confounds_timeseries.tsv,s3://openneuro.org/ds003745/derivatives/fmriprep/sub-130/func/sub-130_task-trust_run-1_desc-confounds_timeseries.tsv
sub-130/func/sub-130_task-trust_run-01_events.tsv,events,core,raw,3310,a7245f0c1dd7d63814d553634bc31775,,https://openneuro.org/crn/datasets/ds003745/snapshots/2.1.1/files/sub-130:func:sub-130_task-trust_run-01_events.tsv,s3://openneuro.org/ds003745/sub-130/func/sub-130_task-trust_run-01_events.tsv
derivatives/fmriprep/sub-130/func/sub-130_task-trust_run-2_space-MNI152NLin2009cAsym_desc-preproc_bold.nii.gz,bold-mni,core,fmriprep,91911507,5f9491e3df1612d258bc2bb813572602,,https://openneuro.org/crn/datasets/ds003745/snapshots/2.1.1/files/derivatives:fmriprep:sub-130:func:sub-130_task-trust_run-2_space-MNI152NLin2009cAsym_desc-preproc_bold.nii.gz,s3://openneuro.org/ds003745/derivatives/fmriprep/sub-130/func/sub-130_task-trust_run-2_space-MNI152NLin2009cAsym_desc-preproc_bold.nii.gz
derivatives/fmriprep/sub-130/func/sub-130_task-trust_run-2_space-MNI152NLin2009cAsym_desc-brain_mask.nii.gz,mask-mni,core,fmriprep,4075,d6076a009e8de85ed089a236ad650532,,https://openneuro.org/crn/datasets/ds003745/snapshots/2.1.1/files/derivatives:fmriprep:sub-130:func:sub-130_task-trust_run-2_space-MNI152NLin2009cAsym_desc-brain_mask.nii.gz,s3://openneuro.org/ds003745/derivatives/fmriprep/sub-130/func/sub-130_task-trust_run-2_space-MNI152NLin2009cAsym_desc-brain_mask.nii.gz
derivatives/fmriprep/sub-130/func/sub-130_task-trust_run-2_desc-confounds_timeseries.tsv,confounds,core,fmriprep,478208,f1029e3db09a78bb117064fecd1dff76,,https://openneuro.org/crn/datasets/ds003745/snapshots/2.1.1/files/derivatives:fmriprep:sub-130:func:sub-130_task-trust_run-2_desc-confounds_timeseries.tsv,s3://openneuro.org/ds003745/derivatives/fmriprep/sub-130/func/sub-130_task-trust_run-2_desc-confounds_timeseries.tsv
sub-130/func/sub-130_task-trust_run-02_events.tsv,events,core,raw,3314,c2024360c97f6330d8deec9be4a5bba1,,https://openneuro.org/crn/datasets/ds003745/snapshots/2.1.1/files/sub-130:func:sub-130_task-trust_run-02_events.tsv,s3://openneuro.org/ds003745/sub-130/func/sub-130_task-trust_run-02_events.tsv
derivatives/fmriprep/sub-130/func/sub-130_task-trust_run-3_space-MNI152NLin2009cAsym_desc-preproc_bold.nii.gz,bold-mni,core,fmriprep,91433984,fb37c29be3e9b5b3ad9fbe969d9b45b4,,https://openneuro.org/crn/datasets/ds003745/snapshots/2.1.1/files/derivatives:fmriprep:sub-130:func:sub-130_task-trust_run-3_space-MNI152NLin2009cAsym_desc-preproc_bold.nii.gz,s3://openneuro.org/ds003745/derivatives/fmriprep/sub-130/func/sub-130_task-trust_run-3_space-MNI152NLin2009cAsym_desc-preproc_bold.nii.gz
derivatives/fmriprep/sub-130/func/sub-130_task-trust_run-3_space-MNI152NLin2009cAsym_desc-brain_mask.nii.gz,mask-mni,core,fmriprep,3875,1c044844063844ed79d7c2c42d1e0693,,https://openneuro.org/crn/datasets/ds003745/snapshots/2.1.1/files/derivatives:fmriprep:sub-130:func:sub-130_task-trust_run-3_space-MNI152NLin2009cAsym_desc-brain_mask.nii.gz,s3://openneuro.org/ds003745/derivatives/fmriprep/sub-130/func/sub-130_task-trust_run-3_space-MNI152NLin2009cAsym_desc-brain_mask.nii.gz
derivatives/fmriprep/sub-130/func/sub-130_task-trust_run-3_desc-confounds_timeseries.tsv,confounds,core,fmriprep,463837,92b708c9cfefaeae64b4fdc81909868b,,https://openneuro.org/crn/datasets/ds003745/snapshots/2.1.1/files/derivatives:fmriprep:sub-130:func:sub-130_task-trust_run-3_desc-confounds_timeseries.tsv,s3://openneuro.org/ds003745/derivatives/fmriprep/sub-130/func/sub-130_task-trust_run-3_desc-confounds_timeseries.tsv
sub-130/func/sub-130_task-trust_run-03_events.tsv,events,core,raw,3312,c015cd3afa6506d6bbeb36453b6a91cb,,https://openneuro.org/crn/datasets/ds003745/snapshots/2.1.1/files/sub-130:func:sub-130_task-trust_run-03_events.tsv,s3://openneuro.org/ds003745/sub-130/func/sub-130_task-trust_run-03_events.tsv
derivatives/fmriprep/sub-130/func/sub-130_task-trust_run-4_space-MNI152NLin2009cAsym_desc-preproc_bold.nii.gz,bold-mni,core,fmriprep,92012559,03c3bb1a4df1b8e1cc2003c502ce9131,,https://openneuro.org/crn/datasets/ds003745/snapshots/2.1.1/files/derivatives:fmriprep:sub-130:func:sub-130_task-trust_run-4_space-MNI152NLin2009cAsym_desc-preproc_bold.nii.gz,s3://openneuro.org/ds003745/derivatives/fmriprep/sub-130/func/sub-130_task-trust_run-4_space-MNI152NLin2009cAsym_desc-preproc_bold.nii.gz
derivatives/fmriprep/sub-130/func/sub-130_task-trust_run-4_space-MNI152NLin2009cAsym_desc-brain_mask.nii.gz,mask-mni,core,fmriprep,3943,2efe4d610529803d80f6cd74c900690c,,https://openneuro.org/crn/datasets/ds003745/snapshots/2.1.1/files/derivatives:fmriprep:sub-130:func:sub-130_task-trust_run-4_space-MNI152NLin2009cAsym_desc-brain_mask.nii.gz,s3://openneuro.org/ds003745/derivatives/fmriprep/sub-130/func/sub-130_task-trust_run-4_space-MNI152NLin2009cAsym_desc-brain_mask.nii.gz
derivatives/fmriprep/sub-130/func/sub-130_task-trust_run-4_desc-confounds_timeseries.tsv,confounds,core,fmriprep,503229,5436d37f4209e9dacb9d78e642a4a1e0,,https://openneuro.org/crn/datasets/ds003745/snapshots/2.1.1/files/derivatives:fmriprep:sub-130:func:sub-130_task-trust_run-4_desc-confounds_timeseries.tsv,s3://openneuro.org/ds003745/derivatives/fmriprep/sub-130/func/sub-130_task-trust_run-4_desc-confounds_timeseries.tsv
sub-130/func/sub-130_task-trust_run-04_events.tsv,events,core,raw,3379,9c5fa6076d7958f03ca5ffe9a6bb27d8,,https://openneuro.org/crn/datasets/ds003745/snapshots/2.1.1/files/sub-130:func:sub-130_task-trust_run-04_events.tsv,s3://openneuro.org/ds003745/sub-130/func/sub-130_task-trust_run-04_events.tsv
derivatives/fmriprep/sub-130/func/sub-130_task-trust_run-5_space-MNI152NLin2009cAsym_desc-preproc_bold.nii.gz,bold-mni,core,fmriprep,92152299,a657fc650fbef1bf2fece9ef5dada90c,,https://openneuro.org/crn/datasets/ds003745/snapshots/2.1.1/files/derivatives:fmriprep:sub-130:func:sub-130_task-trust_run-5_space-MNI152NLin2009cAsym_desc-preproc_bold.nii.gz,s3://openneuro.org/ds003745/derivatives/fmriprep/sub-130/func/sub-130_task-trust_run-5_space-MNI152NLin2009cAsym_desc-preproc_bold.nii.gz
derivatives/fmriprep/sub-130/func/sub-130_task-trust_run-5_space-MNI152NLin2009cAsym_desc-brain_mask.nii.gz,mask-mni,core,fmriprep,3931,2be27897439c6328b9179688c748ea4c,,https://openneuro.org/crn/datasets/ds003745/snapshots/2.1.1/files/derivatives:fmriprep:sub-130:func:sub-130_task-trust_run-5_space-MNI152NLin2009cAsym_desc-brain_mask.nii.gz,s3://openneuro.org/ds003745/derivatives/fmriprep/sub-130/func/sub-130_task-trust_run-5_space-MNI152NLin2009cAsym_desc-brain_mask.nii.gz
derivatives/fmriprep/sub-130/func/sub-130_task-trust_run-5_desc-confounds_timeseries.tsv,confounds,core,fmriprep,460443,ec0963ebfff947df31da9d6143cd40b3,,https://openneuro.org/crn/datasets/ds003745/snapshots/2.1.1/files/derivatives:fmriprep:sub-130:func:sub-130_task-trust_run-5_desc-confounds_timeseries.tsv,s3://openneuro.org/ds003745/derivatives/fmriprep/sub-130/func/sub-130_task-trust_run-5_desc-confounds_timeseries.tsv
sub-130/func/sub-130_task-trust_run-05_events.tsv,events,core,raw,3443,3ecac0f8b1261725adda2dd1a70461cc,,https://openneuro.org/crn/datasets/ds003745/snapshots/2.1.1/files/sub-130:func:sub-130_task-trust_run-05_events.tsv,s3://openneuro.org/ds003745/sub-130/func/sub-130_task-trust_run-05_events.tsv
derivatives/fmriprep/sub-130/func/sub-130_task-sharedreward_run-1_space-MNI152NLin2009cAsym_desc-preproc_bold.nii.gz,bold-mni,transport,fmriprep,85539509,a8b9762dda63d1a7d1850f9d73a51f6b,,https://openneuro.org/crn/datasets/ds003745/snapshots/2.1.1/files/derivatives:fmriprep:sub-130:func:sub-130_task-sharedreward_run-1_space-MNI152NLin2009cAsym_desc-preproc_bold.nii.gz,s3://openneuro.org/ds003745/derivatives/fmriprep/sub-130/func/sub-130_task-sharedreward_run-1_space-MNI152NLin2009cAsym_desc-preproc_bold.nii.gz
derivatives/fmriprep/sub-130/func/sub-130_task-sharedreward_run-1_space-MNI152NLin2009cAsym_desc-brain_mask.nii.gz,mask-mni,transport,fmriprep,4014,f34e062b6e0e37e5a705aa87cbbac68b,,https://openneuro.org/crn/datasets/ds003745/snapshots/2.1.1/files/derivatives:fmriprep:sub-130:func:sub-130_task-sharedreward_run-1_space-MNI152NLin2009cAsym_desc-brain_mask.nii.gz,s3://openneuro.org/ds003745/derivatives/fmriprep/sub-130/func/sub-130_task-sharedreward_run-1_space-MNI152NLin2009cAsym_desc-brain_mask.nii.gz
derivatives/fmriprep/sub-130/func/sub-130_task-sharedreward_run-1_desc-confounds_timeseries.tsv,confounds,transport,fmriprep,435319,f0f1e546fa335531eae61b339885ec57,,https://openneuro.org/crn/datasets/ds003745/snapshots/2.1.1/files/derivatives:fmriprep:sub-130:func:sub-130_task-sharedreward_run-1_desc-confounds_timeseries.tsv,s3://openneuro.org/ds003745/derivatives/fmriprep/sub-130/func/sub-130_task-sharedreward_run-1_desc-confounds_timeseries.tsv
sub-130/func/sub-130_task-sharedreward_run-01_events.tsv,events,transport,raw,4002,2aa294936478f5d147630c48d5957d75,,https://openneuro.org/crn/datasets/ds003745/snapshots/2.1.1/files/sub-130:func:sub-130_task-sharedreward_run-01_events.tsv,s3://openneuro.org/ds003745/sub-130/func/sub-130_task-sharedreward_run-01_events.tsv
derivatives/fmriprep/sub-130/func/sub-130_task-sharedreward_run-2_space-MNI152NLin2009cAsym_desc-preproc_bold.nii.gz,bold-mni,transport,fmriprep,85330215,c52956ce9ee6a24d3ff55610ce973509,,https://openneuro.org/crn/datasets/ds003745/snapshots/2.1.1/files/derivatives:fmriprep:sub-130:func:sub-130_task-sharedreward_run-2_space-MNI152NLin2009cAsym_desc-preproc_bold.nii.gz,s3://openneuro.org/ds003745/derivatives/fmriprep/sub-130/func/sub-130_task-sharedreward_run-2_space-MNI152NLin2009cAsym_desc-preproc_bold.nii.gz
derivatives/fmriprep/sub-130/func/sub-130_task-sharedreward_run-2_space-MNI152NLin2009cAsym_desc-brain_mask.nii.gz,mask-mni,transport,fmriprep,3989,f537aed11db454ef46ead4cc94963943,,https://openneuro.org/crn/datasets/ds003745/snapshots/2.1.1/files/derivatives:fmriprep:sub-130:func:sub-130_task-sharedreward_run-2_space-MNI152NLin2009cAsym_desc-brain_mask.nii.gz,s3://openneuro.org/ds003745/derivatives/fmriprep/sub-130/func/sub-130_task-sharedreward_run-2_space-MNI152NLin2009cAsym_desc-brain_mask.nii.gz
derivatives/fmriprep/sub-130/func/sub-130_task-sharedreward_run-2_desc-confounds_timeseries.tsv,confounds,transport,fmriprep,420780,9b166f6bd0537c05d2031ffc4881df9f,,https://openneuro.org/crn/datasets/ds003745/snapshots/2.1.1/files/derivatives:fmriprep:sub-130:func:sub-130_task-sharedreward_run-2_desc-confounds_timeseries.tsv,s3://openneuro.org/ds003745/derivatives/fmriprep/sub-130/func/sub-130_task-sharedreward_run-2_desc-confounds_timeseries.tsv
sub-130/func/sub-130_task-sharedreward_run-02_events.tsv,events,transport,raw,4084,2530d10d973cd45d0c0eb9a38446b8b5,,https://openneuro.org/crn/datasets/ds003745/snapshots/2.1.1/files/sub-130:func:sub-130_task-sharedreward_run-02_events.tsv,s3://openneuro.org/ds003745/sub-130/func/sub-130_task-sharedreward_run-02_events.tsv
derivatives/fmriprep/sub-131/anat/sub-131_space-MNI152NLin2009cAsym_desc-preproc_T1w.nii.gz,anat-T1w-mni,core,fmriprep,8054763,2bb051e7128e83c5cd1f5397d0b84598,,https://openneuro.org/crn/datasets/ds003745/snapshots/2.1.1/files/derivatives:fmriprep:sub-131:anat:sub-131_space-MNI152NLin2009cAsym_desc-preproc_T1w.nii.gz,s3://openneuro.org/ds003745/derivatives/fmriprep/sub-131/anat/sub-131_space-MNI152NLin2009cAsym_desc-preproc_T1w.nii.gz
derivatives/fmriprep/sub-131/anat/sub-131_space-MNI152NLin2009cAsym_desc-brain_mask.nii.gz,anat-mask-mni,core,fmriprep,58840,d0001262ae9e28a60ece67a60f97789a,,https://openneuro.org/crn/datasets/ds003745/snapshots/2.1.1/files/derivatives:fmriprep:sub-131:anat:sub-131_space-MNI152NLin2009cAsym_desc-brain_mask.nii.gz,s3://openneuro.org/ds003745/derivatives/fmriprep/sub-131/anat/sub-131_space-MNI152NLin2009cAsym_desc-brain_mask.nii.gz
derivatives/fmriprep/sub-131/anat/sub-131_space-MNI152NLin2009cAsym_label-GM_probseg.nii.gz,anat-gm-probseg,core,fmriprep,6975746,62ba1c1c55a6077bb4bdecea1de0cc45,,https://openneuro.org/crn/datasets/ds003745/snapshots/2.1.1/files/derivatives:fmriprep:sub-131:anat:sub-131_space-MNI152NLin2009cAsym_label-GM_probseg.nii.gz,s3://openneuro.org/ds003745/derivatives/fmriprep/sub-131/anat/sub-131_space-MNI152NLin2009cAsym_label-GM_probseg.nii.gz
derivatives/fmriprep/sub-131/anat/sub-131_space-MNI152NLin2009cAsym_dseg.nii.gz,anat-dseg-mni,core,fmriprep,302536,de75990e79bc30af658efe40a84e2ec2,,https://openneuro.org/crn/datasets/ds003745/snapshots/2.1.1/files/derivatives:fmriprep:sub-131:anat:sub-131_space-MNI152NLin2009cAsym_dseg.nii.gz,s3://openneuro.org/ds003745/derivatives/fmriprep/sub-131/anat/sub-131_space-MNI152NLin2009cAsym_dseg.nii.gz
derivatives/fmriprep/sub-131/func/sub-131_task-trust_run-1_space-MNI152NLin2009cAsym_desc-preproc_bold.nii.gz,bold-mni,core,fmriprep,86984975,dcb9d6e40dd66da8252167e197d397aa,,https://openneuro.org/crn/datasets/ds003745/snapshots/2.1.1/files/derivatives:fmriprep:sub-131:func:sub-131_task-trust_run-1_space-MNI152NLin2009cAsym_desc-preproc_bold.nii.gz,s3://openneuro.org/ds003745/derivatives/fmriprep/sub-131/func/sub-131_task-trust_run-1_space-MNI152NLin2009cAsym_desc-preproc_bold.nii.gz
derivatives/fmriprep/sub-131/func/sub-131_task-trust_run-1_space-MNI152NLin2009cAsym_desc-brain_mask.nii.gz,mask-mni,core,fmriprep,3983,c85598304b7762f42a0036ebe3fbeba7,,https://openneuro.org/crn/datasets/ds003745/snapshots/2.1.1/files/derivatives:fmriprep:sub-131:func:sub-131_task-trust_run-1_space-MNI152NLin2009cAsym_desc-brain_mask.nii.gz,s3://openneuro.org/ds003745/derivatives/fmriprep/sub-131/func/sub-131_task-trust_run-1_space-MNI152NLin2009cAsym_desc-brain_mask.nii.gz
derivatives/fmriprep/sub-131/func/sub-131_task-trust_run-1_desc-confounds_timeseries.tsv,confounds,core,fmriprep,387032,8713f04f163e71cbfda9050d49c96d9a,,https://openneuro.org/crn/datasets/ds003745/snapshots/2.1.1/files/derivatives:fmriprep:sub-131:func:sub-131_task-trust_run-1_desc-confounds_timeseries.tsv,s3://openneuro.org/ds003745/derivatives/fmriprep/sub-131/func/sub-131_task-trust_run-1_desc-confounds_timeseries.tsv
sub-131/func/sub-131_task-trust_run-01_events.tsv,events,core,raw,3791,c3997b6af5f909f62471e446e14ea676,,https://openneuro.org/crn/datasets/ds003745/snapshots/2.1.1/files/sub-131:func:sub-131_task-trust_run-01_events.tsv,s3://openneuro.org/ds003745/sub-131/func/sub-131_task-trust_run-01_events.tsv
derivatives/fmriprep/sub-131/func/sub-131_task-trust_run-2_space-MNI152NLin2009cAsym_desc-preproc_bold.nii.gz,bold-mni,core,fmriprep,86893386,654c0dca2efd515ccd99f430624fdaf8,,https://openneuro.org/crn/datasets/ds003745/snapshots/2.1.1/files/derivatives:fmriprep:sub-131:func:sub-131_task-trust_run-2_space-MNI152NLin2009cAsym_desc-preproc_bold.nii.gz,s3://openneuro.org/ds003745/derivatives/fmriprep/sub-131/func/sub-131_task-trust_run-2_space-MNI152NLin2009cAsym_desc-preproc_bold.nii.gz
derivatives/fmriprep/sub-131/func/sub-131_task-trust_run-2_space-MNI152NLin2009cAsym_desc-brain_mask.nii.gz,mask-mni,core,fmriprep,4025,ca285cadba012cde341605dc01bc663e,,https://openneuro.org/crn/datasets/ds003745/snapshots/2.1.1/files/derivatives:fmriprep:sub-131:func:sub-131_task-trust_run-2_space-MNI152NLin2009cAsym_desc-brain_mask.nii.gz,s3://openneuro.org/ds003745/derivatives/fmriprep/sub-131/func/sub-131_task-trust_run-2_space-MNI152NLin2009cAsym_desc-brain_mask.nii.gz
derivatives/fmriprep/sub-131/func/sub-131_task-trust_run-2_desc-confounds_timeseries.tsv,confounds,core,fmriprep,406422,77b4e65d5557be9b0c5cf9db6513a23a,,https://openneuro.org/crn/datasets/ds003745/snapshots/2.1.1/files/derivatives:fmriprep:sub-131:func:sub-131_task-trust_run-2_desc-confounds_timeseries.tsv,s3://openneuro.org/ds003745/derivatives/fmriprep/sub-131/func/sub-131_task-trust_run-2_desc-confounds_timeseries.tsv
sub-131/func/sub-131_task-trust_run-02_events.tsv,events,core,raw,3786,68b21972c320982b459d25d1e6d0e4a5,,https://openneuro.org/crn/datasets/ds003745/snapshots/2.1.1/files/sub-131:func:sub-131_task-trust_run-02_events.tsv,s3://openneuro.org/ds003745/sub-131/func/sub-131_task-trust_run-02_events.tsv
derivatives/fmriprep/sub-131/func/sub-131_task-trust_run-3_space-MNI152NLin2009cAsym_desc-preproc_bold.nii.gz,bold-mni,core,fmriprep,87074716,e267e22646499c78acf77661015afdaa,,https://openneuro.org/crn/datasets/ds003745/snapshots/2.1.1/files/derivatives:fmriprep:sub-131:func:sub-131_task-trust_run-3_space-MNI152NLin2009cAsym_desc-preproc_bold.nii.gz,s3://openneuro.org/ds003745/derivatives/fmriprep/sub-131/func/sub-131_task-trust_run-3_space-MNI152NLin2009cAsym_desc-preproc_bold.nii.gz
derivatives/fmriprep/sub-131/func/sub-131_task-trust_run-3_space-MNI152NLin2009cAsym_desc-brain_mask.nii.gz,mask-mni,core,fmriprep,4005,d2f31b1467725283ad1a771351b97d0c,,https://openneuro.org/crn/datasets/ds003745/snapshots/2.1.1/files/derivatives:fmriprep:sub-131:func:sub-131_task-trust_run-3_space-MNI152NLin2009cAsym_desc-brain_mask.nii.gz,s3://openneuro.org/ds003745/derivatives/fmriprep/sub-131/func/sub-131_task-trust_run-3_space-MNI152NLin2009cAsym_desc-brain_mask.nii.gz
derivatives/fmriprep/sub-131/func/sub-131_task-trust_run-3_desc-confounds_timeseries.tsv,confounds,core,fmriprep,403874,8d7834378945e3ca6c882e60a86610f6,,https://openneuro.org/crn/datasets/ds003745/snapshots/2.1.1/files/derivatives:fmriprep:sub-131:func:sub-131_task-trust_run-3_desc-confounds_timeseries.tsv,s3://openneuro.org/ds003745/derivatives/fmriprep/sub-131/func/sub-131_task-trust_run-3_desc-confounds_timeseries.tsv
sub-131/func/sub-131_task-trust_run-03_events.tsv,events,core,raw,3981,c36b3fff8f95a587d8b8ac759a0f0e82,,https://openneuro.org/crn/datasets/ds003745/snapshots/2.1.1/files/sub-131:func:sub-131_task-trust_run-03_events.tsv,s3://openneuro.org/ds003745/sub-131/func/sub-131_task-trust_run-03_events.tsv
derivatives/fmriprep/sub-131/func/sub-131_task-trust_run-4_space-MNI152NLin2009cAsym_desc-preproc_bold.nii.gz,bold-mni,core,fmriprep,86847575,637a85ab6a37ab765831c1ddd877728b,,https://openneuro.org/crn/datasets/ds003745/snapshots/2.1.1/files/derivatives:fmriprep:sub-131:func:sub-131_task-trust_run-4_space-MNI152NLin2009cAsym_desc-preproc_bold.nii.gz,s3://openneuro.org/ds003745/derivatives/fmriprep/sub-131/func/sub-131_task-trust_run-4_space-MNI152NLin2009cAsym_desc-preproc_bold.nii.gz
derivatives/fmriprep/sub-131/func/sub-131_task-trust_run-4_space-MNI152NLin2009cAsym_desc-brain_mask.nii.gz,mask-mni,core,fmriprep,3941,3155ca103800003bbeaa85e2a84a4c70,,https://openneuro.org/crn/datasets/ds003745/snapshots/2.1.1/files/derivatives:fmriprep:sub-131:func:sub-131_task-trust_run-4_space-MNI152NLin2009cAsym_desc-brain_mask.nii.gz,s3://openneuro.org/ds003745/derivatives/fmriprep/sub-131/func/sub-131_task-trust_run-4_space-MNI152NLin2009cAsym_desc-brain_mask.nii.gz
derivatives/fmriprep/sub-131/func/sub-131_task-trust_run-4_desc-confounds_timeseries.tsv,confounds,core,fmriprep,393640,ea0661c28b7fa5b3b0be8de232fbad75,,https://openneuro.org/crn/datasets/ds003745/snapshots/2.1.1/files/derivatives:fmriprep:sub-131:func:sub-131_task-trust_run-4_desc-confounds_timeseries.tsv,s3://openneuro.org/ds003745/derivatives/fmriprep/sub-131/func/sub-131_task-trust_run-4_desc-confounds_timeseries.tsv
sub-131/func/sub-131_task-trust_run-04_events.tsv,events,core,raw,3922,2068999abe12baf96487487b4cf0f85f,,https://openneuro.org/crn/datasets/ds003745/snapshots/2.1.1/files/sub-131:func:sub-131_task-trust_run-04_events.tsv,s3://openneuro.org/ds003745/sub-131/func/sub-131_task-trust_run-04_events.tsv
derivatives/fmriprep/sub-131/func/sub-131_task-trust_run-5_space-MNI152NLin2009cAsym_desc-preproc_bold.nii.gz,bold-mni,core,fmriprep,86709569,48a419029f1abf3ec70c27e16f8c28d5,,https://openneuro.org/crn/datasets/ds003745/snapshots/2.1.1/files/derivatives:fmriprep:sub-131:func:sub-131_task-trust_run-5_space-MNI152NLin2009cAsym_desc-preproc_bold.nii.gz,s3://openneuro.org/ds003745/derivatives/fmriprep/sub-131/func/sub-131_task-trust_run-5_space-MNI152NLin2009cAsym_desc-preproc_bold.nii.gz
derivatives/fmriprep/sub-131/func/sub-131_task-trust_run-5_space-MNI152NLin2009cAsym_desc-brain_mask.nii.gz,mask-mni,core,fmriprep,3838,df2b66d9c6eb668986fe84c8193b2ddc,,https://openneuro.org/crn/datasets/ds003745/snapshots/2.1.1/files/derivatives:fmriprep:sub-131:func:sub-131_task-trust_run-5_space-MNI152NLin2009cAsym_desc-brain_mask.nii.gz,s3://openneuro.org/ds003745/derivatives/fmriprep/sub-131/func/sub-131_task-trust_run-5_space-MNI152NLin2009cAsym_desc-brain_mask.nii.gz
derivatives/fmriprep/sub-131/func/sub-131_task-trust_run-5_desc-confounds_timeseries.tsv,confounds,core,fmriprep,406269,29cf29ac0ea8743e724c9dee13e01819,,https://openneuro.org/crn/datasets/ds003745/snapshots/2.1.1/files/derivatives:fmriprep:sub-131:func:sub-131_task-trust_run-5_desc-confounds_timeseries.tsv,s3://openneuro.org/ds003745/derivatives/fmriprep/sub-131/func/sub-131_task-trust_run-5_desc-confounds_timeseries.tsv
sub-131/func/sub-131_task-trust_run-05_events.tsv,events,core,raw,3732,4e56a4ac3c9c2f82282dcf0dbc21ed37,,https://openneuro.org/crn/datasets/ds003745/snapshots/2.1.1/files/sub-131:func:sub-131_task-trust_run-05_events.tsv,s3://openneuro.org/ds003745/sub-131/func/sub-131_task-trust_run-05_events.tsv
derivatives/fmriprep/sub-131/func/sub-131_task-sharedreward_run-1_space-MNI152NLin2009cAsym_desc-preproc_bold.nii.gz,bold-mni,transport,fmriprep,80813442,9c94e86ef8022bfb652ce7c74b52b435,,https://openneuro.org/crn/datasets/ds003745/snapshots/2.1.1/files/derivatives:fmriprep:sub-131:func:sub-131_task-sharedreward_run-1_space-MNI152NLin2009cAsym_desc-preproc_bold.nii.gz,s3://openneuro.org/ds003745/derivatives/fmriprep/sub-131/func/sub-131_task-sharedreward_run-1_space-MNI152NLin2009cAsym_desc-preproc_bold.nii.gz
derivatives/fmriprep/sub-131/func/sub-131_task-sharedreward_run-1_space-MNI152NLin2009cAsym_desc-brain_mask.nii.gz,mask-mni,transport,fmriprep,3899,188c6712e0bc40ac19c7de22af789143,,https://openneuro.org/crn/datasets/ds003745/snapshots/2.1.1/files/derivatives:fmriprep:sub-131:func:sub-131_task-sharedreward_run-1_space-MNI152NLin2009cAsym_desc-brain_mask.nii.gz,s3://openneuro.org/ds003745/derivatives/fmriprep/sub-131/func/sub-131_task-sharedreward_run-1_space-MNI152NLin2009cAsym_desc-brain_mask.nii.gz
derivatives/fmriprep/sub-131/func/sub-131_task-sharedreward_run-1_desc-confounds_timeseries.tsv,confounds,transport,fmriprep,336883,60cfefd3e4490f4408615653dc025616,,https://openneuro.org/crn/datasets/ds003745/snapshots/2.1.1/files/derivatives:fmriprep:sub-131:func:sub-131_task-sharedreward_run-1_desc-confounds_timeseries.tsv,s3://openneuro.org/ds003745/derivatives/fmriprep/sub-131/func/sub-131_task-sharedreward_run-1_desc-confounds_timeseries.tsv
sub-131/func/sub-131_task-sharedreward_run-01_events.tsv,events,transport,raw,3842,28d85eba08bd94d1a75ecf88cf95b052,,https://openneuro.org/crn/datasets/ds003745/snapshots/2.1.1/files/sub-131:func:sub-131_task-sharedreward_run-01_events.tsv,s3://openneuro.org/ds003745/sub-131/func/sub-131_task-sharedreward_run-01_events.tsv
derivatives/fmriprep/sub-131/func/sub-131_task-sharedreward_run-2_space-MNI152NLin2009cAsym_desc-preproc_bold.nii.gz,bold-mni,transport,fmriprep,79879444,77dae2c13f1e414c048325ab2eabdab7,,https://openneuro.org/crn/datasets/ds003745/snapshots/2.1.1/files/derivatives:fmriprep:sub-131:func:sub-131_task-sharedreward_run-2_space-MNI152NLin2009cAsym_desc-preproc_bold.nii.gz,s3://openneuro.org/ds003745/derivatives/fmriprep/sub-131/func/sub-131_task-sharedreward_run-2_space-MNI152NLin2009cAsym_desc-preproc_bold.nii.gz
derivatives/fmriprep/sub-131/func/sub-131_task-sharedreward_run-2_space-MNI152NLin2009cAsym_desc-brain_mask.nii.gz,mask-mni,transport,fmriprep,3925,500578c10e3987b0920921d1defd5674,,https://openneuro.org/crn/datasets/ds003745/snapshots/2.1.1/files/derivatives:fmriprep:sub-131:func:sub-131_task-sharedreward_run-2_space-MNI152NLin2009cAsym_desc-brain_mask.nii.gz,s3://openneuro.org/ds003745/derivatives/fmriprep/sub-131/func/sub-131_task-sharedreward_run-2_space-MNI152NLin2009cAsym_desc-brain_mask.nii.gz
derivatives/fmriprep/sub-131/func/sub-131_task-sharedreward_run-2_desc-confounds_timeseries.tsv,confounds,transport,fmriprep,373350,ceb52e248c5bfc4d6758d0d2919d7627,,https://openneuro.org/crn/datasets/ds003745/snapshots/2.1.1/files/derivatives:fmriprep:sub-131:func:sub-131_task-sharedreward_run-2_desc-confounds_timeseries.tsv,s3://openneuro.org/ds003745/derivatives/fmriprep/sub-131/func/sub-131_task-sharedreward_run-2_desc-confounds_timeseries.tsv
sub-131/func/sub-131_task-sharedreward_run-02_events.tsv,events,transport,raw,3962,1bc32b1f4af6260b8d97b2331256db59,,https://openneuro.org/crn/datasets/ds003745/snapshots/2.1.1/files/sub-131:func:sub-131_task-sharedreward_run-02_events.tsv,s3://openneuro.org/ds003745/sub-131/func/sub-131_task-sharedreward_run-02_events.tsv
