"scenario","noise_regime","trials_per_condition","snr","regime_label","scale","metric","truth","estimate_mean","estimate_sd","interval_lower","interval_upper","n_valid","n_replications"
"broad_coherent","gaussian",6,0,"null",0.01,"activation",0,0.00868282731666582,0.0641951621039576,-0.110228862612256,0.122040646622179,48,48
"broad_coherent","gaussian",6,0,"null",0.01,"aggregate",0,0.079989859151021,0.541259052619293,-0.78303219709858,1.11516606424052,48,48
"broad_coherent","gaussian",6,0,"null",0.01,"total",0,0.0199974647877553,0.135314763154823,-0.195758049274645,0.27879151606013,48,48
"broad_coherent","gaussian",6,0,"null",0.01,"coherent",0,0.0199974647877553,0.135314763154823,-0.195758049274645,0.27879151606013,48,48
"broad_coherent","gaussian",6,0,"null",0.01,"configuration",0,0,0,0,0,48,48
"broad_coherent","gaussian",6,0,"null",0.01,"coherent_share",NA,1,0,1,1,48,48
"broad_coherent","gaussian",6,0,"null",1.01,"activation",0,0.00868282731666582,0.0641951621039576,-0.110228862612256,0.122040646622179,48,48
"broad_coherent","gaussian",6,0,"null",1.01,"aggregate",0,0.079989859151021,0.541259052619293,-0.78303219709858,1.11516606424052,48,48
"broad_coherent","gaussian",6,0,"null",1.01,"total",0,0.0199974647877553,0.135314763154823,-0.195758049274645,0.27879151606013,48,48
"broad_coherent","gaussian",6,0,"null",1.01,"coherent",0,0.00525696345622507,0.0721380938477343,-0.108282386897184,0.15905808086272,48,48
"broad_coherent","gaussian",6,0,"null",1.01,"configuration",0,0.0147405013315302,0.0976175960150855,-0.131616492217284,0.183315460140444,48,48
"broad_coherent","gaussian",6,0,"null",1.01,"coherent_share",NA,0.687479500896788,5.24761308731367,-4.87825925347813,11.3940546603509,48,48
"broad_coherent","gaussian",6,0,"null",2.01,"activation",0,0.00868282731666582,0.0641951621039576,-0.110228862612256,0.122040646622179,48,48
"broad_coherent","gaussian",6,0,"null",2.01,"aggregate",0,0.079989859151021,0.541259052619293,-0.78303219709858,1.11516606424052,48,48
"broad_coherent","gaussian",6,0,"null",2.01,"total",0,0.0199974647877553,0.135314763154823,-0.195758049274645,0.27879151606013,48,48
"broad_coherent","gaussian",6,0,"null",2.01,"coherent",0,0.000230300653456458,0.0546039137732819,-0.084670312940831,0.126231189126904,48,48
"broad_coherent","gaussian",6,0,"null",2.01,"configuration",0,0.0197671641342988,0.117516025436181,-0.155743315556805,0.21402315997613,48,48
"broad_coherent","gaussian",6,0,"null",2.01,"coherent_share",NA,0.324849616742798,3.81536951127489,-4.77745456606389,5.91950308671934,48,48
"broad_coherent","gaussian",6,0,"null",4.01,"activation",0,0.00868282731666582,0.0641951621039576,-0.110228862612256,0.122040646622179,48,48
"broad_coherent","gaussian",6,0,"null",4.01,"aggregate",0,0.079989859151021,0.541259052619293,-0.78303219709858,1.11516606424052,48,48
"broad_coherent","gaussian",6,0,"null",4.01,"total",0,0.0199974647877553,0.135314763154823,-0.195758049274645,0.27879151606013,48,48
"broad_coherent","gaussian",6,0,"null",4.01,"coherent",0,0.00207219053438125,0.0430255155482363,-0.0775094993831083,0.118698279210079,48,48
"broad_coherent","gaussian",6,0,"null",4.01,"configuration",0,0.017925274253374,0.122382583427188,-0.155390614427483,0.206449848144059,48,48
"broad_coherent","gaussian",6,0,"null",4.01,"coherent_share",NA,0.169465194623891,2.92527474203475,-5.32405873700643,3.28009991480006,48,48
"broad_coherent","gaussian",6,0.2,"low_power",0.01,"activation",0.2,0.208682827316666,0.0641951621039576,0.0897711373877438,0.322040646622179,48,48
"broad_coherent","gaussian",6,0.2,"low_power",0.01,"aggregate",0.68,0.819033084904349,0.719010967278105,-0.134679879555323,2.53117575584328,48,48
"broad_coherent","gaussian",6,0.2,"low_power",0.01,"total",0.17,0.204758271226087,0.179752741819526,-0.0336699698888309,0.63279393896082,48,48
"broad_coherent","gaussian",6,0.2,"low_power",0.01,"coherent",0.17,0.204758271226087,0.179752741819526,-0.0336699698888309,0.63279393896082,48,48
"broad_coherent","gaussian",6,0.2,"low_power",0.01,"configuration",0,0,0,0,0,48,48
"broad_coherent","gaussian",6,0.2,"low_power",0.01,"coherent_share",1,1,0,1,1,48,48
"broad_coherent","gaussian",6,0.2,"low_power",1.01,"activation",0.2,0.208682827316666,0.0641951621039576,0.0897711373877438,0.322040646622179,48,48
"broad_coherent","gaussian",6,0.2,"low_power",1.01,"aggregate",0.68,0.819033084904349,0.719010967278105,-0.134679879555323,2.53117575584328,48,48
"broad_coherent","gaussian",6,0.2,"low_power",1.01,"total",0.17,0.204758271226087,0.179752741819526,-0.0336699698888308,0.63279393896082,48,48
"broad_coherent","gaussian",6,0.2,"low_power",1.01,"coherent",0.17,0.190017769894557,0.121273873256505,-0.0245956714677064,0.49487340984828,48,48
"broad_coherent","gaussian",6,0.2,"low_power",1.01,"configuration",0,0.0147405013315302,0.0976175960150855,-0.131616492217284,0.183315460140444,48,48
"broad_coherent","gaussian",6,0.2,"low_power",1.01,"coherent_share",1,0.154579796158286,4.69918804492036,-3.48943055699917,3.01783213877115,48,48
"broad_coherent","gaussian",6,0.2,"low_power",2.01,"activation",0.2,0.208682827316666,0.0641951621039576,0.0897711373877438,0.322040646622179,48,48
"broad_coherent","gaussian",6,0.2,"low_power",2.01,"aggregate",0.68,0.819033084904349,0.719010967278105,-0.134679879555323,2.53117575584328,48,48
"broad_coherent","gaussian",6,0.2,"low_power",2.01,"total",0.17,0.204758271226087,0.179752741819526,-0.0336699698888309,0.63279393896082,48,48
"broad_coherent","gaussian",6,0.2,"low_power",2.01,"coherent",0.17,0.184991107091788,0.109752746974103,0.00653567264836612,0.430740800539973,48,48
"broad_coherent","gaussian",6,0.2,"low_power",2.01,"configuration",0,0.0197671641342988,0.117516025436181,-0.155743315556805,0.21402315997613,48,48
"broad_coherent","gaussian",6,0.2,"low_power",2.01,"coherent_share",1,0.701172489239295,1.50842201799787,-3.38928072141147,3.59461544962942,48,48
"broad_coherent","gaussian",6,0.2,"low_power",4.01,"activation",0.2,0.208682827316666,0.0641951621039576,0.0897711373877438,0.322040646622179,48,48
"broad_coherent","gaussian",6,0.2,"low_power",4.01,"aggregate",0.68,0.819033084904349,0.719010967278105,-0.134679879555323,2.53117575584328,48,48
"broad_coherent","gaussian",6,0.2,"low_power",4.01,"total",0.17,0.204758271226087,0.179752741819526,-0.0336699698888309,0.63279393896082,48,48
"broad_coherent","gaussian",6,0.2,"low_power",4.01,"coherent",0.17,0.186832996972713,0.109318559995059,0.00182776454466611,0.404818240441455,48,48
"broad_coherent","gaussian",6,0.2,"low_power",4.01,"configuration",5.6621374255883e-17,0.017925274253374,0.122382583427188,-0.155390614427483,0.206449848144059,48,48
"broad_coherent","gaussian",6,0.2,"low_power",4.01,"coherent_share",1,0.601852306385078,2.24744276291645,-4.54206107400321,3.71773189509259,48,48
"broad_coherent","gaussian",6,0.8,"recoverable",0.01,"activation",0.8,0.808682827316666,0.0641951621039576,0.689771137387744,0.922040646622179,48,48
"broad_coherent","gaussian",6,0.8,"recoverable",0.01,"aggregate",10.88,11.1961627621643,1.86432130565506,8.15350731864516,15.4382469710128,48,48
"broad_coherent","gaussian",6,0.8,"recoverable",0.01,"total",2.72,2.79904069054108,0.466080326413766,2.03837682966129,3.8595617427532,48,48
"broad_coherent","gaussian",6,0.8,"recoverable",0.01,"coherent",2.72,2.79904069054108,0.466080326413766,2.03837682966129,3.8595617427532,48,48
"broad_coherent","gaussian",6,0.8,"recoverable",0.01,"configuration",0,0,0,0,0,48,48
"broad_coherent","gaussian",6,0.8,"recoverable",0.01,"coherent_share",1,1,0,1,1,48,48
"broad_coherent","gaussian",6,0.8,"recoverable",1.01,"activation",0.8,0.808682827316666,0.0641951621039576,0.689771137387744,0.922040646622179,48,48
"broad_coherent","gaussian",6,0.8,"recoverable",1.01,"aggregate",10.88,11.1961627621643,1.86432130565506,8.15350731864516,15.4382469710128,48,48
"broad_coherent","gaussian",6,0.8,"recoverable",1.01,"total",2.72,2.79904069054108,0.466080326413766,2.03837682966129,3.8595617427532,48,48
"broad_coherent","gaussian",6,0.8,"recoverable",1.01,"coherent",2.72,2.78430018920955,0.431433226435954,2.10794078062915,3.64832981306167,48,48
"broad_coherent","gaussian",6,0.8,"recoverable",1.01,"configuration",0,0.0147405013315303,0.0976175960150855,-0.131616492217284,0.183315460140445,48,48
"broad_coherent","gaussian",6,0.8,"recoverable",1.01,"coherent_share",1,0.996851335192589,0.0336468741314337,0.937707707583944,1.05527199881517,48,48
"broad_coherent","gaussian",6,0.8,"recoverable",2.01,"activation",0.8,0.808682827316666,0.0641951621039576,0.689771137387744,0.922040646622179,48,48
"broad_coherent","gaussian",6,0.8,"recoverable",2.01,"aggregate",10.88,11.1961627621643,1.86432130565506,8.15350731864516,15.4382469710128,48,48
"broad_coherent","gaussian",6,0.8,"recoverable",2.01,"total",2.72,2.79904069054108,0.466080326413766,2.03837682966129,3.85956174275321,48,48
"broad_coherent","gaussian",6,0.8,"recoverable",2.01,"coherent",2.72,2.77927352640678,0.426796008605653,2.09211650979814,3.5969280070665,48,48
"broad_coherent","gaussian",6,0.8,"recoverable",2.01,"configuration",0,0.0197671641342986,0.117516025436181,-0.155743315556805,0.21402315997613,48,48
"broad_coherent","gaussian",6,0.8,"recoverable",2.01,"coherent_share",1,0.995510823495355,0.0393648214661582,0.929300752784548,1.05747057683986,48,48
"broad_coherent","gaussian",6,0.8,"recoverable",4.01,"activation",0.8,0.808682827316666,0.0641951621039576,0.689771137387744,0.922040646622179,48,48
"broad_coherent","gaussian",6,0.8,"recoverable",4.01,"aggregate",10.88,11.1961627621643,1.86432130565506,8.15350731864516,15.4382469710128,48,48
"broad_coherent","gaussian",6,0.8,"recoverable",4.01,"total",2.72,2.79904069054108,0.466080326413766,2.03837682966129,3.8595617427532,48,48
"broad_coherent","gaussian",6,0.8,"recoverable",4.01,"coherent",2.72,2.78111541628771,0.430308654990054,2.07955315576518,3.57573380257164,48,48
"broad_coherent","gaussian",6,0.8,"recoverable",4.01,"configuration",9.05941988094128e-16,0.0179252742533744,0.122382583427188,-0.155390614427483,0.20644984814406,48,48
"broad_coherent","gaussian",6,0.8,"recoverable",4.01,"coherent_share",1,0.996063268034945,0.0416771383025923,0.926246843845641,1.06137539609913,48,48
"broad_coherent","gaussian",24,0,"null",0.01,"activation",0,0.00779531969252825,0.0342792693616385,-0.0470623303839744,0.0669804366455727,48,48
"broad_coherent","gaussian",24,0,"null",0.01,"aggregate",0,-0.00781585061606523,0.165887967172429,-0.278836857882988,0.335300691449148,48,48
"broad_coherent","gaussian",24,0,"null",0.01,"total",0,-0.00195396265401631,0.0414719917931073,-0.069709214470747,0.083825172862287,48,48
"broad_coherent","gaussian",24,0,"null",0.01,"coherent",0,-0.00195396265401631,0.0414719917931073,-0.069709214470747,0.083825172862287,48,48
"broad_coherent","gaussian",24,0,"null",0.01,"configuration",0,0,0,0,0,48,48
"broad_coherent","gaussian",24,0,"null",0.01,"coherent_share",NA,1,0,1,1,48,48
"broad_coherent","gaussian",24,0,"null",1.01,"activation",0,0.00779531969252825,0.0342792693616385,-0.0470623303839744,0.0669804366455727,48,48
"broad_coherent","gaussian",24,0,"null",1.01,"aggregate",0,-0.00781585061606523,0.165887967172429,-0.278836857882988,0.335300691449148,48,48
"broad_coherent","gaussian",24,0,"null",1.01,"total",0,-0.00195396265401631,0.0414719917931073,-0.069709214470747,0.083825172862287,48,48
"broad_coherent","gaussian",24,0,"null",1.01,"coherent",0,0.00175996973529488,0.0205847732311523,-0.0319648320749711,0.0386164898490122,48,48
"broad_coherent","gaussian",24,0,"null",1.01,"configuration",0,-0.00371393238931119,0.0301224655082601,-0.0543454024181814,0.0547019652107501,48,48
"broad_coherent","gaussian",24,0,"null",1.01,"coherent_share",NA,0.347881471636057,2.10715340992608,-4.50326147752673,5.12280167009809,48,48
"broad_coherent","gaussian",24,0,"null",2.01,"activation",0,0.00779531969252825,0.0342792693616385,-0.0470623303839744,0.0669804366455727,48,48
"broad_coherent","gaussian",24,0,"null",2.01,"aggregate",0,-0.00781585061606523,0.165887967172429,-0.278836857882988,0.335300691449148,48,48
"broad_coherent","gaussian",24,0,"null",2.01,"total",0,-0.0019539626540163,0.0414719917931073,-0.069709214470747,0.083825172862287,48,48
"broad_coherent","gaussian",24,0,"null",2.01,"coherent",0,0.00187719341073021,0.0167072530383193,-0.0216522276249191,0.035549268327867,48,48
"broad_coherent","gaussian",24,0,"null",2.01,"configuration",0,-0.00383115606474652,0.033782835385555,-0.0557925108663366,0.0661270371205078,48,48
"broad_coherent","gaussian",24,0,"null",2.01,"coherent_share",NA,0.0715839222264703,2.65648747205076,-3.03237593366654,2.98879902595641,48,48
"broad_coherent","gaussian",24,0,"null",4.01,"activation",0,0.00779531969252825,0.0342792693616385,-0.0470623303839744,0.0669804366455727,48,48
"broad_coherent","gaussian",24,0,"null",4.01,"aggregate",0,-0.00781585061606523,0.165887967172429,-0.278836857882988,0.335300691449148,48,48
"broad_coherent","gaussian",24,0,"null",4.01,"total",0,-0.00195396265401631,0.0414719917931073,-0.069709214470747,0.083825172862287,48,48
"broad_coherent","gaussian",24,0,"null",4.01,"coherent",0,0.00162221980849537,0.0126224002491736,-0.0133966609915089,0.0235001970499266,48,48
"broad_coherent","gaussian",24,0,"null",4.01,"configuration",0,-0.00357618246251168,0.0366360135612252,-0.0607958851613802,0.0774015883449267,48,48
"broad_coherent","gaussian",24,0,"null",4.01,"coherent_share",NA,0.0220015702592475,2.98147042376281,-2.52006864117733,3.97983521283643,48,48
"broad_coherent","gaussian",24,0.2,"low_power",0.01,"activation",0.2,0.207795319692528,0.0342792693616385,0.152937669616026,0.266980436645573,48,48
"broad_coherent","gaussian",24,0.2,"low_power",0.01,"aggregate",0.68,0.725192323293127,0.308203645658666,0.255310621154996,1.29658176658893,48,48
"broad_coherent","gaussian",24,0.2,"low_power",0.01,"total",0.17,0.181298080823282,0.0770509114146665,0.0638276552887491,0.324145441647233,48,48
"broad_coherent","gaussian",24,0.2,"low_power",0.01,"coherent",0.17,0.181298080823282,0.0770509114146665,0.0638276552887491,0.324145441647233,48,48
"broad_coherent","gaussian",24,0.2,"low_power",0.01,"configuration",0,0,0,0,0,48,48
"broad_coherent","gaussian",24,0.2,"low_power",0.01,"coherent_share",1,1,0,1,1,48,48
"broad_coherent","gaussian",24,0.2,"low_power",1.01,"activation",0.2,0.207795319692528,0.0342792693616385,0.152937669616026,0.266980436645573,48,48
"broad_coherent","gaussian",24,0.2,"low_power",1.01,"aggregate",0.68,0.725192323293127,0.308203645658666,0.255310621154996,1.29658176658893,48,48
"broad_coherent","gaussian",24,0.2,"low_power",1.01,"total",0.17,0.181298080823282,0.0770509114146665,0.0638276552887491,0.324145441647233,48,48
"broad_coherent","gaussian",24,0.2,"low_power",1.01,"coherent",0.17,0.185012013212593,0.065601055131136,0.0894346942794244,0.311026358724528,48,48
"broad_coherent","gaussian",24,0.2,"low_power",1.01,"configuration",0,-0.00371393238931119,0.0301224655082601,-0.0543454024181814,0.0547019652107501,48,48
"broad_coherent","gaussian",24,0.2,"low_power",1.01,"coherent_share",1,1.07718383721438,0.224336227166239,0.699256735981884,1.453012317217,48,48
"broad_coherent","gaussian",24,0.2,"low_power",2.01,"activation",0.2,0.207795319692528,0.0342792693616385,0.152937669616026,0.266980436645573,48,48
"broad_coherent","gaussian",24,0.2,"low_power",2.01,"aggregate",0.68,0.725192323293127,0.308203645658666,0.255310621154996,1.29658176658893,48,48
"broad_coherent","gaussian",24,0.2,"low_power",2.01,"total",0.17,0.181298080823282,0.0770509114146665,0.0638276552887491,0.324145441647233,48,48
"broad_coherent","gaussian",24,0.2,"low_power",2.01,"coherent",0.17,0.185129236888028,0.0626225282935042,0.0902873374485446,0.301838701239036,48,48
"broad_coherent","gaussian",24,0.2,"low_power",2.01,"configuration",0,-0.00383115606474652,0.033782835385555,-0.0557925108663366,0.0661270371205078,48,48
"broad_coherent","gaussian",24,0.2,"low_power",2.01,"coherent_share",1,1.08960904526775,0.252007233068395,0.693392463031666,1.52474292708045,48,48
"broad_coherent","gaussian",24,0.2,"low_power",4.01,"activation",0.2,0.207795319692528,0.0342792693616385,0.152937669616026,0.266980436645573,48,48
"broad_coherent","gaussian",24,0.2,"low_power",4.01,"aggregate",0.68,0.725192323293127,0.308203645658666,0.255310621154996,1.29658176658893,48,48
"broad_coherent","gaussian",24,0.2,"low_power",4.01,"total",0.17,0.181298080823282,0.0770509114146665,0.0638276552887491,0.324145441647233,48,48
"broad_coherent","gaussian",24,0.2,"low_power",4.01,"coherent",0.17,0.184874263285793,0.0615012588853959,0.0929421928139901,0.298138384060466,48,48
"broad_coherent","gaussian",24,0.2,"low_power",4.01,"configuration",5.6621374255883e-17,-0.00357618246251166,0.0366360135612252,-0.0607958851613802,0.0774015883449267,48,48
"broad_coherent","gaussian",24,0.2,"low_power",4.01,"coherent_share",1,1.0934452843934,0.276845201538972,0.707569249753216,1.61231418573273,48,48
"broad_coherent","gaussian",24,0.8,"recoverable",0.01,"activation",0.8,0.807795319692528,0.0342792693616385,0.752937669616026,0.866980436645573,48,48
"broad_coherent","gaussian",24,0.8,"recoverable",0.01,"aggregate",10.88,11.0842168450207,0.974383599285478,9.68932498636987,12.8297124014272,48,48
"broad_coherent","gaussian",24,0.8,"recoverable",0.01,"total",2.72,2.77105421125518,0.243595899821369,2.42233124659247,3.20742810035681,48,48
"broad_coherent","gaussian",24,0.8,"recoverable",0.01,"coherent",2.72,2.77105421125518,0.243595899821369,2.42233124659247,3.20742810035681,48,48
"broad_coherent","gaussian",24,0.8,"recoverable",0.01,"configuration",0,0,0,0,0,48,48
"broad_coherent","gaussian",24,0.8,"recoverable",0.01,"coherent_share",1,1,0,1,1,48,48
"broad_coherent","gaussian",24,0.8,"recoverable",1.01,"activation",0.8,0.807795319692528,0.0342792693616385,0.752937669616026,0.866980436645573,48,48
"broad_coherent","gaussian",24,0.8,"recoverable",1.01,"aggregate",10.88,11.0842168450207,0.974383599285478,9.68932498636987,12.8297124014272,48,48
"broad_coherent","gaussian",24,0.8,"recoverable",1.01,"total",2.72,2.77105421125518,0.243595899821369,2.42233124659247,3.20742810035681,48,48
"broad_coherent","gaussian",24,0.8,"recoverable",1.01,"coherent",2.72,2.77476814364449,0.238105363212721,2.39967087382901,3.19192592450886,48,48
"broad_coherent","gaussian",24,0.8,"recoverable",1.01,"configuration",0,-0.00371393238931113,0.0301224655082601,-0.0543454024181814,0.0547019652107504,48,48
"broad_coherent","gaussian",24,0.8,"recoverable",1.01,"coherent_share",1,1.00157860249579,0.0109062256422203,0.980793654675485,1.01869662144203,48,48
"broad_coherent","gaussian",24,0.8,"recoverable",2.01,"activation",0.8,0.807795319692528,0.0342792693616385,0.752937669616026,0.866980436645573,48,48
"broad_coherent","gaussian",24,0.8,"recoverable",2.01,"aggregate",10.88,11.0842168450207,0.974383599285478,9.68932498636987,12.8297124014272,48,48
"broad_coherent","gaussian",24,0.8,"recoverable",2.01,"total",2.72,2.77105421125518,0.243595899821369,2.42233124659247,3.20742810035681,48,48
"broad_coherent","gaussian",24,0.8,"recoverable",2.01,"coherent",2.72,2.77488536731992,0.235797150550099,2.40052571869078,3.18766707397826,48,48
"broad_coherent","gaussian",24,0.8,"recoverable",2.01,"configuration",0,-0.00383115606474667,0.0337828353855549,-0.055792510866337,0.0661270371205072,48,48
"broad_coherent","gaussian",24,0.8,"recoverable",2.01,"coherent_share",1,1.0017062272006,0.0121741779905265,0.977283550997428,1.01937149166072,48,48
"broad_coherent","gaussian",24,0.8,"recoverable",4.01,"activation",0.8,0.807795319692528,0.0342792693616385,0.752937669616026,0.866980436645573,48,48
"broad_coherent","gaussian",24,0.8,"recoverable",4.01,"aggregate",10.88,11.0842168450207,0.974383599285478,9.68932498636987,12.8297124014272,48,48
"broad_coherent","gaussian",24,0.8,"recoverable",4.01,"total",2.72,2.77105421125518,0.243595899821369,2.42233124659247,3.20742810035681,48,48
"broad_coherent","gaussian",24,0.8,"recoverable",4.01,"coherent",2.72,2.77463039371769,0.235378447046719,2.40389370274577,3.18973861095289,48,48
"broad_coherent","gaussian",24,0.8,"recoverable",4.01,"configuration",9.05941988094128e-16,-0.00357618246251128,0.0366360135612252,-0.0607958851613798,0.0774015883449269,48,48
"broad_coherent","gaussian",24,0.8,"recoverable",4.01,"coherent_share",1,1.00163542208353,0.0131652127790661,0.973432101266265,1.02129899789265,48,48
"broad_coherent","heteroskedastic",6,0,"null",0.01,"activation",0,0.0121980206355587,0.0642197132389943,-0.11179846014101,0.117519660738885,48,48
"broad_coherent","heteroskedastic",6,0,"null",0.01,"aggregate",0,0.0757434561253022,0.52360695090374,-0.659965794511825,1.06888348065964,48,48
"broad_coherent","heteroskedastic",6,0,"null",0.01,"total",0,0.0189358640313255,0.130901737725935,-0.164991448627956,0.26722087016491,48,48
"broad_coherent","heteroskedastic",6,0,"null",0.01,"coherent",0,0.0189358640313255,0.130901737725935,-0.164991448627956,0.26722087016491,48,48
"broad_coherent","heteroskedastic",6,0,"null",0.01,"configuration",0,0,0,0,0,48,48
"broad_coherent","heteroskedastic",6,0,"null",0.01,"coherent_share",NA,1,0,1,1,48,48
"broad_coherent","heteroskedastic",6,0,"null",1.01,"activation",0,0.0121980206355587,0.0642197132389943,-0.11179846014101,0.117519660738885,48,48
"broad_coherent","heteroskedastic",6,0,"null",1.01,"aggregate",0,0.0757434561253022,0.52360695090374,-0.659965794511825,1.06888348065964,48,48
"broad_coherent","heteroskedastic",6,0,"null",1.01,"total",0,0.0189358640313255,0.130901737725935,-0.164991448627956,0.26722087016491,48,48
"broad_coherent","heteroskedastic",6,0,"null",1.01,"coherent",0,0.00621535328729306,0.0819108825874897,-0.119658720350745,0.212031134364916,48,48
"broad_coherent","heteroskedastic",6,0,"null",1.01,"configuration",0,0.0127205107440325,0.102546496616901,-0.154222657609779,0.20185085953429,48,48
"broad_coherent","heteroskedastic",6,0,"null",1.01,"coherent_share",NA,0.45008904606489,2.33025060374166,-3.48215518679226,5.64445792555655,48,48
"broad_coherent","heteroskedastic",6,0,"null",2.01,"activation",0,0.0121980206355587,0.0642197132389943,-0.11179846014101,0.117519660738885,48,48
"broad_coherent","heteroskedastic",6,0,"null",2.01,"aggregate",0,0.0757434561253022,0.52360695090374,-0.659965794511825,1.06888348065964,48,48
"broad_coherent","heteroskedastic",6,0,"null",2.01,"total",0,0.0189358640313255,0.130901737725935,-0.164991448627956,0.26722087016491,48,48
"broad_coherent","heteroskedastic",6,0,"null",2.01,"coherent",0,0.0029065733524736,0.0653887109486195,-0.0887965473047513,0.181128939017876,48,48
"broad_coherent","heteroskedastic",6,0,"null",2.01,"configuration",0,0.0160292906788519,0.118349828656898,-0.16804735346864,0.261145893629393,48,48
"broad_coherent","heteroskedastic",6,0,"null",2.01,"coherent_share",NA,0.371229015511757,2.51033912003461,-2.32856603207037,5.93052575737279,48,48
"broad_coherent","heteroskedastic",6,0,"null",4.01,"activation",0,0.0121980206355587,0.0642197132389943,-0.11179846014101,0.117519660738885,48,48
"broad_coherent","heteroskedastic",6,0,"null",4.01,"aggregate",0,0.0757434561253022,0.52360695090374,-0.659965794511825,1.06888348065964,48,48
"broad_coherent","heteroskedastic",6,0,"null",4.01,"total",0,0.0189358640313255,0.130901737725935,-0.164991448627956,0.26722087016491,48,48
"broad_coherent","heteroskedastic",6,0,"null",4.01,"coherent",0,0.00368696837705567,0.0514774574238252,-0.0707344434934974,0.132289132317042,48,48
"broad_coherent","heteroskedastic",6,0,"null",4.01,"configuration",0,0.0152488956542699,0.122259888262861,-0.170773854030815,0.252114066147678,48,48
"broad_coherent","heteroskedastic",6,0,"null",4.01,"coherent_share",NA,0.307006948924831,2.75088931297137,-2.53774262487152,10.0417772432094,48,48
"broad_coherent","heteroskedastic",6,0.2,"low_power",0.01,"activation",0.2,0.212198020635559,0.0642197132389943,0.0882015398589905,0.317519660738885,48,48
"broad_coherent","heteroskedastic",6,0.2,"low_power",0.01,"aggregate",0.68,0.838689996447102,0.714000636075959,-0.59758416455676,2.39334011357509,48,48
"broad_coherent","heteroskedastic",6,0.2,"low_power",0.01,"total",0.17,0.209672499111775,0.17850015901899,-0.14939604113919,0.598335028393772,48,48
"broad_coherent","heteroskedastic",6,0.2,"low_power",0.01,"coherent",0.17,0.209672499111775,0.17850015901899,-0.14939604113919,0.598335028393772,48,48
"broad_coherent","heteroskedastic",6,0.2,"low_power",0.01,"configuration",0,0,0,0,0,48,48
"broad_coherent","heteroskedastic",6,0.2,"low_power",0.01,"coherent_share",1,1,0,1,1,48,48
"broad_coherent","heteroskedastic",6,0.2,"low_power",1.01,"activation",0.2,0.212198020635559,0.0642197132389943,0.0882015398589905,0.317519660738885,48,48
"broad_coherent","heteroskedastic",6,0.2,"low_power",1.01,"aggregate",0.68,0.838689996447102,0.714000636075959,-0.59758416455676,2.39334011357509,48,48
"broad_coherent","heteroskedastic",6,0.2,"low_power",1.01,"total",0.17,0.209672499111775,0.17850015901899,-0.14939604113919,0.598335028393772,48,48
"broad_coherent","heteroskedastic",6,0.2,"low_power",1.01,"coherent",0.17,0.196951988367743,0.13097750552754,-0.0432789630715623,0.484162334537579,48,48
"broad_coherent","heteroskedastic",6,0.2,"low_power",1.01,"configuration",0,0.0127205107440325,0.102546496616901,-0.154222657609779,0.20185085953429,48,48
"broad_coherent","heteroskedastic",6,0.2,"low_power",1.01,"coherent_share",1,1.57928364617973,2.91727807096669,0.243465527873004,5.68794346522,48,48
"broad_coherent","heteroskedastic",6,0.2,"low_power",2.01,"activation",0.2,0.212198020635559,0.0642197132389943,0.0882015398589905,0.317519660738885,48,48
"broad_coherent","heteroskedastic",6,0.2,"low_power",2.01,"aggregate",0.68,0.838689996447102,0.714000636075959,-0.59758416455676,2.39334011357509,48,48
"broad_coherent","heteroskedastic",6,0.2,"low_power",2.01,"total",0.17,0.209672499111775,0.17850015901899,-0.14939604113919,0.598335028393772,48,48
"broad_coherent","heteroskedastic",6,0.2,"low_power",2.01,"coherent",0.17,0.193643208432924,0.122018902839852,-0.00676891902657094,0.482041085233293,48,48
"broad_coherent","heteroskedastic",6,0.2,"low_power",2.01,"configuration",0,0.0160292906788519,0.118349828656898,-0.16804735346864,0.261145893629393,48,48
"broad_coherent","heteroskedastic",6,0.2,"low_power",2.01,"coherent_share",1,1.59953996683485,3.12274890027021,0.0828722341089235,4.70385845929598,48,48
"broad_coherent","heteroskedastic",6,0.2,"low_power",4.01,"activation",0.2,0.212198020635559,0.0642197132389943,0.0882015398589905,0.317519660738885,48,48
"broad_coherent","heteroskedastic",6,0.2,"low_power",4.01,"aggregate",0.68,0.838689996447102,0.714000636075959,-0.59758416455676,2.39334011357509,48,48
"broad_coherent","heteroskedastic",6,0.2,"low_power",4.01,"total",0.17,0.209672499111775,0.17850015901899,-0.14939604113919,0.598335028393772,48,48
"broad_coherent","heteroskedastic",6,0.2,"low_power",4.01,"coherent",0.17,0.194423603457506,0.119616353134727,-0.000571786037584265,0.475476056492081,48,48
"broad_coherent","heteroskedastic",6,0.2,"low_power",4.01,"configuration",5.6621374255883e-17,0.0152488956542699,0.122259888262861,-0.170773854030815,0.252114066147678,48,48
"broad_coherent","heteroskedastic",6,0.2,"low_power",4.01,"coherent_share",1,1.66007573129862,3.40908440146271,0.0955230571641838,4.24206354524063,48,48
"broad_coherent","heteroskedastic",6,0.8,"recoverable",0.01,"activation",0.8,0.812198020635559,0.0642197132389943,0.68820153985899,0.917519660738885,48,48
"broad_coherent","heteroskedastic",6,0.8,"recoverable",0.01,"aggregate",10.88,11.2875296174125,1.87219529859785,8.20814810732614,14.736080003459,48,48
"broad_coherent","heteroskedastic",6,0.8,"recoverable",0.01,"total",2.72,2.82188240435313,0.468048824649463,2.05203702683153,3.68402000086476,48,48
"broad_coherent","heteroskedastic",6,0.8,"recoverable",0.01,"coherent",2.72,2.82188240435313,0.468048824649463,2.05203702683153,3.68402000086476,48,48
"broad_coherent","heteroskedastic",6,0.8,"recoverable",0.01,"configuration",0,0,0,0,0,48,48
"broad_coherent","heteroskedastic",6,0.8,"recoverable",0.01,"coherent_share",1,1,0,1,1,48,48
"broad_coherent","heteroskedastic",6,0.8,"recoverable",1.01,"activation",0.8,0.812198020635559,0.0642197132389943,0.68820153985899,0.917519660738885,48,48
"broad_coherent","heteroskedastic",6,0.8,"recoverable",1.01,"aggregate",10.88,11.2875296174125,1.87219529859785,8.20814810732614,14.736080003459,48,48
"broad_coherent","heteroskedastic",6,0.8,"recoverable",1.01,"total",2.72,2.82188240435312,0.468048824649463,2.05203702683153,3.68402000086476,48,48
"broad_coherent","heteroskedastic",6,0.8,"recoverable",1.01,"coherent",2.72,2.80916189360909,0.437628289480486,2.12674418850142,3.64865550949134,48,48
"broad_coherent","heteroskedastic",6,0.8,"recoverable",1.01,"configuration",0,0.0127205107440325,0.102546496616901,-0.154222657609779,0.20185085953429,48,48
"broad_coherent","heteroskedastic",6,0.8,"recoverable",1.01,"coherent_share",1,0.997915149566067,0.0364912550828761,0.937117132453286,1.06681286911207,48,48
"broad_coherent","heteroskedastic",6,0.8,"recoverable",2.01,"activation",0.8,0.812198020635559,0.0642197132389943,0.68820153985899,0.917519660738885,48,48
"broad_coherent","heteroskedastic",6,0.8,"recoverable",2.01,"aggregate",10.88,11.2875296174125,1.87219529859785,8.20814810732614,14.736080003459,48,48
"broad_coherent","heteroskedastic",6,0.8,"recoverable",2.01,"total",2.72,2.82188240435313,0.468048824649463,2.05203702683153,3.68402000086476,48,48
"broad_coherent","heteroskedastic",6,0.8,"recoverable",2.01,"coherent",2.72,2.80585311367427,0.435607242866705,2.10652859718062,3.61646406893093,48,48
"broad_coherent","heteroskedastic",6,0.8,"recoverable",2.01,"configuration",0,0.0160292906788518,0.118349828656898,-0.16804735346864,0.261145893629393,48,48
"broad_coherent","heteroskedastic",6,0.8,"recoverable",2.01,"coherent_share",1,0.997147454158536,0.0428877742183571,0.922655536876786,1.08450063442006,48,48
"broad_coherent","heteroskedastic",6,0.8,"recoverable",4.01,"activation",0.8,0.812198020635559,0.0642197132389943,0.68820153985899,0.917519660738885,48,48
"broad_coherent","heteroskedastic",6,0.8,"recoverable",4.01,"aggregate",10.88,11.2875296174125,1.87219529859785,8.20814810732614,14.736080003459,48,48
"broad_coherent","heteroskedastic",6,0.8,"recoverable",4.01,"total",2.72,2.82188240435312,0.468048824649463,2.05203702683153,3.68402000086476,48,48
"broad_coherent","heteroskedastic",6,0.8,"recoverable",4.01,"coherent",2.72,2.80663350869885,0.438530240549126,2.10815405202146,3.57494453845588,48,48
"broad_coherent","heteroskedastic",6,0.8,"recoverable",4.01,"configuration",9.05941988094128e-16,0.0152488956542702,0.122259888262861,-0.170773854030815,0.252114066147678,48,48
"broad_coherent","heteroskedastic",6,0.8,"recoverable",4.01,"coherent_share",1,0.997348102294357,0.0449797663553863,0.921476615252444,1.08599639370759,48,48
"broad_coherent","heteroskedastic",24,0,"null",0.01,"activation",0,0.00947138485289799,0.0331704175682078,-0.0525983567966374,0.0701168774731584,48,48
"broad_coherent","heteroskedastic",24,0,"null",0.01,"aggregate",0,-0.0100087929632582,0.209455659067546,-0.30924495970719,0.446126313178497,48,48
"broad_coherent","heteroskedastic",24,0,"null",0.01,"total",0,-0.00250219824081456,0.0523639147668866,-0.0773112399267974,0.111531578294624,48,48
"broad_coherent","heteroskedastic",24,0,"null",0.01,"coherent",0,-0.00250219824081456,0.0523639147668866,-0.0773112399267974,0.111531578294624,48,48
"broad_coherent","heteroskedastic",24,0,"null",0.01,"configuration",0,0,0,0,0,48,48
"broad_coherent","heteroskedastic",24,0,"null",0.01,"coherent_share",NA,1,0,1,1,48,48
"broad_coherent","heteroskedastic",24,0,"null",1.01,"activation",0,0.00947138485289799,0.0331704175682078,-0.0525983567966374,0.0701168774731584,48,48
"broad_coherent","heteroskedastic",24,0,"null",1.01,"aggregate",0,-0.0100087929632582,0.209455659067546,-0.30924495970719,0.446126313178497,48,48
"broad_coherent","heteroskedastic",24,0,"null",1.01,"total",0,-0.00250219824081456,0.0523639147668866,-0.0773112399267974,0.111531578294624,48,48
"broad_coherent","heteroskedastic",24,0,"null",1.01,"coherent",0,0.00231923519035983,0.0278942351946217,-0.0284997457429385,0.0526171135736834,48,48
"broad_coherent","heteroskedastic",24,0,"null",1.01,"configuration",0,-0.00482143343117439,0.035347134347766,-0.0522079236169184,0.0616182027304603,48,48
"broad_coherent","heteroskedastic",24,0,"null",1.01,"coherent_share",NA,0.635354169279742,1.45157727563358,-0.830886594824737,4.47470245017729,48,48
"broad_coherent","heteroskedastic",24,0,"null",2.01,"activation",0,0.00947138485289799,0.0331704175682078,-0.0525983567966374,0.0701168774731584,48,48
"broad_coherent","heteroskedastic",24,0,"null",2.01,"aggregate",0,-0.0100087929632582,0.209455659067546,-0.30924495970719,0.446126313178497,48,48
"broad_coherent","heteroskedastic",24,0,"null",2.01,"total",0,-0.00250219824081456,0.0523639147668866,-0.0773112399267974,0.111531578294624,48,48
"broad_coherent","heteroskedastic",24,0,"null",2.01,"coherent",0,0.00186659747927854,0.0217907217838078,-0.0222384846631506,0.031847949974871,48,48
"broad_coherent","heteroskedastic",24,0,"null",2.01,"configuration",0,-0.0043687957200931,0.0406166644973563,-0.0592756879500868,0.0791307543579492,48,48
"broad_coherent","heteroskedastic",24,0,"null",2.01,"coherent_share",NA,0.214164099562059,0.925394651807508,-1.37494037410973,1.28540441204084,48,48
"broad_coherent","heteroskedastic",24,0,"null",4.01,"activation",0,0.00947138485289799,0.0331704175682078,-0.0525983567966374,0.0701168774731584,48,48
"broad_coherent","heteroskedastic",24,0,"null",4.01,"aggregate",0,-0.0100087929632582,0.209455659067546,-0.30924495970719,0.446126313178497,48,48
"broad_coherent","heteroskedastic",24,0,"null",4.01,"total",0,-0.00250219824081455,0.0523639147668866,-0.0773112399267974,0.111531578294624,48,48
"broad_coherent","heteroskedastic",24,0,"null",4.01,"coherent",0,0.00136595225267287,0.0162511364395272,-0.0177819850540627,0.024073509675918,48,48
"broad_coherent","heteroskedastic",24,0,"null",4.01,"configuration",0,-0.00386815049348743,0.0439985897593597,-0.0649690810309938,0.0958871162033324,48,48
"broad_coherent","heteroskedastic",24,0,"null",4.01,"coherent_share",NA,0.0931183724802954,0.805815211320801,-0.879183537997382,0.788328156678785,48,48
"broad_coherent","heteroskedastic",24,0.2,"low_power",0.01,"activation",0.2,0.209471384852898,0.0331704175682078,0.147401643203363,0.270116877473158,48,48
"broad_coherent","heteroskedastic",24,0.2,"low_power",0.01,"aggregate",0.68,0.734396624036448,0.346532289531621,0.269153647115965,1.32569279596843,48,48
"broad_coherent","heteroskedastic",24,0.2,"low_power",0.01,"total",0.17,0.183599156009112,0.0866330723829052,0.0672884117789912,0.331423198992107,48,48
"broad_coherent","heteroskedastic",24,0.2,"low_power",0.01,"coherent",0.17,0.183599156009112,0.0866330723829052,0.0672884117789912,0.331423198992107,48,48
"broad_coherent","heteroskedastic",24,0.2,"low_power",0.01,"configuration",0,0,0,0,0,48,48
"broad_coherent","heteroskedastic",24,0.2,"low_power",0.01,"coherent_share",1,1,0,1,1,48,48
"broad_coherent","heteroskedastic",24,0.2,"low_power",1.01,"activation",0.2,0.209471384852898,0.0331704175682078,0.147401643203363,0.270116877473158,48,48
"broad_coherent","heteroskedastic",24,0.2,"low_power",1.01,"aggregate",0.68,0.734396624036448,0.346532289531621,0.269153647115965,1.32569279596843,48,48
"broad_coherent","heteroskedastic",24,0.2,"low_power",1.01,"total",0.17,0.183599156009112,0.0866330723829052,0.0672884117789912,0.331423198992107,48,48
"broad_coherent","heteroskedastic",24,0.2,"low_power",1.01,"coherent",0.17,0.188420589440286,0.0716293434951533,0.0931305794696294,0.320150355501013,48,48
"broad_coherent","heteroskedastic",24,0.2,"low_power",1.01,"configuration",0,-0.00482143343117438,0.035347134347766,-0.0522079236169184,0.0616182027304603,48,48
"broad_coherent","heteroskedastic",24,0.2,"low_power",1.01,"coherent_share",1,1.09426225612015,0.226509907535457,0.697548507263104,1.53488409278521,48,48
"broad_coherent","heteroskedastic",24,0.2,"low_power",2.01,"activation",0.2,0.209471384852898,0.0331704175682078,0.147401643203363,0.270116877473158,48,48
"broad_coherent","heteroskedastic",24,0.2,"low_power",2.01,"aggregate",0.68,0.734396624036448,0.346532289531621,0.269153647115965,1.32569279596843,48,48
"broad_coherent","heteroskedastic",24,0.2,"low_power",2.01,"total",0.17,0.183599156009112,0.0866330723829052,0.0672884117789912,0.331423198992107,48,48
"broad_coherent","heteroskedastic",24,0.2,"low_power",2.01,"coherent",0.17,0.187967951729205,0.0667065953146443,0.0963045603806115,0.311854028266204,48,48
"broad_coherent","heteroskedastic",24,0.2,"low_power",2.01,"configuration",0,-0.00436879572009311,0.0406166644973563,-0.0592756879500868,0.0791307543579492,48,48
"broad_coherent","heteroskedastic",24,0.2,"low_power",2.01,"coherent_share",1,1.10754482196074,0.258154939764027,0.694492244294327,1.61873106557958,48,48
"broad_coherent","heteroskedastic",24,0.2,"low_power",4.01,"activation",0.2,0.209471384852898,0.0331704175682078,0.147401643203363,0.270116877473158,48,48
"broad_coherent","heteroskedastic",24,0.2,"low_power",4.01,"aggregate",0.68,0.734396624036448,0.346532289531621,0.269153647115965,1.32569279596843,48,48
"broad_coherent","heteroskedastic",24,0.2,"low_power",4.01,"total",0.17,0.183599156009112,0.0866330723829052,0.0672884117789912,0.331423198992107,48,48
"broad_coherent","heteroskedastic",24,0.2,"low_power",4.01,"coherent",0.17,0.1874673065026,0.063862282213378,0.0958716235847302,0.310302565468577,48,48
"broad_coherent","heteroskedastic",24,0.2,"low_power",4.01,"configuration",5.6621374255883e-17,-0.0038681504934874,0.0439985897593597,-0.0649690810309938,0.0958871162033324,48,48
"broad_coherent","heteroskedastic",24,0.2,"low_power",4.01,"coherent_share",1,1.11395627281218,0.28391053743687,0.672282484577374,1.66889299764713,48,48
"broad_coherent","heteroskedastic",24,0.8,"recoverable",0.01,"activation",0.8,0.809471384852898,0.0331704175682078,0.747401643203363,0.870116877473158,48,48
"broad_coherent","heteroskedastic",24,0.8,"recoverable",0.01,"aggregate",10.88,11.1276128750356,0.979410522778367,9.65438376201052,12.9463271744723,48,48
"broad_coherent","heteroskedastic",24,0.8,"recoverable",0.01,"total",2.72,2.78190321875889,0.244852630694592,2.41359594050263,3.23658179361809,48,48
"broad_coherent","heteroskedastic",24,0.8,"recoverable",0.01,"coherent",2.72,2.78190321875889,0.244852630694592,2.41359594050263,3.23658179361809,48,48
"broad_coherent","heteroskedastic",24,0.8,"recoverable",0.01,"configuration",0,0,0,0,0,48,48
"broad_coherent","heteroskedastic",24,0.8,"recoverable",0.01,"coherent_share",1,1,0,1,1,48,48
"broad_coherent","heteroskedastic",24,0.8,"recoverable",1.01,"activation",0.8,0.809471384852898,0.0331704175682078,0.747401643203363,0.870116877473158,48,48
"broad_coherent","heteroskedastic",24,0.8,"recoverable",1.01,"aggregate",10.88,11.1276128750356,0.979410522778367,9.65438376201052,12.9463271744723,48,48
"broad_coherent","heteroskedastic",24,0.8,"recoverable",1.01,"total",2.72,2.78190321875889,0.244852630694592,2.41359594050263,3.23658179361809,48,48
"broad_coherent","heteroskedastic",24,0.8,"recoverable",1.01,"coherent",2.72,2.78672465219007,0.237373922055698,2.38612126677596,3.22499040758544,48,48
"broad_coherent","heteroskedastic",24,0.8,"recoverable",1.01,"configuration",0,-0.00482143343117428,0.0353471343477659,-0.0522079236169183,0.0616182027304603,48,48
"broad_coherent","heteroskedastic",24,0.8,"recoverable",1.01,"coherent_share",1,1.00203712290657,0.0126321019800208,0.978460284418031,1.01980085760913,48,48
"broad_coherent","heteroskedastic",24,0.8,"recoverable",2.01,"activation",0.8,0.809471384852898,0.0331704175682078,0.747401643203363,0.870116877473158,48,48
"broad_coherent","heteroskedastic",24,0.8,"recoverable",2.01,"aggregate",10.88,11.1276128750356,0.979410522778367,9.65438376201052,12.9463271744723,48,48
"broad_coherent","heteroskedastic",24,0.8,"recoverable",2.01,"total",2.72,2.78190321875889,0.244852630694592,2.41359594050263,3.23658179361809,48,48
"broad_coherent","heteroskedastic",24,0.8,"recoverable",2.01,"coherent",2.72,2.78627201447899,0.233521230965207,2.38653465733836,3.2275500365243,48,48
"broad_coherent","heteroskedastic",24,0.8,"recoverable",2.01,"configuration",0,-0.00436879572009325,0.0406166644973563,-0.0592756879500871,0.0791307543579491,48,48
"broad_coherent","heteroskedastic",24,0.8,"recoverable",2.01,"coherent_share",1,1.00200725547168,0.01437703652546,0.973714319654046,1.02241632549667,48,48
"broad_coherent","heteroskedastic",24,0.8,"recoverable",4.01,"activation",0.8,0.809471384852898,0.0331704175682078,0.747401643203363,0.870116877473158,48,48
"broad_coherent","heteroskedastic",24,0.8,"recoverable",4.01,"aggregate",10.88,11.1276128750356,0.979410522778367,9.65438376201052,12.9463271744723,48,48
"broad_coherent","heteroskedastic",24,0.8,"recoverable",4.01,"total",2.72,2.78190321875889,0.244852630694592,2.41359594050263,3.23658179361809,48,48
"broad_coherent","heteroskedastic",24,0.8,"recoverable",4.01,"coherent",2.72,2.78577136925238,0.231686984089467,2.38401732501536,3.22911957542186,48,48
"broad_coherent","heteroskedastic",24,0.8,"recoverable",4.01,"configuration",9.05941988094128e-16,-0.00386815049348703,0.0439985897593598,-0.0649690810309934,0.0958871162033327,48,48
"broad_coherent","heteroskedastic",24,0.8,"recoverable",4.01,"coherent_share",1,1.00189092372168,0.0155109469046758,0.9704436089663,1.02421459537815,48,48
"broad_coherent","spatial_correlated",6,0,"null",0.01,"activation",0,0.00818576106481946,0.125236443669461,-0.243757264748087,0.238660963116959,48,48
"broad_coherent","spatial_correlated",6,0,"null",0.01,"aggregate",0,0.0689223629936932,0.782364998046933,-1.22650903459052,1.74434802520381,48,48
"broad_coherent","spatial_correlated",6,0,"null",0.01,"total",0,0.0172305907484233,0.195591249511733,-0.306627258647631,0.436087006300952,48,48
"broad_coherent","spatial_correlated",6,0,"null",0.01,"coherent",0,0.0172305907484233,0.195591249511733,-0.306627258647631,0.436087006300952,48,48
"broad_coherent","spatial_correlated",6,0,"null",0.01,"configuration",0,0,0,0,0,48,48
"broad_coherent","spatial_correlated",6,0,"null",0.01,"coherent_share",NA,1,0,1,1,48,48
"broad_coherent","spatial_correlated",6,0,"null",1.01,"activation",0,0.00818576106481946,0.125236443669461,-0.243757264748087,0.238660963116959,48,48
"broad_coherent","spatial_correlated",6,0,"null",1.01,"aggregate",0,0.0689223629936932,0.782364998046933,-1.22650903459052,1.74434802520381,48,48
"broad_coherent","spatial_correlated",6,0,"null",1.01,"total",0,0.0172305907484233,0.195591249511733,-0.306627258647631,0.436087006300952,48,48
"broad_coherent","spatial_correlated",6,0,"null",1.01,"coherent",0,0.0101430897462154,0.178867230639776,-0.230229694715866,0.407448084312697,48,48
"broad_coherent","spatial_correlated",6,0,"null",1.01,"configuration",0,0.00708750100220789,0.0454784341150201,-0.0581947729096781,0.0845368962253551,48,48
"broad_coherent","spatial_correlated",6,0,"null",1.01,"coherent_share",NA,1.04900874393846,0.99155126729008,-0.182880378726295,2.27596050881299,48,48
"broad_coherent","spatial_correlated",6,0,"null",2.01,"activation",0,0.00818576106481946,0.125236443669461,-0.243757264748087,0.238660963116959,48,48
"broad_coherent","spatial_correlated",6,0,"null",2.01,"aggregate",0,0.0689223629936932,0.782364998046933,-1.22650903459052,1.74434802520381,48,48
"broad_coherent","spatial_correlated",6,0,"null",2.01,"total",0,0.0172305907484233,0.195591249511733,-0.306627258647631,0.436087006300952,48,48
"broad_coherent","spatial_correlated",6,0,"null",2.01,"coherent",0,0.00571961590796392,0.158862441554476,-0.242709625814794,0.360589613766318,48,48
"broad_coherent","spatial_correlated",6,0,"null",2.01,"configuration",0,0.0115109748404594,0.0763426800018918,-0.0975556099183027,0.111640130342484,48,48
"broad_coherent","spatial_correlated",6,0,"null",2.01,"coherent_share",NA,0.927865187709983,1.7506107233791,-0.674322066571757,4.89696932211171,48,48
"broad_coherent","spatial_correlated",6,0,"null",4.01,"activation",0,0.00818576106481946,0.125236443669461,-0.243757264748087,0.238660963116959,48,48
"broad_coherent","spatial_correlated",6,0,"null",4.01,"aggregate",0,0.0689223629936932,0.782364998046933,-1.22650903459052,1.74434802520381,48,48
"broad_coherent","spatial_correlated",6,0,"null",4.01,"total",0,0.0172305907484233,0.195591249511733,-0.306627258647631,0.436087006300952,48,48
"broad_coherent","spatial_correlated",6,0,"null",4.01,"coherent",0,0.00449789721008072,0.132036461643334,-0.23352584877184,0.28690033013029,48,48
"broad_coherent","spatial_correlated",6,0,"null",4.01,"configuration",0,0.0127326935383426,0.110763170779222,-0.152513956239384,0.286100919986014,48,48
"broad_coherent","spatial_correlated",6,0,"null",4.01,"coherent_share",NA,0.474119017010994,2.18001055144657,-4.79237049973984,4.9411953136163,48,48
"broad_coherent","spatial_correlated",6,0.2,"low_power",0.01,"activation",0.2,0.20818576106482,0.125236443669461,-0.0437572647480871,0.438660963116959,48,48
"broad_coherent","spatial_correlated",6,0.2,"low_power",0.01,"aggregate",0.68,0.804585538234466,1.06925313864147,-0.559676486916091,3.37667437238213,48,48
"broad_coherent","spatial_correlated",6,0.2,"low_power",0.01,"total",0.17,0.201146384558616,0.267313284660369,-0.139919121729023,0.844168593095533,48,48
"broad_coherent","spatial_correlated",6,0.2,"low_power",0.01,"coherent",0.17,0.201146384558616,0.267313284660369,-0.139919121729023,0.844168593095533,48,48
"broad_coherent","spatial_correlated",6,0.2,"low_power",0.01,"configuration",0,0,0,0,0,48,48
"broad_coherent","spatial_correlated",6,0.2,"low_power",0.01,"coherent_share",1,1,0,1,1,48,48
"broad_coherent","spatial_correlated",6,0.2,"low_power",1.01,"activation",0.2,0.20818576106482,0.125236443669461,-0.0437572647480871,0.438660963116959,48,48
"broad_coherent","spatial_correlated",6,0.2,"low_power",1.01,"aggregate",0.68,0.804585538234466,1.06925313864147,-0.559676486916091,3.37667437238213,48,48
"broad_coherent","spatial_correlated",6,0.2,"low_power",1.01,"total",0.17,0.201146384558616,0.267313284660369,-0.139919121729023,0.844168593095533,48,48
"broad_coherent","spatial_correlated",6,0.2,"low_power",1.01,"coherent",0.17,0.194058883556409,0.249642649445174,-0.170403270470042,0.773402690834289,48,48
"broad_coherent","spatial_correlated",6,0.2,"low_power",1.01,"configuration",0,0.00708750100220789,0.0454784341150201,-0.058194772909678,0.0845368962253551,48,48
"broad_coherent","spatial_correlated",6,0.2,"low_power",1.01,"coherent_share",1,0.720838430546866,1.4806249990684,0.294572161804284,1.36676737826315,48,48
"broad_coherent","spatial_correlated",6,0.2,"low_power",2.01,"activation",0.2,0.20818576106482,0.125236443669461,-0.0437572647480871,0.438660963116959,48,48
"broad_coherent","spatial_correlated",6,0.2,"low_power",2.01,"aggregate",0.68,0.804585538234466,1.06925313864147,-0.559676486916091,3.37667437238213,48,48
"broad_coherent","spatial_correlated",6,0.2,"low_power",2.01,"total",0.17,0.201146384558616,0.267313284660369,-0.139919121729023,0.844168593095534,48,48
"broad_coherent","spatial_correlated",6,0.2,"low_power",2.01,"coherent",0.17,0.189635409718157,0.23722892624181,-0.132681147322297,0.730708399281799,48,48
"broad_coherent","spatial_correlated",6,0.2,"low_power",2.01,"configuration",0,0.0115109748404594,0.0763426800018918,-0.0975556099183027,0.111640130342484,48,48
"broad_coherent","spatial_correlated",6,0.2,"low_power",2.01,"coherent_share",1,0.49316691170519,2.72191476598851,-0.401105707970701,1.59729071156658,48,48
"broad_coherent","spatial_correlated",6,0.2,"low_power",4.01,"activation",0.2,0.20818576106482,0.125236443669461,-0.0437572647480871,0.438660963116959,48,48
"broad_coherent","spatial_correlated",6,0.2,"low_power",4.01,"aggregate",0.68,0.804585538234466,1.06925313864147,-0.559676486916091,3.37667437238213,48,48
"broad_coherent","spatial_correlated",6,0.2,"low_power",4.01,"total",0.17,0.201146384558616,0.267313284660369,-0.139919121729023,0.844168593095534,48,48
"broad_coherent","spatial_correlated",6,0.2,"low_power",4.01,"coherent",0.17,0.188413691020274,0.225078731868584,-0.135754950867776,0.675039598968443,48,48
"broad_coherent","spatial_correlated",6,0.2,"low_power",4.01,"configuration",5.6621374255883e-17,0.0127326935383426,0.110763170779222,-0.152513956239384,0.286100919986014,48,48
"broad_coherent","spatial_correlated",6,0.2,"low_power",4.01,"coherent_share",1,0.22947735558943,4.40092022430285,-1.28931890195395,1.83110623342268,48,48
"broad_coherent","spatial_correlated",6,0.8,"recoverable",0.01,"activation",0.8,0.80818576106482,0.125236443669461,0.556242735251913,1.03866096311696,48,48
"broad_coherent","spatial_correlated",6,0.8,"recoverable",0.01,"aggregate",10.88,11.1715750639568,3.38227062994721,4.87201445765066,18.2105259428214,48,48
"broad_coherent","spatial_correlated",6,0.8,"recoverable",0.01,"total",2.72,2.7928937659892,0.845567657486803,1.21800361441267,4.55263148570535,48,48
"broad_coherent","spatial_correlated",6,0.8,"recoverable",0.01,"coherent",2.72,2.7928937659892,0.845567657486803,1.21800361441267,4.55263148570535,48,48
"broad_coherent","spatial_correlated",6,0.8,"recoverable",0.01,"configuration",0,0,0,0,0,48,48
"broad_coherent","spatial_correlated",6,0.8,"recoverable",0.01,"coherent_share",1,1,0,1,1,48,48
"broad_coherent","spatial_correlated",6,0.8,"recoverable",1.01,"activation",0.8,0.80818576106482,0.125236443669461,0.556242735251913,1.03866096311696,48,48
"broad_coherent","spatial_correlated",6,0.8,"recoverable",1.01,"aggregate",10.88,11.1715750639568,3.38227062994721,4.87201445765066,18.2105259428214,48,48
"broad_coherent","spatial_correlated",6,0.8,"recoverable",1.01,"total",2.72,2.7928937659892,0.845567657486803,1.21800361441267,4.55263148570535,48,48
"broad_coherent","spatial_correlated",6,0.8,"recoverable",1.01,"coherent",2.72,2.78580626498699,0.835004345209375,1.24368104748307,4.48263996534958,48,48
"broad_coherent","spatial_correlated",6,0.8,"recoverable",1.01,"configuration",0,0.00708750100220794,0.0454784341150202,-0.0581947729096784,0.0845368962253555,48,48
"broad_coherent","spatial_correlated",6,0.8,"recoverable",1.01,"coherent_share",1,0.998899694170961,0.0174972922681729,0.95908952990878,1.02764293780672,48,48
"broad_coherent","spatial_correlated",6,0.8,"recoverable",2.01,"activation",0.8,0.80818576106482,0.125236443669461,0.556242735251913,1.03866096311696,48,48
"broad_coherent","spatial_correlated",6,0.8,"recoverable",2.01,"aggregate",10.88,11.1715750639568,3.38227062994721,4.87201445765066,18.2105259428214,48,48
"broad_coherent","spatial_correlated",6,0.8,"recoverable",2.01,"total",2.72,2.7928937659892,0.845567657486803,1.21800361441267,4.55263148570535,48,48
"broad_coherent","spatial_correlated",6,0.8,"recoverable",2.01,"coherent",2.72,2.78138279114874,0.832661595844411,1.22753437917108,4.4549046383105,48,48
"broad_coherent","spatial_correlated",6,0.8,"recoverable",2.01,"configuration",0,0.0115109748404592,0.0763426800018919,-0.0975556099183028,0.111640130342484,48,48
"broad_coherent","spatial_correlated",6,0.8,"recoverable",2.01,"coherent_share",1,0.99775210012678,0.0285706047270881,0.93832332999637,1.05001466400631,48,48
"broad_coherent","spatial_correlated",6,0.8,"recoverable",4.01,"activation",0.8,0.80818576106482,0.125236443669461,0.556242735251913,1.03866096311696,48,48
"broad_coherent","spatial_correlated",6,0.8,"recoverable",4.01,"aggregate",10.88,11.1715750639568,3.38227062994721,4.87201445765066,18.2105259428214,48,48
"broad_coherent","spatial_correlated",6,0.8,"recoverable",4.01,"total",2.72,2.7928937659892,0.845567657486803,1.21800361441267,4.55263148570535,48,48
"broad_coherent","spatial_correlated",6,0.8,"recoverable",4.01,"coherent",2.72,2.78016107245085,0.833227319504795,1.2427879644199,4.41819362613722,48,48
"broad_coherent","spatial_correlated",6,0.8,"recoverable",4.01,"configuration",9.05941988094128e-16,0.0127326935383429,0.110763170779222,-0.152513956239384,0.286100919986015,48,48
"broad_coherent","spatial_correlated",6,0.8,"recoverable",4.01,"coherent_share",1,0.997657177335258,0.0419724828675588,0.90328598879381,1.0638727987577,48,48
"broad_coherent","spatial_correlated",24,0,"null",0.01,"activation",0,0.0113756510690946,0.0670971115101437,-0.0939066707064103,0.12850658111409,48,48
"broad_coherent","spatial_correlated",24,0,"null",0.01,"aggregate",0,0.0211059728891143,0.2129768099231,-0.379139815534305,0.392237734121646,48,48
"broad_coherent","spatial_correlated",24,0,"null",0.01,"total",0,0.00527649322227859,0.053244202480775,-0.0947849538835762,0.0980594335304114,48,48
"broad_coherent","spatial_correlated",24,0,"null",0.01,"coherent",0,0.00527649322227859,0.053244202480775,-0.0947849538835762,0.0980594335304114,48,48
"broad_coherent","spatial_correlated",24,0,"null",0.01,"configuration",0,0,0,0,0,48,48
"broad_coherent","spatial_correlated",24,0,"null",0.01,"coherent_share",NA,1,0,1,1,48,48
"broad_coherent","spatial_correlated",24,0,"null",1.01,"activation",0,0.0113756510690946,0.0670971115101437,-0.0939066707064103,0.12850658111409,48,48
"broad_coherent","spatial_correlated",24,0,"null",1.01,"aggregate",0,0.0211059728891143,0.2129768099231,-0.379139815534305,0.392237734121646,48,48
"broad_coherent","spatial_correlated",24,0,"null",1.01,"total",0,0.00527649322227858,0.053244202480775,-0.0947849538835761,0.0980594335304114,48,48
"broad_coherent","spatial_correlated",24,0,"null",1.01,"coherent",0,0.00677064535896502,0.0476909406750986,-0.0692619882284662,0.0871317576215332,48,48
"broad_coherent","spatial_correlated",24,0,"null",1.01,"configuration",0,-0.00149415213668644,0.0133036431152694,-0.02010412316824,0.027945696962318,48,48
"broad_coherent","spatial_correlated",24,0,"null",1.01,"coherent_share",NA,0.926950425937385,1.63717387922946,-0.892323114849894,2.85592258077382,48,48
"broad_coherent","spatial_correlated",24,0,"null",2.01,"activation",0,0.0113756510690946,0.0670971115101437,-0.0939066707064103,0.12850658111409,48,48
"broad_coherent","spatial_correlated",24,0,"null",2.01,"aggregate",0,0.0211059728891143,0.2129768099231,-0.379139815534305,0.392237734121646,48,48
"broad_coherent","spatial_correlated",24,0,"null",2.01,"total",0,0.00527649322227858,0.053244202480775,-0.0947849538835762,0.0980594335304114,48,48
"broad_coherent","spatial_correlated",24,0,"null",2.01,"coherent",0,0.00685478843617716,0.0436799052370279,-0.0553223180652231,0.0869348760392295,48,48
"broad_coherent","spatial_correlated",24,0,"null",2.01,"configuration",0,-0.00157829521389858,0.020332053964539,-0.0270023674834618,0.0422772838441571,48,48
"broad_coherent","spatial_correlated",24,0,"null",2.01,"coherent_share",NA,0.806423723991444,1.68185176186044,-0.965835947069839,3.2674983793952,48,48
"broad_coherent","spatial_correlated",24,0,"null",4.01,"activation",0,0.0113756510690946,0.0670971115101437,-0.0939066707064103,0.12850658111409,48,48
"broad_coherent","spatial_correlated",24,0,"null",4.01,"aggregate",0,0.0211059728891143,0.2129768099231,-0.379139815534305,0.392237734121646,48,48
"broad_coherent","spatial_correlated",24,0,"null",4.01,"total",0,0.00527649322227858,0.053244202480775,-0.0947849538835762,0.0980594335304114,48,48
"broad_coherent","spatial_correlated",24,0,"null",4.01,"coherent",0,0.0058369587606202,0.0368667632327975,-0.0500242559700031,0.0791869441861794,48,48
"broad_coherent","spatial_correlated",24,0,"null",4.01,"configuration",0,-0.00056046553834162,0.0296905769348628,-0.0519818752153493,0.0632336878628507,48,48
"broad_coherent","spatial_correlated",24,0,"null",4.01,"coherent_share",NA,0.736142370969128,1.44539803409165,-1.30134667496024,3.31847152441867,48,48
"broad_coherent","spatial_correlated",24,0.2,"low_power",0.01,"activation",0.2,0.211375651069095,0.0670971115101437,0.10609332929359,0.32850658111409,48,48
"broad_coherent","spatial_correlated",24,0.2,"low_power",0.01,"aggregate",0.68,0.778460400158958,0.535846287964045,0.0105387243162589,1.86207771918888,48,48
"broad_coherent","spatial_correlated",24,0.2,"low_power",0.01,"total",0.17,0.19461510003974,0.133961571991011,0.00263468107906472,0.465519429797221,48,48
"broad_coherent","spatial_correlated",24,0.2,"low_power",0.01,"coherent",0.17,0.19461510003974,0.133961571991011,0.00263468107906472,0.465519429797221,48,48
"broad_coherent","spatial_correlated",24,0.2,"low_power",0.01,"configuration",0,0,0,0,0,48,48
"broad_coherent","spatial_correlated",24,0.2,"low_power",0.01,"coherent_share",1,1,0,1,1,48,48
"broad_coherent","spatial_correlated",24,0.2,"low_power",1.01,"activation",0.2,0.211375651069095,0.0670971115101437,0.10609332929359,0.32850658111409,48,48
"broad_coherent","spatial_correlated",24,0.2,"low_power",1.01,"aggregate",0.68,0.778460400158958,0.535846287964045,0.0105387243162589,1.86207771918888,48,48
"broad_coherent","spatial_correlated",24,0.2,"low_power",1.01,"total",0.17,0.19461510003974,0.133961571991011,0.00263468107906472,0.465519429797221,48,48
"broad_coherent","spatial_correlated",24,0.2,"low_power",1.01,"coherent",0.17,0.196109252176426,0.129854647390292,0.0176992061830075,0.461359496777885,48,48
"broad_coherent","spatial_correlated",24,0.2,"low_power",1.01,"configuration",0,-0.00149415213668643,0.0133036431152694,-0.02010412316824,0.027945696962318,48,48
"broad_coherent","spatial_correlated",24,0.2,"low_power",1.01,"coherent_share",1,1.38779100206115,2.3178325621257,0.637533430913702,2.82037419103239,48,48
"broad_coherent","spatial_correlated",24,0.2,"low_power",2.01,"activation",0.2,0.211375651069095,0.0670971115101437,0.10609332929359,0.32850658111409,48,48
"broad_coherent","spatial_correlated",24,0.2,"low_power",2.01,"aggregate",0.68,0.778460400158958,0.535846287964045,0.0105387243162589,1.86207771918888,48,48
"broad_coherent","spatial_correlated",24,0.2,"low_power",2.01,"total",0.17,0.19461510003974,0.133961571991011,0.00263468107906472,0.465519429797221,48,48
"broad_coherent","spatial_correlated",24,0.2,"low_power",2.01,"coherent",0.17,0.196193395253638,0.127310096887895,0.0138546241080759,0.452888485260298,48,48
"broad_coherent","spatial_correlated",24,0.2,"low_power",2.01,"configuration",0,-0.00157829521389858,0.020332053964539,-0.0270023674834619,0.0422772838441571,48,48
"broad_coherent","spatial_correlated",24,0.2,"low_power",2.01,"coherent_share",1,1.60367717634254,3.51197248259765,0.692554403234526,4.09347233414069,48,48
"broad_coherent","spatial_correlated",24,0.2,"low_power",4.01,"activation",0.2,0.211375651069095,0.0670971115101437,0.10609332929359,0.32850658111409,48,48
"broad_coherent","spatial_correlated",24,0.2,"low_power",4.01,"aggregate",0.68,0.778460400158958,0.535846287964045,0.0105387243162589,1.86207771918888,48,48
"broad_coherent","spatial_correlated",24,0.2,"low_power",4.01,"total",0.17,0.19461510003974,0.133961571991011,0.00263468107906472,0.465519429797221,48,48
"broad_coherent","spatial_correlated",24,0.2,"low_power",4.01,"coherent",0.17,0.195175565578081,0.124476667602236,0.00354097281330946,0.446639580021113,48,48
"broad_coherent","spatial_correlated",24,0.2,"low_power",4.01,"configuration",5.6621374255883e-17,-0.000560465538341595,0.0296905769348628,-0.0519818752153492,0.0632336878628507,48,48
"broad_coherent","spatial_correlated",24,0.2,"low_power",4.01,"coherent_share",1,2.00931578861423,5.97274024654101,0.757583785136095,6.05597116494297,48,48
"broad_coherent","spatial_correlated",24,0.8,"recoverable",0.01,"activation",0.8,0.811375651069095,0.0670971115101437,0.70609332929359,0.92850658111409,48,48
"broad_coherent","spatial_correlated",24,0.8,"recoverable",0.01,"aggregate",10.88,11.2105236819685,1.8736407838583,8.49309011321404,14.5597340059486,48,48
"broad_coherent","spatial_correlated",24,0.8,"recoverable",0.01,"total",2.72,2.80263092049212,0.468410195964575,2.12327252830351,3.63993350148714,48,48
"broad_coherent","spatial_correlated",24,0.8,"recoverable",0.01,"coherent",2.72,2.80263092049212,0.468410195964575,2.12327252830351,3.63993350148714,48,48
"broad_coherent","spatial_correlated",24,0.8,"recoverable",0.01,"configuration",0,0,0,0,0,48,48
"broad_coherent","spatial_correlated",24,0.8,"recoverable",0.01,"coherent_share",1,1,0,1,1,48,48
"broad_coherent","spatial_correlated",24,0.8,"recoverable",1.01,"activation",0.8,0.811375651069095,0.0670971115101437,0.70609332929359,0.92850658111409,48,48
"broad_coherent","spatial_correlated",24,0.8,"recoverable",1.01,"aggregate",10.88,11.2105236819685,1.8736407838583,8.49309011321404,14.5597340059486,48,48
"broad_coherent","spatial_correlated",24,0.8,"recoverable",1.01,"total",2.72,2.80263092049212,0.468410195964575,2.12327252830351,3.63993350148714,48,48
"broad_coherent","spatial_correlated",24,0.8,"recoverable",1.01,"coherent",2.72,2.80412507262881,0.465570377304874,2.11443624028712,3.642581102969,48,48
"broad_coherent","spatial_correlated",24,0.8,"recoverable",1.01,"configuration",0,-0.00149415213668638,0.0133036431152694,-0.0201041231682404,0.0279456969623182,48,48
"broad_coherent","spatial_correlated",24,0.8,"recoverable",1.01,"coherent_share",1,1.00074400860892,0.00482659325219214,0.990277214382011,1.00667082867784,48,48
"broad_coherent","spatial_correlated",24,0.8,"recoverable",2.01,"activation",0.8,0.811375651069095,0.0670971115101437,0.70609332929359,0.92850658111409,48,48
"broad_coherent","spatial_correlated",24,0.8,"recoverable",2.01,"aggregate",10.88,11.2105236819685,1.8736407838583,8.49309011321404,14.5597340059486,48,48
"broad_coherent","spatial_correlated",24,0.8,"recoverable",2.01,"total",2.72,2.80263092049212,0.468410195964575,2.12327252830351,3.63993350148714,48,48
"broad_coherent","spatial_correlated",24,0.8,"recoverable",2.01,"coherent",2.72,2.80420921570602,0.463937255035286,2.11690424574978,3.64514764797621,48,48
"broad_coherent","spatial_correlated",24,0.8,"recoverable",2.01,"configuration",0,-0.00157829521389873,0.020332053964539,-0.0270023674834622,0.0422772838441567,48,48
"broad_coherent","spatial_correlated",24,0.8,"recoverable",2.01,"coherent_share",1,1.00089354747066,0.0072679023529326,0.985311367850692,1.01122785336344,48,48
"broad_coherent","spatial_correlated",24,0.8,"recoverable",4.01,"activation",0.8,0.811375651069095,0.0670971115101437,0.70609332929359,0.92850658111409,48,48
"broad_coherent","spatial_correlated",24,0.8,"recoverable",4.01,"aggregate",10.88,11.2105236819685,1.8736407838583,8.49309011321404,14.5597340059486,48,48
"broad_coherent","spatial_correlated",24,0.8,"recoverable",4.01,"total",2.72,2.80263092049212,0.468410195964575,2.12327252830351,3.63993350148714,48,48
"broad_coherent","spatial_correlated",24,0.8,"recoverable",4.01,"coherent",2.72,2.80319138603046,0.462634223022295,2.12336899551302,3.64683761290699,48,48
"broad_coherent","spatial_correlated",24,0.8,"recoverable",4.01,"configuration",9.05941988094128e-16,-0.000560465538341215,0.0296905769348628,-0.051981875215349,0.0632336878628509,48,48
"broad_coherent","spatial_correlated",24,0.8,"recoverable",4.01,"coherent_share",1,1.00062627460267,0.0106954253917258,0.978674275313101,1.01916944015268,48,48
"fine_configuration","gaussian",6,0,"null",0.01,"activation",0,0.00868282731666582,0.0641951621039576,-0.110228862612256,0.122040646622179,48,48
"fine_configuration","gaussian",6,0,"null",0.01,"aggregate",0,0.079989859151021,0.541259052619293,-0.78303219709858,1.11516606424052,48,48
"fine_configuration","gaussian",6,0,"null",0.01,"total",0,0.0199974647877553,0.135314763154823,-0.195758049274645,0.27879151606013,48,48
"fine_configuration","gaussian",6,0,"null",0.01,"coherent",0,0.0199974647877553,0.135314763154823,-0.195758049274645,0.27879151606013,48,48
"fine_configuration","gaussian",6,0,"null",0.01,"configuration",0,0,0,0,0,48,48
"fine_configuration","gaussian",6,0,"null",0.01,"coherent_share",NA,1,0,1,1,48,48
"fine_configuration","gaussian",6,0,"null",1.01,"activation",0,0.00868282731666582,0.0641951621039576,-0.110228862612256,0.122040646622179,48,48
"fine_configuration","gaussian",6,0,"null",1.01,"aggregate",0,0.079989859151021,0.541259052619293,-0.78303219709858,1.11516606424052,48,48
"fine_configuration","gaussian",6,0,"null",1.01,"total",0,0.0199974647877553,0.135314763154823,-0.195758049274645,0.27879151606013,48,48
"fine_configuration","gaussian",6,0,"null",1.01,"coherent",0,0.00525696345622507,0.0721380938477343,-0.108282386897184,0.15905808086272,48,48
"fine_configuration","gaussian",6,0,"null",1.01,"configuration",0,0.0147405013315302,0.0976175960150855,-0.131616492217284,0.183315460140444,48,48
"fine_configuration","gaussian",6,0,"null",1.01,"coherent_share",NA,0.687479500896788,5.24761308731367,-4.87825925347813,11.3940546603509,48,48
"fine_configuration","gaussian",6,0,"null",2.01,"activation",0,0.00868282731666582,0.0641951621039576,-0.110228862612256,0.122040646622179,48,48
"fine_configuration","gaussian",6,0,"null",2.01,"aggregate",0,0.079989859151021,0.541259052619293,-0.78303219709858,1.11516606424052,48,48
"fine_configuration","gaussian",6,0,"null",2.01,"total",0,0.0199974647877553,0.135314763154823,-0.195758049274645,0.27879151606013,48,48
"fine_configuration","gaussian",6,0,"null",2.01,"coherent",0,0.000230300653456458,0.0546039137732819,-0.084670312940831,0.126231189126904,48,48
"fine_configuration","gaussian",6,0,"null",2.01,"configuration",0,0.0197671641342988,0.117516025436181,-0.155743315556805,0.21402315997613,48,48
"fine_configuration","gaussian",6,0,"null",2.01,"coherent_share",NA,0.324849616742798,3.81536951127489,-4.77745456606389,5.91950308671934,48,48
"fine_configuration","gaussian",6,0,"null",4.01,"activation",0,0.00868282731666582,0.0641951621039576,-0.110228862612256,0.122040646622179,48,48
"fine_configuration","gaussian",6,0,"null",4.01,"aggregate",0,0.079989859151021,0.541259052619293,-0.78303219709858,1.11516606424052,48,48
"fine_configuration","gaussian",6,0,"null",4.01,"total",0,0.0199974647877553,0.135314763154823,-0.195758049274645,0.27879151606013,48,48
"fine_configuration","gaussian",6,0,"null",4.01,"coherent",0,0.00207219053438125,0.0430255155482363,-0.0775094993831083,0.118698279210079,48,48
"fine_configuration","gaussian",6,0,"null",4.01,"configuration",0,0.017925274253374,0.122382583427188,-0.155390614427483,0.206449848144059,48,48
"fine_configuration","gaussian",6,0,"null",4.01,"coherent_share",NA,0.169465194623891,2.92527474203475,-5.32405873700643,3.28009991480006,48,48
"fine_configuration","gaussian",6,0.2,"low_power",0.01,"activation",1.63268091856641e-18,0.00868282731666585,0.0641951621039576,-0.110228862612256,0.122040646622179,48,48
"fine_configuration","gaussian",6,0.2,"low_power",0.01,"aggregate",0.68,0.782402369554617,0.816352004266763,-0.298830608987896,2.70001842182257,48,48
"fine_configuration","gaussian",6,0.2,"low_power",0.01,"total",0.17,0.195600592388654,0.204088001066691,-0.0747076522469739,0.675004605455644,48,48
"fine_configuration","gaussian",6,0.2,"low_power",0.01,"coherent",0.17,0.195600592388654,0.204088001066691,-0.0747076522469739,0.675004605455644,48,48
"fine_configuration","gaussian",6,0.2,"low_power",0.01,"configuration",0,0,0,0,0,48,48
"fine_configuration","gaussian",6,0.2,"low_power",0.01,"coherent_share",1,1,0,1,1,48,48
"fine_configuration","gaussian",6,0.2,"low_power",1.01,"activation",1.63268091856641e-18,0.00868282731666585,0.0641951621039576,-0.110228862612256,0.122040646622179,48,48
"fine_configuration","gaussian",6,0.2,"low_power",1.01,"aggregate",0.68,0.782402369554617,0.816352004266763,-0.298830608987896,2.70001842182257,48,48
"fine_configuration","gaussian",6,0.2,"low_power",1.01,"total",0.17,0.195600592388654,0.204088001066691,-0.0747076522469739,0.675004605455644,48,48
"fine_configuration","gaussian",6,0.2,"low_power",1.01,"coherent",0.018873897707231,0.0247899264337158,0.0746705114795247,-0.0857687475819345,0.186769206612593,48,48
"fine_configuration","gaussian",6,0.2,"low_power",1.01,"configuration",0.151126102292769,0.170810665954938,0.165398132058021,-0.0350064443761191,0.557660641571612,48,48
"fine_configuration","gaussian",6,0.2,"low_power",1.01,"coherent_share",0.111022927689594,0.979263306725128,3.91327659942641,-1.87711983331111,12.8749257080204,48,48
"fine_configuration","gaussian",6,0.2,"low_power",2.01,"activation",1.63268091856641e-18,0.00868282731666585,0.0641951621039576,-0.110228862612256,0.122040646622179,48,48
"fine_configuration","gaussian",6,0.2,"low_power",2.01,"aggregate",0.68,0.782402369554617,0.816352004266763,-0.298830608987896,2.70001842182257,48,48
"fine_configuration","gaussian",6,0.2,"low_power",2.01,"total",0.17,0.195600592388654,0.204088001066691,-0.0747076522469739,0.675004605455644,48,48
"fine_configuration","gaussian",6,0.2,"low_power",2.01,"coherent",0.00777684623857529,0.00847253649523132,0.0558051685129885,-0.0774662478354497,0.141440361019133,48,48
"fine_configuration","gaussian",6,0.2,"low_power",2.01,"configuration",0.162223153761425,0.187128055893423,0.184248484798486,-0.045408520692685,0.606716200694239,48,48
"fine_configuration","gaussian",6,0.2,"low_power",2.01,"coherent_share",0.0457461543445605,0.704769151161777,3.06722454330364,-2.3954317376117,9.91786962876933,48,48
"fine_configuration","gaussian",6,0.2,"low_power",4.01,"activation",1.63268091856641e-18,0.00868282731666585,0.0641951621039576,-0.110228862612256,0.122040646622179,48,48
"fine_configuration","gaussian",6,0.2,"low_power",4.01,"aggregate",0.68,0.782402369554617,0.816352004266763,-0.298830608987896,2.70001842182257,48,48
"fine_configuration","gaussian",6,0.2,"low_power",4.01,"total",0.17,0.195600592388654,0.204088001066691,-0.074707652246974,0.675004605455644,48,48
"fine_configuration","gaussian",6,0.2,"low_power",4.01,"coherent",0.0023753144903087,0.00504729908708164,0.0428072163439714,-0.074616025581444,0.120682632088906,48,48
"fine_configuration","gaussian",6,0.2,"low_power",4.01,"configuration",0.167624685509691,0.190553293301573,0.190147985767323,-0.0737163039264459,0.602719415605074,48,48
"fine_configuration","gaussian",6,0.2,"low_power",4.01,"coherent_share",0.0139724381782865,0.167789536496382,1.40782720949726,-2.1080311808312,1.70041105321497,48,48
"fine_configuration","gaussian",6,0.8,"recoverable",0.01,"activation",6.53072367426563e-18,0.00868282731666585,0.0641951621039575,-0.110228862612256,0.122040646622179,48,48
"fine_configuration","gaussian",6,0.8,"recoverable",0.01,"aggregate",10.88,11.0496399007654,2.26119716056092,7.65909089726826,14.9940086392967,48,48
"fine_configuration","gaussian",6,0.8,"recoverable",0.01,"total",2.72,2.76240997519135,0.565299290140231,1.91477272431707,3.74850215982418,48,48
"fine_configuration","gaussian",6,0.8,"recoverable",0.01,"coherent",2.72,2.76240997519135,0.565299290140231,1.91477272431707,3.74850215982418,48,48
"fine_configuration","gaussian",6,0.8,"recoverable",0.01,"configuration",0,0,0,0,0,48,48
"fine_configuration","gaussian",6,0.8,"recoverable",0.01,"coherent_share",1,1,0,1,1,48,48
"fine_configuration","gaussian",6,0.8,"recoverable",1.01,"activation",6.53072367426563e-18,0.00868282731666585,0.0641951621039575,-0.110228862612256,0.122040646622179,48,48
"fine_configuration","gaussian",6,0.8,"recoverable",1.01,"aggregate",10.88,11.0496399007654,2.26119716056092,7.65909089726826,14.9940086392967,48,48
"fine_configuration","gaussian",6,0.8,"recoverable",1.01,"total",2.72,2.76240997519135,0.565299290140231,1.91477272431707,3.74850215982418,48,48
"fine_configuration","gaussian",6,0.8,"recoverable",1.01,"coherent",0.301982363315697,0.309875587852961,0.101469090825101,0.143102976493193,0.477539809647785,48,48
"fine_configuration","gaussian",6,0.8,"recoverable",1.01,"configuration",2.4180176366843,2.45253438733839,0.498067819690351,1.74320971057708,3.31906013488938,48,48
"fine_configuration","gaussian",6,0.8,"recoverable",1.01,"coherent_share",0.111022927689594,0.111472782516156,0.0274615003773453,0.0611874432327786,0.159722904940772,48,48
"fine_configuration","gaussian",6,0.8,"recoverable",2.01,"activation",6.53072367426563e-18,0.00868282731666585,0.0641951621039575,-0.110228862612256,0.122040646622179,48,48
"fine_configuration","gaussian",6,0.8,"recoverable",2.01,"aggregate",10.88,11.0496399007654,2.26119716056092,7.65909089726826,14.9940086392967,48,48
"fine_configuration","gaussian",6,0.8,"recoverable",2.01,"total",2.72,2.76240997519135,0.565299290140231,1.91477272431707,3.74850215982418,48,48
"fine_configuration","gaussian",6,0.8,"recoverable",2.01,"coherent",0.124429539817205,0.126521398883459,0.0683383794478113,0.0156955546387841,0.280390031558726,48,48
"fine_configuration","gaussian",6,0.8,"recoverable",2.01,"configuration",2.5955704601828,2.63588857630789,0.533995865807422,1.86395954128834,3.56557549402547,48,48
"fine_configuration","gaussian",6,0.8,"recoverable",2.01,"coherent_share",0.0457461543445605,0.0450926916382775,0.02272779467035,0.00749740453450444,0.084634431061065,48,48
"fine_configuration","gaussian",6,0.8,"recoverable",4.01,"activation",6.53072367426563e-18,0.00868282731666585,0.0641951621039575,-0.110228862612256,0.122040646622179,48,48
"fine_configuration","gaussian",6,0.8,"recoverable",4.01,"aggregate",10.88,11.0496399007654,2.26119716056092,7.65909089726826,14.9940086392967,48,48
"fine_configuration","gaussian",6,0.8,"recoverable",4.01,"total",2.72,2.76240997519135,0.565299290140231,1.91477272431707,3.74850215982418,48,48
"fine_configuration","gaussian",6,0.8,"recoverable",4.01,"coherent",0.0380050318449393,0.0424763986288873,0.0444705223294238,-0.0380692485438144,0.155139464609091,48,48
"fine_configuration","gaussian",6,0.8,"recoverable",4.01,"configuration",2.68199496815506,2.71993357656246,0.549812496119501,1.8948269420648,3.69403837408772,48,48
"fine_configuration","gaussian",6,0.8,"recoverable",4.01,"coherent_share",0.0139724381782865,0.0148406378082917,0.0149213652153688,-0.0138729723508823,0.0476506631198935,48,48
"fine_configuration","gaussian",24,0,"null",0.01,"activation",0,0.00779531969252825,0.0342792693616385,-0.0470623303839744,0.0669804366455727,48,48
"fine_configuration","gaussian",24,0,"null",0.01,"aggregate",0,-0.00781585061606523,0.165887967172429,-0.278836857882988,0.335300691449148,48,48
"fine_configuration","gaussian",24,0,"null",0.01,"total",0,-0.00195396265401631,0.0414719917931073,-0.069709214470747,0.083825172862287,48,48
"fine_configuration","gaussian",24,0,"null",0.01,"coherent",0,-0.00195396265401631,0.0414719917931073,-0.069709214470747,0.083825172862287,48,48
"fine_configuration","gaussian",24,0,"null",0.01,"configuration",0,0,0,0,0,48,48
"fine_configuration","gaussian",24,0,"null",0.01,"coherent_share",NA,1,0,1,1,48,48
"fine_configuration","gaussian",24,0,"null",1.01,"activation",0,0.00779531969252825,0.0342792693616385,-0.0470623303839744,0.0669804366455727,48,48
"fine_configuration","gaussian",24,0,"null",1.01,"aggregate",0,-0.00781585061606523,0.165887967172429,-0.278836857882988,0.335300691449148,48,48
"fine_configuration","gaussian",24,0,"null",1.01,"total",0,-0.00195396265401631,0.0414719917931073,-0.069709214470747,0.083825172862287,48,48
"fine_configuration","gaussian",24,0,"null",1.01,"coherent",0,0.00175996973529488,0.0205847732311523,-0.0319648320749711,0.0386164898490122,48,48
"fine_configuration","gaussian",24,0,"null",1.01,"configuration",0,-0.00371393238931119,0.0301224655082601,-0.0543454024181814,0.0547019652107501,48,48
"fine_configuration","gaussian",24,0,"null",1.01,"coherent_share",NA,0.347881471636057,2.10715340992608,-4.50326147752673,5.12280167009809,48,48
"fine_configuration","gaussian",24,0,"null",2.01,"activation",0,0.00779531969252825,0.0342792693616385,-0.0470623303839744,0.0669804366455727,48,48
"fine_configuration","gaussian",24,0,"null",2.01,"aggregate",0,-0.00781585061606523,0.165887967172429,-0.278836857882988,0.335300691449148,48,48
"fine_configuration","gaussian",24,0,"null",2.01,"total",0,-0.0019539626540163,0.0414719917931073,-0.069709214470747,0.083825172862287,48,48
"fine_configuration","gaussian",24,0,"null",2.01,"coherent",0,0.00187719341073021,0.0167072530383193,-0.0216522276249191,0.035549268327867,48,48
"fine_configuration","gaussian",24,0,"null",2.01,"configuration",0,-0.00383115606474652,0.033782835385555,-0.0557925108663366,0.0661270371205078,48,48
"fine_configuration","gaussian",24,0,"null",2.01,"coherent_share",NA,0.0715839222264703,2.65648747205076,-3.03237593366654,2.98879902595641,48,48
"fine_configuration","gaussian",24,0,"null",4.01,"activation",0,0.00779531969252825,0.0342792693616385,-0.0470623303839744,0.0669804366455727,48,48
"fine_configuration","gaussian",24,0,"null",4.01,"aggregate",0,-0.00781585061606523,0.165887967172429,-0.278836857882988,0.335300691449148,48,48
"fine_configuration","gaussian",24,0,"null",4.01,"total",0,-0.00195396265401631,0.0414719917931073,-0.069709214470747,0.083825172862287,48,48
"fine_configuration","gaussian",24,0,"null",4.01,"coherent",0,0.00162221980849537,0.0126224002491736,-0.0133966609915089,0.0235001970499266,48,48
"fine_configuration","gaussian",24,0,"null",4.01,"configuration",0,-0.00357618246251168,0.0366360135612252,-0.0607958851613802,0.0774015883449267,48,48
"fine_configuration","gaussian",24,0,"null",4.01,"coherent_share",NA,0.0220015702592475,2.98147042376281,-2.52006864117733,3.97983521283643,48,48
"fine_configuration","gaussian",24,0.2,"low_power",0.01,"activation",1.63268091856641e-18,0.00779531969252829,0.0342792693616385,-0.0470623303839743,0.0669804366455727,48,48
"fine_configuration","gaussian",24,0.2,"low_power",0.01,"aggregate",0.68,0.703995131662354,0.294744828284815,0.228474899921825,1.30752932252767,48,48
"fine_configuration","gaussian",24,0.2,"low_power",0.01,"total",0.17,0.175998782915588,0.0736862070712036,0.0571187249804562,0.326882330631917,48,48
"fine_configuration","gaussian",24,0.2,"low_power",0.01,"coherent",0.17,0.175998782915588,0.0736862070712036,0.0571187249804562,0.326882330631917,48,48
"fine_configuration","gaussian",24,0.2,"low_power",0.01,"configuration",0,0,0,0,0,48,48
"fine_configuration","gaussian",24,0.2,"low_power",0.01,"coherent_share",1,1,0,1,1,48,48
"fine_configuration","gaussian",24,0.2,"low_power",1.01,"activation",1.63268091856641e-18,0.00779531969252829,0.0342792693616385,-0.0470623303839743,0.0669804366455727,48,48
"fine_configuration","gaussian",24,0.2,"low_power",1.01,"aggregate",0.68,0.703995131662354,0.294744828284815,0.228474899921825,1.30752932252767,48,48
"fine_configuration","gaussian",24,0.2,"low_power",1.01,"total",0.17,0.175998782915588,0.0736862070712036,0.0571187249804562,0.326882330631917,48,48
"fine_configuration","gaussian",24,0.2,"low_power",1.01,"coherent",0.018873897707231,0.0220699133508234,0.0232544849881264,-0.0119322654366431,0.064720234809092,48,48
"fine_configuration","gaussian",24,0.2,"low_power",1.01,"configuration",0.151126102292769,0.153928869564765,0.0610696953663962,0.0531754327320824,0.273504389336864,48,48
"fine_configuration","gaussian",24,0.2,"low_power",1.01,"coherent_share",0.111022927689594,0.106976670098835,0.133939259086924,-0.262488839899486,0.270743291156898,48,48
"fine_configuration","gaussian",24,0.2,"low_power",2.01,"activation",1.63268091856641e-18,0.00779531969252829,0.0342792693616385,-0.0470623303839743,0.0669804366455727,48,48
"fine_configuration","gaussian",24,0.2,"low_power",2.01,"aggregate",0.68,0.703995131662354,0.294744828284815,0.228474899921825,1.30752932252767,48,48
"fine_configuration","gaussian",24,0.2,"low_power",2.01,"total",0.17,0.175998782915588,0.0736862070712036,0.0571187249804562,0.326882330631917,48,48
"fine_configuration","gaussian",24,0.2,"low_power",2.01,"coherent",0.00777684623857529,0.0104152077732958,0.018312699868848,-0.012388837705567,0.0450017533933815,48,48
"fine_configuration","gaussian",24,0.2,"low_power",2.01,"configuration",0.162223153761425,0.165583575142293,0.066079413751005,0.0541206218382365,0.294842960730373,48,48
"fine_configuration","gaussian",24,0.2,"low_power",2.01,"coherent_share",0.0457461543445605,0.0421879386912847,0.11595957376599,-0.222080590182622,0.19029366403287,48,48
"fine_configuration","gaussian",24,0.2,"low_power",4.01,"activation",1.63268091856641e-18,0.00779531969252829,0.0342792693616385,-0.0470623303839743,0.0669804366455727,48,48
"fine_configuration","gaussian",24,0.2,"low_power",4.01,"aggregate",0.68,0.703995131662354,0.294744828284815,0.228474899921825,1.30752932252767,48,48
"fine_configuration","gaussian",24,0.2,"low_power",4.01,"total",0.17,0.175998782915588,0.0736862070712036,0.0571187249804562,0.326882330631917,48,48
"fine_configuration","gaussian",24,0.2,"low_power",4.01,"coherent",0.0023753144903087,0.0043101097728016,0.0130373190493635,-0.00930600652395,0.0291657754872717,48,48
"fine_configuration","gaussian",24,0.2,"low_power",4.01,"configuration",0.167624685509691,0.171688673142787,0.0697356410647093,0.0535950776175129,0.303183941405463,48,48
"fine_configuration","gaussian",24,0.2,"low_power",4.01,"coherent_share",0.0139724381782865,0.0150856535035705,0.0791131143891725,-0.0961181705418717,0.136211386977806,48,48
"fine_configuration","gaussian",24,0.8,"recoverable",0.01,"activation",6.53072367426563e-18,0.00779531969252829,0.0342792693616385,-0.0470623303839743,0.0669804366455727,48,48
"fine_configuration","gaussian",24,0.8,"recoverable",0.01,"aggregate",10.88,10.9994280784976,0.926315856021862,9.34271198096034,12.741338914812,48,48
"fine_configuration","gaussian",24,0.8,"recoverable",0.01,"total",2.72,2.7498570196244,0.231578964005466,2.33567799524009,3.185334728703,48,48
"fine_configuration","gaussian",24,0.8,"recoverable",0.01,"coherent",2.72,2.7498570196244,0.231578964005466,2.33567799524009,3.185334728703,48,48
"fine_configuration","gaussian",24,0.8,"recoverable",0.01,"configuration",0,0,0,0,0,48,48
"fine_configuration","gaussian",24,0.8,"recoverable",0.01,"coherent_share",1,1,0,1,1,48,48
"fine_configuration","gaussian",24,0.8,"recoverable",1.01,"activation",6.53072367426563e-18,0.00779531969252829,0.0342792693616385,-0.0470623303839743,0.0669804366455727,48,48
"fine_configuration","gaussian",24,0.8,"recoverable",1.01,"aggregate",10.88,10.9994280784976,0.926315856021862,9.34271198096034,12.741338914812,48,48
"fine_configuration","gaussian",24,0.8,"recoverable",1.01,"total",2.72,2.7498570196244,0.231578964005466,2.33567799524009,3.185334728703,48,48
"fine_configuration","gaussian",24,0.8,"recoverable",1.01,"coherent",0.301982363315697,0.309486516684182,0.0413366667754219,0.242684642236328,0.386773573871214,48,48
"fine_configuration","gaussian",24,0.8,"recoverable",1.01,"configuration",2.4180176366843,2.44037050294022,0.205033009996226,2.02436774603616,2.82717091077303,48,48
"fine_configuration","gaussian",24,0.8,"recoverable",1.01,"coherent_share",0.111022927689594,0.11247663905963,0.011329598701314,0.0972545716086285,0.129671787659516,48,48
"fine_configuration","gaussian",24,0.8,"recoverable",2.01,"activation",6.53072367426563e-18,0.00779531969252829,0.0342792693616385,-0.0470623303839743,0.0669804366455727,48,48
"fine_configuration","gaussian",24,0.8,"recoverable",2.01,"aggregate",10.88,10.9994280784976,0.926315856021862,9.34271198096034,12.741338914812,48,48
"fine_configuration","gaussian",24,0.8,"recoverable",2.01,"total",2.72,2.7498570196244,0.231578964005466,2.33567799524009,3.185334728703,48,48
"fine_configuration","gaussian",24,0.8,"recoverable",2.01,"coherent",0.124429539817205,0.129351405723896,0.028343227468575,0.087377660402806,0.187689569147203,48,48
"fine_configuration","gaussian",24,0.8,"recoverable",2.01,"configuration",2.5955704601828,2.62050561390051,0.220264137610923,2.19312129635306,3.04212635874142,48,48
"fine_configuration","gaussian",24,0.8,"recoverable",2.01,"coherent_share",0.0457461543445605,0.0469910256534943,0.00955226133924749,0.035637096181214,0.0614046435811669,48,48
"fine_configuration","gaussian",24,0.8,"recoverable",4.01,"activation",6.53072367426563e-18,0.00779531969252829,0.0342792693616385,-0.0470623303839743,0.0669804366455727,48,48
"fine_configuration","gaussian",24,0.8,"recoverable",4.01,"aggregate",10.88,10.9994280784976,0.926315856021862,9.34271198096034,12.741338914812,48,48
"fine_configuration","gaussian",24,0.8,"recoverable",4.01,"total",2.72,2.7498570196244,0.231578964005466,2.33567799524009,3.185334728703,48,48
"fine_configuration","gaussian",24,0.8,"recoverable",4.01,"coherent",0.0380050318449393,0.0408775535494247,0.0162951660995183,0.0199909264223146,0.0750463626747879,48,48
"fine_configuration","gaussian",24,0.8,"recoverable",4.01,"configuration",2.68199496815506,2.70897946607498,0.227326407804447,2.29865690332483,3.13236284398234,48,48
"fine_configuration","gaussian",24,0.8,"recoverable",4.01,"coherent_share",0.0139724381782865,0.0148334573883193,0.00582434063646011,0.00727644892375102,0.0240800423613228,48,48
"fine_configuration","heteroskedastic",6,0,"null",0.01,"activation",0,0.0121980206355587,0.0642197132389943,-0.11179846014101,0.117519660738885,48,48
"fine_configuration","heteroskedastic",6,0,"null",0.01,"aggregate",0,0.0757434561253022,0.52360695090374,-0.659965794511825,1.06888348065964,48,48
"fine_configuration","heteroskedastic",6,0,"null",0.01,"total",0,0.0189358640313255,0.130901737725935,-0.164991448627956,0.26722087016491,48,48
"fine_configuration","heteroskedastic",6,0,"null",0.01,"coherent",0,0.0189358640313255,0.130901737725935,-0.164991448627956,0.26722087016491,48,48
"fine_configuration","heteroskedastic",6,0,"null",0.01,"configuration",0,0,0,0,0,48,48
"fine_configuration","heteroskedastic",6,0,"null",0.01,"coherent_share",NA,1,0,1,1,48,48
"fine_configuration","heteroskedastic",6,0,"null",1.01,"activation",0,0.0121980206355587,0.0642197132389943,-0.11179846014101,0.117519660738885,48,48
"fine_configuration","heteroskedastic",6,0,"null",1.01,"aggregate",0,0.0757434561253022,0.52360695090374,-0.659965794511825,1.06888348065964,48,48
"fine_configuration","heteroskedastic",6,0,"null",1.01,"total",0,0.0189358640313255,0.130901737725935,-0.164991448627956,0.26722087016491,48,48
"fine_configuration","heteroskedastic",6,0,"null",1.01,"coherent",0,0.00621535328729306,0.0819108825874897,-0.119658720350745,0.212031134364916,48,48
"fine_configuration","heteroskedastic",6,0,"null",1.01,"configuration",0,0.0127205107440325,0.102546496616901,-0.154222657609779,0.20185085953429,48,48
"fine_configuration","heteroskedastic",6,0,"null",1.01,"coherent_share",NA,0.45008904606489,2.33025060374166,-3.48215518679226,5.64445792555655,48,48
"fine_configuration","heteroskedastic",6,0,"null",2.01,"activation",0,0.0121980206355587,0.0642197132389943,-0.11179846014101,0.117519660738885,48,48
"fine_configuration","heteroskedastic",6,0,"null",2.01,"aggregate",0,0.0757434561253022,0.52360695090374,-0.659965794511825,1.06888348065964,48,48
"fine_configuration","heteroskedastic",6,0,"null",2.01,"total",0,0.0189358640313255,0.130901737725935,-0.164991448627956,0.26722087016491,48,48
"fine_configuration","heteroskedastic",6,0,"null",2.01,"coherent",0,0.0029065733524736,0.0653887109486195,-0.0887965473047513,0.181128939017876,48,48
"fine_configuration","heteroskedastic",6,0,"null",2.01,"configuration",0,0.0160292906788519,0.118349828656898,-0.16804735346864,0.261145893629393,48,48
"fine_configuration","heteroskedastic",6,0,"null",2.01,"coherent_share",NA,0.371229015511757,2.51033912003461,-2.32856603207037,5.93052575737279,48,48
"fine_configuration","heteroskedastic",6,0,"null",4.01,"activation",0,0.0121980206355587,0.0642197132389943,-0.11179846014101,0.117519660738885,48,48
"fine_configuration","heteroskedastic",6,0,"null",4.01,"aggregate",0,0.0757434561253022,0.52360695090374,-0.659965794511825,1.06888348065964,48,48
"fine_configuration","heteroskedastic",6,0,"null",4.01,"total",0,0.0189358640313255,0.130901737725935,-0.164991448627956,0.26722087016491,48,48
"fine_configuration","heteroskedastic",6,0,"null",4.01,"coherent",0,0.00368696837705567,0.0514774574238252,-0.0707344434934974,0.132289132317042,48,48
"fine_configuration","heteroskedastic",6,0,"null",4.01,"configuration",0,0.0152488956542699,0.122259888262861,-0.170773854030815,0.252114066147678,48,48
"fine_configuration","heteroskedastic",6,0,"null",4.01,"coherent_share",NA,0.307006948924831,2.75088931297137,-2.53774262487152,10.0417772432094,48,48
"fine_configuration","heteroskedastic",6,0.2,"low_power",0.01,"activation",1.63268091856641e-18,0.0121980206355588,0.0642197132389943,-0.111798460141009,0.117519660738885,48,48
"fine_configuration","heteroskedastic",6,0.2,"low_power",0.01,"aggregate",0.68,0.825169661704446,0.825616644492236,-0.490805682674574,2.42697871121738,48,48
"fine_configuration","heteroskedastic",6,0.2,"low_power",0.01,"total",0.17,0.206292415426111,0.206404161123059,-0.122701420668643,0.606744677804345,48,48
"fine_configuration","heteroskedastic",6,0.2,"low_power",0.01,"coherent",0.17,0.206292415426111,0.206404161123059,-0.122701420668643,0.606744677804345,48,48
"fine_configuration","heteroskedastic",6,0.2,"low_power",0.01,"configuration",0,0,0,0,0,48,48
"fine_configuration","heteroskedastic",6,0.2,"low_power",0.01,"coherent_share",1,1,0,1,1,48,48
"fine_configuration","heteroskedastic",6,0.2,"low_power",1.01,"activation",1.63268091856641e-18,0.0121980206355588,0.0642197132389943,-0.111798460141009,0.117519660738885,48,48
"fine_configuration","heteroskedastic",6,0.2,"low_power",1.01,"aggregate",0.68,0.825169661704446,0.825616644492236,-0.490805682674574,2.42697871121738,48,48
"fine_configuration","heteroskedastic",6,0.2,"low_power",1.01,"total",0.17,0.206292415426111,0.206404161123059,-0.122701420668643,0.606744677804345,48,48
"fine_configuration","heteroskedastic",6,0.2,"low_power",1.01,"coherent",0.018873897707231,0.0278717300791115,0.0844754396617235,-0.0997273763594685,0.231158176485749,48,48
"fine_configuration","heteroskedastic",6,0.2,"low_power",1.01,"configuration",0.151126102292769,0.178420685347,0.173932758873746,-0.0527411882443555,0.509562988475506,48,48
"fine_configuration","heteroskedastic",6,0.2,"low_power",1.01,"coherent_share",0.111022927689594,0.681009907453768,2.21074666099072,-0.454995903154979,2.52781929895773,48,48
"fine_configuration","heteroskedastic",6,0.2,"low_power",2.01,"activation",1.63268091856641e-18,0.0121980206355588,0.0642197132389943,-0.111798460141009,0.117519660738885,48,48
"fine_configuration","heteroskedastic",6,0.2,"low_power",2.01,"aggregate",0.68,0.825169661704446,0.825616644492236,-0.490805682674574,2.42697871121738,48,48
"fine_configuration","heteroskedastic",6,0.2,"low_power",2.01,"total",0.17,0.206292415426111,0.206404161123059,-0.122701420668643,0.606744677804345,48,48
"fine_configuration","heteroskedastic",6,0.2,"low_power",2.01,"coherent",0.00777684623857529,0.0123103965466574,0.0663225038108531,-0.0826605410214572,0.188475179500127,48,48
"fine_configuration","heteroskedastic",6,0.2,"low_power",2.01,"configuration",0.162223153761425,0.193982018879454,0.18859394099117,-0.083036086550173,0.580212645512544,48,48
"fine_configuration","heteroskedastic",6,0.2,"low_power",2.01,"coherent_share",0.0457461543445605,0.617717340394798,3.19352055901013,-0.643015651786331,1.91125494008116,48,48
"fine_configuration","heteroskedastic",6,0.2,"low_power",4.01,"activation",1.63268091856641e-18,0.0121980206355588,0.0642197132389943,-0.111798460141009,0.117519660738885,48,48
"fine_configuration","heteroskedastic",6,0.2,"low_power",4.01,"aggregate",0.68,0.825169661704446,0.825616644492236,-0.490805682674574,2.42697871121738,48,48
"fine_configuration","heteroskedastic",6,0.2,"low_power",4.01,"total",0.17,0.206292415426111,0.206404161123059,-0.122701420668643,0.606744677804345,48,48
"fine_configuration","heteroskedastic",6,0.2,"low_power",4.01,"coherent",0.0023753144903087,0.00707826992816214,0.0514704514638201,-0.0683100646935272,0.137656793653915,48,48
"fine_configuration","heteroskedastic",6,0.2,"low_power",4.01,"configuration",0.167624685509691,0.199214145497949,0.194264371191313,-0.103215781972129,0.582143528207822,48,48
"fine_configuration","heteroskedastic",6,0.2,"low_power",4.01,"coherent_share",0.0139724381782865,0.304026497833679,2.12883994770508,-0.631107060259472,1.2522841414511,48,48
"fine_configuration","heteroskedastic",6,0.8,"recoverable",0.01,"activation",6.53072367426563e-18,0.0121980206355587,0.0642197132389943,-0.111798460141009,0.117519660738885,48,48
"fine_configuration","heteroskedastic",6,0.8,"recoverable",0.01,"aggregate",10.88,11.2334482784419,2.31548149706977,7.28762961618572,15.2918971330324,48,48
"fine_configuration","heteroskedastic",6,0.8,"recoverable",0.01,"total",2.72,2.80836206961047,0.578870374267442,1.82190740404643,3.82297428325809,48,48
"fine_configuration","heteroskedastic",6,0.8,"recoverable",0.01,"coherent",2.72,2.80836206961047,0.578870374267442,1.82190740404643,3.82297428325809,48,48
"fine_configuration","heteroskedastic",6,0.8,"recoverable",0.01,"configuration",0,0,0,0,0,48,48
"fine_configuration","heteroskedastic",6,0.8,"recoverable",0.01,"coherent_share",1,1,0,1,1,48,48
"fine_configuration","heteroskedastic",6,0.8,"recoverable",1.01,"activation",6.53072367426563e-18,0.0121980206355587,0.0642197132389943,-0.111798460141009,0.117519660738885,48,48
"fine_configuration","heteroskedastic",6,0.8,"recoverable",1.01,"aggregate",10.88,11.2334482784419,2.31548149706977,7.28762961618572,15.2918971330324,48,48
"fine_configuration","heteroskedastic",6,0.8,"recoverable",1.01,"total",2.72,2.80836206961047,0.578870374267442,1.82190740404643,3.82297428325809,48,48
"fine_configuration","heteroskedastic",6,0.8,"recoverable",1.01,"coherent",0.301982363315697,0.319327632941339,0.111056397787429,0.0950806791977937,0.538523840225016,48,48
"fine_configuration","heteroskedastic",6,0.8,"recoverable",1.01,"configuration",2.4180176366843,2.48903443666913,0.513282921868244,1.6552719078589,3.36627427435774,48,48
"fine_configuration","heteroskedastic",6,0.8,"recoverable",1.01,"coherent_share",0.111022927689594,0.112950451273102,0.033459685074084,0.0476169571899606,0.189687630823049,48,48
"fine_configuration","heteroskedastic",6,0.8,"recoverable",2.01,"activation",6.53072367426563e-18,0.0121980206355587,0.0642197132389943,-0.111798460141009,0.117519660738885,48,48
"fine_configuration","heteroskedastic",6,0.8,"recoverable",2.01,"aggregate",10.88,11.2334482784419,2.31548149706977,7.28762961618572,15.2918971330324,48,48
"fine_configuration","heteroskedastic",6,0.8,"recoverable",2.01,"total",2.72,2.80836206961047,0.578870374267443,1.82190740404643,3.82297428325809,48,48
"fine_configuration","heteroskedastic",6,0.8,"recoverable",2.01,"coherent",0.124429539817205,0.133844020992112,0.0783084904728795,0.00696012776193193,0.303836055809783,48,48
"fine_configuration","heteroskedastic",6,0.8,"recoverable",2.01,"configuration",2.5955704601828,2.67451804861836,0.546524906617167,1.77785181496137,3.61357028157734,48,48
"fine_configuration","heteroskedastic",6,0.8,"recoverable",2.01,"coherent_share",0.0457461543445605,0.0467329508441285,0.0280986723916072,0.0028429754402945,0.102595536002136,48,48
"fine_configuration","heteroskedastic",6,0.8,"recoverable",4.01,"activation",6.53072367426563e-18,0.0121980206355587,0.0642197132389943,-0.111798460141009,0.117519660738885,48,48
"fine_configuration","heteroskedastic",6,0.8,"recoverable",4.01,"aggregate",10.88,11.2334482784419,2.31548149706977,7.28762961618572,15.2918971330324,48,48
"fine_configuration","heteroskedastic",6,0.8,"recoverable",4.01,"total",2.72,2.80836206961047,0.578870374267442,1.82190740404643,3.82297428325809,48,48
"fine_configuration","heteroskedastic",6,0.8,"recoverable",4.01,"coherent",0.0380050318449393,0.045755948465186,0.0535818671587533,-0.0332573711567582,0.18226355154824,48,48
"fine_configuration","heteroskedastic",6,0.8,"recoverable",4.01,"configuration",2.68199496815506,2.76260612114528,0.563014666766668,1.80733586868632,3.75908214561181,48,48
"fine_configuration","heteroskedastic",6,0.8,"recoverable",4.01,"coherent_share",0.0139724381782865,0.0156030346132775,0.019369415023063,-0.0117433870784551,0.0626383722413921,48,48
"fine_configuration","heteroskedastic",24,0,"null",0.01,"activation",0,0.00947138485289799,0.0331704175682078,-0.0525983567966374,0.0701168774731584,48,48
"fine_configuration","heteroskedastic",24,0,"null",0.01,"aggregate",0,-0.0100087929632582,0.209455659067546,-0.30924495970719,0.446126313178497,48,48
"fine_configuration","heteroskedastic",24,0,"null",0.01,"total",0,-0.00250219824081456,0.0523639147668866,-0.0773112399267974,0.111531578294624,48,48
"fine_configuration","heteroskedastic",24,0,"null",0.01,"coherent",0,-0.00250219824081456,0.0523639147668866,-0.0773112399267974,0.111531578294624,48,48
"fine_configuration","heteroskedastic",24,0,"null",0.01,"configuration",0,0,0,0,0,48,48
"fine_configuration","heteroskedastic",24,0,"null",0.01,"coherent_share",NA,1,0,1,1,48,48
"fine_configuration","heteroskedastic",24,0,"null",1.01,"activation",0,0.00947138485289799,0.0331704175682078,-0.0525983567966374,0.0701168774731584,48,48
"fine_configuration","heteroskedastic",24,0,"null",1.01,"aggregate",0,-0.0100087929632582,0.209455659067546,-0.30924495970719,0.446126313178497,48,48
"fine_configuration","heteroskedastic",24,0,"null",1.01,"total",0,-0.00250219824081456,0.0523639147668866,-0.0773112399267974,0.111531578294624,48,48
"fine_configuration","heteroskedastic",24,0,"null",1.01,"coherent",0,0.00231923519035983,0.0278942351946217,-0.0284997457429385,0.0526171135736834,48,48
"fine_configuration","heteroskedastic",24,0,"null",1.01,"configuration",0,-0.00482143343117439,0.035347134347766,-0.0522079236169184,0.0616182027304603,48,48
"fine_configuration","heteroskedastic",24,0,"null",1.01,"coherent_share",NA,0.635354169279742,1.45157727563358,-0.830886594824737,4.47470245017729,48,48
"fine_configuration","heteroskedastic",24,0,"null",2.01,"activation",0,0.00947138485289799,0.0331704175682078,-0.0525983567966374,0.0701168774731584,48,48
"fine_configuration","heteroskedastic",24,0,"null",2.01,"aggregate",0,-0.0100087929632582,0.209455659067546,-0.30924495970719,0.446126313178497,48,48
"fine_configuration","heteroskedastic",24,0,"null",2.01,"total",0,-0.00250219824081456,0.0523639147668866,-0.0773112399267974,0.111531578294624,48,48
"fine_configuration","heteroskedastic",24,0,"null",2.01,"coherent",0,0.00186659747927854,0.0217907217838078,-0.0222384846631506,0.031847949974871,48,48
"fine_configuration","heteroskedastic",24,0,"null",2.01,"configuration",0,-0.0043687957200931,0.0406166644973563,-0.0592756879500868,0.0791307543579492,48,48
"fine_configuration","heteroskedastic",24,0,"null",2.01,"coherent_share",NA,0.214164099562059,0.925394651807508,-1.37494037410973,1.28540441204084,48,48
"fine_configuration","heteroskedastic",24,0,"null",4.01,"activation",0,0.00947138485289799,0.0331704175682078,-0.0525983567966374,0.0701168774731584,48,48
"fine_configuration","heteroskedastic",24,0,"null",4.01,"aggregate",0,-0.0100087929632582,0.209455659067546,-0.30924495970719,0.446126313178497,48,48
"fine_configuration","heteroskedastic",24,0,"null",4.01,"total",0,-0.00250219824081455,0.0523639147668866,-0.0773112399267974,0.111531578294624,48,48
"fine_configuration","heteroskedastic",24,0,"null",4.01,"coherent",0,0.00136595225267287,0.0162511364395272,-0.0177819850540627,0.024073509675918,48,48
"fine_configuration","heteroskedastic",24,0,"null",4.01,"configuration",0,-0.00386815049348743,0.0439985897593597,-0.0649690810309938,0.0958871162033324,48,48
"fine_configuration","heteroskedastic",24,0,"null",4.01,"coherent_share",NA,0.0931183724802954,0.805815211320801,-0.879183537997382,0.788328156678785,48,48
"fine_configuration","heteroskedastic",24,0.2,"low_power",0.01,"activation",1.63268091856641e-18,0.00947138485289803,0.0331704175682078,-0.0525983567966374,0.0701168774731584,48,48
"fine_configuration","heteroskedastic",24,0.2,"low_power",0.01,"aggregate",0.68,0.716622677368567,0.313362635557728,0.236670372389658,1.44162271195982,48,48
"fine_configuration","heteroskedastic",24,0.2,"low_power",0.01,"total",0.17,0.179155669342142,0.0783406588894319,0.0591675930974146,0.360405677989954,48,48
"fine_configuration","heteroskedastic",24,0.2,"low_power",0.01,"coherent",0.17,0.179155669342142,0.0783406588894319,0.0591675930974146,0.360405677989954,48,48
"fine_configuration","heteroskedastic",24,0.2,"low_power",0.01,"configuration",0,0,0,0,0,48,48
"fine_configuration","heteroskedastic",24,0.2,"low_power",0.01,"coherent_share",1,1,0,1,1,48,48
"fine_configuration","heteroskedastic",24,0.2,"low_power",1.01,"activation",1.63268091856641e-18,0.00947138485289803,0.0331704175682078,-0.0525983567966374,0.0701168774731584,48,48
"fine_configuration","heteroskedastic",24,0.2,"low_power",1.01,"aggregate",0.68,0.716622677368567,0.313362635557728,0.236670372389658,1.44162271195982,48,48
"fine_configuration","heteroskedastic",24,0.2,"low_power",1.01,"total",0.17,0.179155669342142,0.0783406588894319,0.0591675930974146,0.360405677989954,48,48
"fine_configuration","heteroskedastic",24,0.2,"low_power",1.01,"coherent",0.018873897707231,0.0231549571949598,0.029777224387094,-0.0116478438011079,0.0730521928541559,48,48
"fine_configuration","heteroskedastic",24,0.2,"low_power",1.01,"configuration",0.151126102292769,0.156000712147182,0.0650922519680442,0.0560517785754707,0.303299392040676,48,48
"fine_configuration","heteroskedastic",24,0.2,"low_power",1.01,"coherent_share",0.111022927689594,0.0937042398828752,0.2222461928844,-0.168089180209243,0.31840880362543,48,48
"fine_configuration","heteroskedastic",24,0.2,"low_power",2.01,"activation",1.63268091856641e-18,0.00947138485289803,0.0331704175682078,-0.0525983567966374,0.0701168774731584,48,48
"fine_configuration","heteroskedastic",24,0.2,"low_power",2.01,"aggregate",0.68,0.716622677368567,0.313362635557728,0.236670372389658,1.44162271195982,48,48
"fine_configuration","heteroskedastic",24,0.2,"low_power",2.01,"total",0.17,0.179155669342142,0.0783406588894319,0.0591675930974146,0.360405677989954,48,48
"fine_configuration","heteroskedastic",24,0.2,"low_power",2.01,"coherent",0.00777684623857529,0.0106685715485362,0.0236213831580347,-0.012451450199868,0.042529249707547,48,48
"fine_configuration","heteroskedastic",24,0.2,"low_power",2.01,"configuration",0.162223153761425,0.168487097793606,0.0699528697175521,0.068423183444481,0.321484185290507,48,48
"fine_configuration","heteroskedastic",24,0.2,"low_power",2.01,"coherent_share",0.0457461543445605,0.0271018648876161,0.198913605895221,-0.143828179505937,0.237711465583187,48,48
"fine_configuration","heteroskedastic",24,0.2,"low_power",4.01,"activation",1.63268091856641e-18,0.00947138485289803,0.0331704175682078,-0.0525983567966374,0.0701168774731584,48,48
"fine_configuration","heteroskedastic",24,0.2,"low_power",4.01,"aggregate",0.68,0.716622677368567,0.313362635557728,0.236670372389658,1.44162271195982,48,48
"fine_configuration","heteroskedastic",24,0.2,"low_power",4.01,"total",0.17,0.179155669342142,0.0783406588894319,0.0591675930974146,0.360405677989954,48,48
"fine_configuration","heteroskedastic",24,0.2,"low_power",4.01,"coherent",0.0023753144903087,0.0041732731356953,0.016984673922081,-0.0150246869592438,0.0292489417393768,48,48
"fine_configuration","heteroskedastic",24,0.2,"low_power",4.01,"configuration",0.167624685509691,0.174982396206447,0.0733826062241565,0.069577244242918,0.335006025004837,48,48
"fine_configuration","heteroskedastic",24,0.2,"low_power",4.01,"coherent_share",0.0139724381782865,0.00188253085994583,0.142726798428678,-0.18592377578265,0.122923186254487,48,48
"fine_configuration","heteroskedastic",24,0.8,"recoverable",0.01,"activation",6.53072367426563e-18,0.00947138485289802,0.0331704175682078,-0.0525983567966374,0.0701168774731585,48,48
"fine_configuration","heteroskedastic",24,0.8,"recoverable",0.01,"aggregate",10.88,11.056517088364,0.92615107373566,9.26529993848799,13.1048652168919,48,48
"fine_configuration","heteroskedastic",24,0.8,"recoverable",0.01,"total",2.72,2.76412927209101,0.231537768433915,2.316324984622,3.27621630422297,48,48
"fine_configuration","heteroskedastic",24,0.8,"recoverable",0.01,"coherent",2.72,2.76412927209101,0.231537768433915,2.316324984622,3.27621630422297,48,48
"fine_configuration","heteroskedastic",24,0.8,"recoverable",0.01,"configuration",0,0,0,0,0,48,48
"fine_configuration","heteroskedastic",24,0.8,"recoverable",0.01,"coherent_share",1,1,0,1,1,48,48
"fine_configuration","heteroskedastic",24,0.8,"recoverable",1.01,"activation",6.53072367426563e-18,0.00947138485289802,0.0331704175682078,-0.0525983567966374,0.0701168774731585,48,48
"fine_configuration","heteroskedastic",24,0.8,"recoverable",1.01,"aggregate",10.88,11.056517088364,0.92615107373566,9.26529993848799,13.1048652168919,48,48
"fine_configuration","heteroskedastic",24,0.8,"recoverable",1.01,"total",2.72,2.76412927209101,0.231537768433915,2.316324984622,3.27621630422297,48,48
"fine_configuration","heteroskedastic",24,0.8,"recoverable",1.01,"coherent",0.301982363315697,0.312148895695532,0.0450199652261416,0.244671221376618,0.385578910832185,48,48
"fine_configuration","heteroskedastic",24,0.8,"recoverable",1.01,"configuration",2.4180176366843,2.45198037639548,0.207866568869578,2.05662140894918,2.8965380642767,48,48
"fine_configuration","heteroskedastic",24,0.8,"recoverable",1.01,"coherent_share",0.111022927689594,0.112907113338413,0.0139367542584605,0.0968491759214765,0.135987344376598,48,48
"fine_configuration","heteroskedastic",24,0.8,"recoverable",2.01,"activation",6.53072367426563e-18,0.00947138485289802,0.0331704175682078,-0.0525983567966374,0.0701168774731585,48,48
"fine_configuration","heteroskedastic",24,0.8,"recoverable",2.01,"aggregate",10.88,11.056517088364,0.92615107373566,9.26529993848799,13.1048652168919,48,48
"fine_configuration","heteroskedastic",24,0.8,"recoverable",2.01,"total",2.72,2.76412927209101,0.231537768433915,2.316324984622,3.27621630422297,48,48
"fine_configuration","heteroskedastic",24,0.8,"recoverable",2.01,"coherent",0.124429539817205,0.130396648619213,0.0329795373147529,0.087972318122859,0.186037586242345,48,48
"fine_configuration","heteroskedastic",24,0.8,"recoverable",2.01,"configuration",2.5955704601828,2.6337326234718,0.222631569410252,2.21774280047026,3.10147724948508,48,48
"fine_configuration","heteroskedastic",24,0.8,"recoverable",2.01,"coherent_share",0.0457461543445605,0.0471669469506545,0.0119087794513076,0.0350970882230419,0.0684943218309855,48,48
"fine_configuration","heteroskedastic",24,0.8,"recoverable",4.01,"activation",6.53072367426563e-18,0.00947138485289802,0.0331704175682078,-0.0525983567966374,0.0701168774731585,48,48
"fine_configuration","heteroskedastic",24,0.8,"recoverable",4.01,"aggregate",10.88,11.056517088364,0.92615107373566,9.26529993848799,13.1048652168919,48,48
"fine_configuration","heteroskedastic",24,0.8,"recoverable",4.01,"total",2.72,2.76412927209101,0.231537768433915,2.316324984622,3.27621630422297,48,48
"fine_configuration","heteroskedastic",24,0.8,"recoverable",4.01,"coherent",0.0380050318449393,0.041099009668467,0.0203698347783974,0.0183834155088852,0.0746655693517539,48,48
"fine_configuration","heteroskedastic",24,0.8,"recoverable",4.01,"configuration",2.68199496815506,2.72303026242254,0.229025775802912,2.28179525384566,3.20484209265701,48,48
"fine_configuration","heteroskedastic",24,0.8,"recoverable",4.01,"coherent_share",0.0139724381782865,0.0148731310427974,0.00761880872053089,0.00654921176024126,0.0256041718469373,48,48
"fine_configuration","spatial_correlated",6,0,"null",0.01,"activation",0,0.00818576106481946,0.125236443669461,-0.243757264748087,0.238660963116959,48,48
"fine_configuration","spatial_correlated",6,0,"null",0.01,"aggregate",0,0.0689223629936932,0.782364998046933,-1.22650903459052,1.74434802520381,48,48
"fine_configuration","spatial_correlated",6,0,"null",0.01,"total",0,0.0172305907484233,0.195591249511733,-0.306627258647631,0.436087006300952,48,48
"fine_configuration","spatial_correlated",6,0,"null",0.01,"coherent",0,0.0172305907484233,0.195591249511733,-0.306627258647631,0.436087006300952,48,48
"fine_configuration","spatial_correlated",6,0,"null",0.01,"configuration",0,0,0,0,0,48,48
"fine_configuration","spatial_correlated",6,0,"null",0.01,"coherent_share",NA,1,0,1,1,48,48
"fine_configuration","spatial_correlated",6,0,"null",1.01,"activation",0,0.00818576106481946,0.125236443669461,-0.243757264748087,0.238660963116959,48,48
"fine_configuration","spatial_correlated",6,0,"null",1.01,"aggregate",0,0.0689223629936932,0.782364998046933,-1.22650903459052,1.74434802520381,48,48
"fine_configuration","spatial_correlated",6,0,"null",1.01,"total",0,0.0172305907484233,0.195591249511733,-0.306627258647631,0.436087006300952,48,48
"fine_configuration","spatial_correlated",6,0,"null",1.01,"coherent",0,0.0101430897462154,0.178867230639776,-0.230229694715866,0.407448084312697,48,48
"fine_configuration","spatial_correlated",6,0,"null",1.01,"configuration",0,0.00708750100220789,0.0454784341150201,-0.0581947729096781,0.0845368962253551,48,48
"fine_configuration","spatial_correlated",6,0,"null",1.01,"coherent_share",NA,1.04900874393846,0.99155126729008,-0.182880378726295,2.27596050881299,48,48
"fine_configuration","spatial_correlated",6,0,"null",2.01,"activation",0,0.00818576106481946,0.125236443669461,-0.243757264748087,0.238660963116959,48,48
"fine_configuration","spatial_correlated",6,0,"null",2.01,"aggregate",0,0.0689223629936932,0.782364998046933,-1.22650903459052,1.74434802520381,48,48
"fine_configuration","spatial_correlated",6,0,"null",2.01,"total",0,0.0172305907484233,0.195591249511733,-0.306627258647631,0.436087006300952,48,48
"fine_configuration","spatial_correlated",6,0,"null",2.01,"coherent",0,0.00571961590796392,0.158862441554476,-0.242709625814794,0.360589613766318,48,48
"fine_configuration","spatial_correlated",6,0,"null",2.01,"configuration",0,0.0115109748404594,0.0763426800018918,-0.0975556099183027,0.111640130342484,48,48
"fine_configuration","spatial_correlated",6,0,"null",2.01,"coherent_share",NA,0.927865187709983,1.7506107233791,-0.674322066571757,4.89696932211171,48,48
"fine_configuration","spatial_correlated",6,0,"null",4.01,"activation",0,0.00818576106481946,0.125236443669461,-0.243757264748087,0.238660963116959,48,48
"fine_configuration","spatial_correlated",6,0,"null",4.01,"aggregate",0,0.0689223629936932,0.782364998046933,-1.22650903459052,1.74434802520381,48,48
"fine_configuration","spatial_correlated",6,0,"null",4.01,"total",0,0.0172305907484233,0.195591249511733,-0.306627258647631,0.436087006300952,48,48
"fine_configuration","spatial_correlated",6,0,"null",4.01,"coherent",0,0.00449789721008072,0.132036461643334,-0.23352584877184,0.28690033013029,48,48
"fine_configuration","spatial_correlated",6,0,"null",4.01,"configuration",0,0.0127326935383426,0.110763170779222,-0.152513956239384,0.286100919986014,48,48
"fine_configuration","spatial_correlated",6,0,"null",4.01,"coherent_share",NA,0.474119017010994,2.18001055144657,-4.79237049973984,4.9411953136163,48,48
"fine_configuration","spatial_correlated",6,0.2,"low_power",0.01,"activation",1.63268091856641e-18,0.0081857610648195,0.125236443669461,-0.243757264748087,0.238660963116959,48,48
"fine_configuration","spatial_correlated",6,0.2,"low_power",0.01,"aggregate",0.68,0.764649999545498,0.875230095213146,-0.451825595361345,2.57559966917536,48,48
"fine_configuration","spatial_correlated",6,0.2,"low_power",0.01,"total",0.17,0.191162499886374,0.218807523803286,-0.112956398840336,0.64389991729384,48,48
"fine_configuration","spatial_correlated",6,0.2,"low_power",0.01,"coherent",0.17,0.191162499886374,0.218807523803286,-0.112956398840336,0.64389991729384,48,48
"fine_configuration","spatial_correlated",6,0.2,"low_power",0.01,"configuration",0,0,0,0,0,48,48
"fine_configuration","spatial_correlated",6,0.2,"low_power",0.01,"coherent_share",1,1,0,1,1,48,48
"fine_configuration","spatial_correlated",6,0.2,"low_power",1.01,"activation",1.63268091856641e-18,0.0081857610648195,0.125236443669461,-0.243757264748087,0.238660963116959,48,48
"fine_configuration","spatial_correlated",6,0.2,"low_power",1.01,"aggregate",0.68,0.764649999545498,0.875230095213146,-0.451825595361345,2.57559966917536,48,48
"fine_configuration","spatial_correlated",6,0.2,"low_power",1.01,"total",0.17,0.191162499886374,0.218807523803286,-0.112956398840336,0.64389991729384,48,48
"fine_configuration","spatial_correlated",6,0.2,"low_power",1.01,"coherent",0.018873897707231,0.0293492632471132,0.181034720207936,-0.20741070979892,0.441230605352642,48,48
"fine_configuration","spatial_correlated",6,0.2,"low_power",1.01,"configuration",0.151126102292769,0.161813236639261,0.0806693560006831,0.058135709101086,0.320408610338813,48,48
"fine_configuration","spatial_correlated",6,0.2,"low_power",1.01,"coherent_share",0.111022927689594,0.255585507256437,3.58234972607724,-3.53459185274697,5.39726293702284,48,48
"fine_configuration","spatial_correlated",6,0.2,"low_power",2.01,"activation",1.63268091856641e-18,0.0081857610648195,0.125236443669461,-0.243757264748087,0.238660963116959,48,48
"fine_configuration","spatial_correlated",6,0.2,"low_power",2.01,"aggregate",0.68,0.764649999545498,0.875230095213146,-0.451825595361345,2.57559966917536,48,48
"fine_configuration","spatial_correlated",6,0.2,"low_power",2.01,"total",0.17,0.191162499886374,0.218807523803286,-0.112956398840336,0.64389991729384,48,48
"fine_configuration","spatial_correlated",6,0.2,"low_power",2.01,"coherent",0.00777684623857529,0.0139218999073347,0.160432108228464,-0.234443473780232,0.3844703965808,48,48
"fine_configuration","spatial_correlated",6,0.2,"low_power",2.01,"configuration",0.162223153761425,0.17724059997904,0.106141249728112,0.0264502129235379,0.34662879348193,48,48
"fine_configuration","spatial_correlated",6,0.2,"low_power",2.01,"coherent_share",0.0457461543445605,0.266328287094302,3.02726323300277,-1.93916553762927,6.05502466799304,48,48
"fine_configuration","spatial_correlated",6,0.2,"low_power",4.01,"activation",1.63268091856641e-18,0.0081857610648195,0.125236443669461,-0.243757264748087,0.238660963116959,48,48
"fine_configuration","spatial_correlated",6,0.2,"low_power",4.01,"aggregate",0.68,0.764649999545498,0.875230095213146,-0.451825595361345,2.57559966917536,48,48
"fine_configuration","spatial_correlated",6,0.2,"low_power",4.01,"total",0.17,0.191162499886374,0.218807523803286,-0.112956398840336,0.64389991729384,48,48
"fine_configuration","spatial_correlated",6,0.2,"low_power",4.01,"coherent",0.0023753144903087,0.00758276357842992,0.131850283906265,-0.227102268050352,0.287225677514168,48,48
"fine_configuration","spatial_correlated",6,0.2,"low_power",4.01,"configuration",0.167624685509691,0.183579736307945,0.134283370368273,-0.018081710254928,0.399407439062316,48,48
"fine_configuration","spatial_correlated",6,0.2,"low_power",4.01,"coherent_share",0.0139724381782865,0.163177677183199,1.73608547143436,-0.899298774787356,1.87658065904345,48,48
"fine_configuration","spatial_correlated",6,0.8,"recoverable",0.01,"activation",6.53072367426563e-18,0.00818576106481949,0.125236443669461,-0.243757264748087,0.238660963116959,48,48
"fine_configuration","spatial_correlated",6,0.8,"recoverable",0.01,"aggregate",10.88,11.0118329092009,1.45234647958721,8.7287919033547,14.1416046677043,48,48
"fine_configuration","spatial_correlated",6,0.8,"recoverable",0.01,"total",2.72,2.75295822730023,0.363086619896803,2.18219797583867,3.53540116692608,48,48
"fine_configuration","spatial_correlated",6,0.8,"recoverable",0.01,"coherent",2.72,2.75295822730023,0.363086619896803,2.18219797583867,3.53540116692608,48,48
"fine_configuration","spatial_correlated",6,0.8,"recoverable",0.01,"configuration",0,0,0,0,0,48,48
"fine_configuration","spatial_correlated",6,0.8,"recoverable",0.01,"coherent_share",1,1,0,1,1,48,48
"fine_configuration","spatial_correlated",6,0.8,"recoverable",1.01,"activation",6.53072367426563e-18,0.00818576106481949,0.125236443669461,-0.243757264748087,0.238660963116959,48,48
"fine_configuration","spatial_correlated",6,0.8,"recoverable",1.01,"aggregate",10.88,11.0118329092009,1.45234647958721,8.7287919033547,14.1416046677043,48,48
"fine_configuration","spatial_correlated",6,0.8,"recoverable",1.01,"total",2.72,2.75295822730023,0.363086619896803,2.18219797583867,3.53540116692608,48,48
"fine_configuration","spatial_correlated",6,0.8,"recoverable",1.01,"coherent",0.301982363315697,0.313454556236579,0.196159398856515,0.0678945180651632,0.769766412218796,48,48
"fine_configuration","spatial_correlated",6,0.8,"recoverable",1.01,"configuration",2.4180176366843,2.43950367106365,0.254607926365647,2.04120758962324,2.87582122968626,48,48
"fine_configuration","spatial_correlated",6,0.8,"recoverable",1.01,"coherent_share",0.111022927689594,0.109244031057946,0.0586614892423355,0.0264239357851338,0.252868580652554,48,48
"fine_configuration","spatial_correlated",6,0.8,"recoverable",2.01,"activation",6.53072367426563e-18,0.00818576106481949,0.125236443669461,-0.243757264748087,0.238660963116959,48,48
"fine_configuration","spatial_correlated",6,0.8,"recoverable",2.01,"aggregate",10.88,11.0118329092009,1.45234647958721,8.7287919033547,14.1416046677043,48,48
"fine_configuration","spatial_correlated",6,0.8,"recoverable",2.01,"total",2.72,2.75295822730023,0.363086619896803,2.18219797583867,3.53540116692608,48,48
"fine_configuration","spatial_correlated",6,0.8,"recoverable",2.01,"coherent",0.124429539817205,0.13185090676835,0.171396903206182,-0.116847935711558,0.558400685679578,48,48
"fine_configuration","spatial_correlated",6,0.8,"recoverable",2.01,"configuration",2.5955704601828,2.62110732053188,0.280572723849155,2.15730671125115,3.13420227817739,48,48
"fine_configuration","spatial_correlated",6,0.8,"recoverable",2.01,"coherent_share",0.0457461543445605,0.0436625057903287,0.0554157432168927,-0.0452442408465496,0.181842659919152,48,48
"fine_configuration","spatial_correlated",6,0.8,"recoverable",4.01,"activation",6.53072367426563e-18,0.00818576106481949,0.125236443669461,-0.243757264748087,0.238660963116959,48,48
"fine_configuration","spatial_correlated",6,0.8,"recoverable",4.01,"aggregate",10.88,11.0118329092009,1.45234647958721,8.7287919033547,14.1416046677043,48,48
"fine_configuration","spatial_correlated",6,0.8,"recoverable",4.01,"total",2.72,2.75295822730023,0.363086619896803,2.18219797583867,3.53540116692608,48,48
"fine_configuration","spatial_correlated",6,0.8,"recoverable",4.01,"coherent",0.0380050318449393,0.045341136567182,0.133185608461746,-0.181075483286031,0.342161552091004,48,48
"fine_configuration","spatial_correlated",6,0.8,"recoverable",4.01,"configuration",2.68199496815506,2.70761709073305,0.2983119609039,2.18211470664025,3.23280655331052,48,48
"fine_configuration","spatial_correlated",6,0.8,"recoverable",4.01,"coherent_share",0.0139724381782865,0.0131645226983912,0.0441547352481378,-0.069957085559393,0.105840262080698,48,48
"fine_configuration","spatial_correlated",24,0,"null",0.01,"activation",0,0.0113756510690946,0.0670971115101437,-0.0939066707064103,0.12850658111409,48,48
"fine_configuration","spatial_correlated",24,0,"null",0.01,"aggregate",0,0.0211059728891143,0.2129768099231,-0.379139815534305,0.392237734121646,48,48
"fine_configuration","spatial_correlated",24,0,"null",0.01,"total",0,0.00527649322227859,0.053244202480775,-0.0947849538835762,0.0980594335304114,48,48
"fine_configuration","spatial_correlated",24,0,"null",0.01,"coherent",0,0.00527649322227859,0.053244202480775,-0.0947849538835762,0.0980594335304114,48,48
"fine_configuration","spatial_correlated",24,0,"null",0.01,"configuration",0,0,0,0,0,48,48
"fine_configuration","spatial_correlated",24,0,"null",0.01,"coherent_share",NA,1,0,1,1,48,48
"fine_configuration","spatial_correlated",24,0,"null",1.01,"activation",0,0.0113756510690946,0.0670971115101437,-0.0939066707064103,0.12850658111409,48,48
"fine_configuration","spatial_correlated",24,0,"null",1.01,"aggregate",0,0.0211059728891143,0.2129768099231,-0.379139815534305,0.392237734121646,48,48
"fine_configuration","spatial_correlated",24,0,"null",1.01,"total",0,0.00527649322227858,0.053244202480775,-0.0947849538835761,0.0980594335304114,48,48
"fine_configuration","spatial_correlated",24,0,"null",1.01,"coherent",0,0.00677064535896502,0.0476909406750986,-0.0692619882284662,0.0871317576215332,48,48
"fine_configuration","spatial_correlated",24,0,"null",1.01,"configuration",0,-0.00149415213668644,0.0133036431152694,-0.02010412316824,0.027945696962318,48,48
"fine_configuration","spatial_correlated",24,0,"null",1.01,"coherent_share",NA,0.926950425937385,1.63717387922946,-0.892323114849894,2.85592258077382,48,48
"fine_configuration","spatial_correlated",24,0,"null",2.01,"activation",0,0.0113756510690946,0.0670971115101437,-0.0939066707064103,0.12850658111409,48,48
"fine_configuration","spatial_correlated",24,0,"null",2.01,"aggregate",0,0.0211059728891143,0.2129768099231,-0.379139815534305,0.392237734121646,48,48
"fine_configuration","spatial_correlated",24,0,"null",2.01,"total",0,0.00527649322227858,0.053244202480775,-0.0947849538835762,0.0980594335304114,48,48
"fine_configuration","spatial_correlated",24,0,"null",2.01,"coherent",0,0.00685478843617716,0.0436799052370279,-0.0553223180652231,0.0869348760392295,48,48
"fine_configuration","spatial_correlated",24,0,"null",2.01,"configuration",0,-0.00157829521389858,0.020332053964539,-0.0270023674834618,0.0422772838441571,48,48
"fine_configuration","spatial_correlated",24,0,"null",2.01,"coherent_share",NA,0.806423723991444,1.68185176186044,-0.965835947069839,3.2674983793952,48,48
"fine_configuration","spatial_correlated",24,0,"null",4.01,"activation",0,0.0113756510690946,0.0670971115101437,-0.0939066707064103,0.12850658111409,48,48
"fine_configuration","spatial_correlated",24,0,"null",4.01,"aggregate",0,0.0211059728891143,0.2129768099231,-0.379139815534305,0.392237734121646,48,48
"fine_configuration","spatial_correlated",24,0,"null",4.01,"total",0,0.00527649322227858,0.053244202480775,-0.0947849538835762,0.0980594335304114,48,48
"fine_configuration","spatial_correlated",24,0,"null",4.01,"coherent",0,0.0058369587606202,0.0368667632327975,-0.0500242559700031,0.0791869441861794,48,48
"fine_configuration","spatial_correlated",24,0,"null",4.01,"configuration",0,-0.00056046553834162,0.0296905769348628,-0.0519818752153493,0.0632336878628507,48,48
"fine_configuration","spatial_correlated",24,0,"null",4.01,"coherent_share",NA,0.736142370969128,1.44539803409165,-1.30134667496024,3.31847152441867,48,48
"fine_configuration","spatial_correlated",24,0.2,"low_power",0.01,"activation",1.63268091856641e-18,0.0113756510690947,0.0670971115101437,-0.0939066707064103,0.12850658111409,48,48
"fine_configuration","spatial_correlated",24,0.2,"low_power",0.01,"aggregate",0.68,0.719432356281046,0.259976235750334,0.284301398655798,1.1975049305258,48,48
"fine_configuration","spatial_correlated",24,0.2,"low_power",0.01,"total",0.17,0.179858089070261,0.0649940589375835,0.0710753496639495,0.299376232631449,48,48
"fine_configuration","spatial_correlated",24,0.2,"low_power",0.01,"coherent",0.17,0.179858089070261,0.0649940589375835,0.0710753496639495,0.299376232631449,48,48
"fine_configuration","spatial_correlated",24,0.2,"low_power",0.01,"configuration",0,0,0,0,0,48,48
"fine_configuration","spatial_correlated",24,0.2,"low_power",0.01,"coherent_share",1,1,0,1,1,48,48
"fine_configuration","spatial_correlated",24,0.2,"low_power",1.01,"activation",1.63268091856641e-18,0.0113756510690947,0.0670971115101437,-0.0939066707064103,0.12850658111409,48,48
"fine_configuration","spatial_correlated",24,0.2,"low_power",1.01,"aggregate",0.68,0.719432356281046,0.259976235750334,0.284301398655798,1.1975049305258,48,48
"fine_configuration","spatial_correlated",24,0.2,"low_power",1.01,"total",0.17,0.179858089070261,0.0649940589375835,0.0710753496639495,0.299376232631449,48,48
"fine_configuration","spatial_correlated",24,0.2,"low_power",1.01,"coherent",0.018873897707231,0.0266759639183086,0.0493091457381272,-0.0462728423838483,0.111106472783116,48,48
"fine_configuration","spatial_correlated",24,0.2,"low_power",1.01,"configuration",0.151126102292769,0.153182125151953,0.0289991190326632,0.100026981235238,0.213397984997448,48,48
"fine_configuration","spatial_correlated",24,0.2,"low_power",1.01,"coherent_share",0.111022927689594,0.0412135473505759,0.464450296658438,-0.532441240518151,0.422938338988448,48,48
"fine_configuration","spatial_correlated",24,0.2,"low_power",2.01,"activation",1.63268091856641e-18,0.0113756510690947,0.0670971115101437,-0.0939066707064103,0.12850658111409,48,48
"fine_configuration","spatial_correlated",24,0.2,"low_power",2.01,"aggregate",0.68,0.719432356281046,0.259976235750334,0.284301398655798,1.1975049305258,48,48
"fine_configuration","spatial_correlated",24,0.2,"low_power",2.01,"total",0.17,0.179858089070261,0.0649940589375835,0.0710753496639495,0.299376232631449,48,48
"fine_configuration","spatial_correlated",24,0.2,"low_power",2.01,"coherent",0.00777684623857529,0.015455817685039,0.0445854303521478,-0.045070805246176,0.0984740401852772,48,48
"fine_configuration","spatial_correlated",24,0.2,"low_power",2.01,"configuration",0.162223153761425,0.164402271385222,0.0352894069797424,0.106293818443456,0.239546227570144,48,48
"fine_configuration","spatial_correlated",24,0.2,"low_power",2.01,"coherent_share",0.0457461543445605,-0.012940476472737,0.437902013767066,-0.503099499236941,0.357170167396322,48,48
"fine_configuration","spatial_correlated",24,0.2,"low_power",4.01,"activation",1.63268091856641e-18,0.0113756510690947,0.0670971115101437,-0.0939066707064103,0.12850658111409,48,48
"fine_configuration","spatial_correlated",24,0.2,"low_power",4.01,"aggregate",0.68,0.719432356281046,0.259976235750334,0.284301398655798,1.1975049305258,48,48
"fine_configuration","spatial_correlated",24,0.2,"low_power",4.01,"total",0.17,0.179858089070261,0.0649940589375835,0.0710753496639495,0.299376232631449,48,48
"fine_configuration","spatial_correlated",24,0.2,"low_power",4.01,"coherent",0.0023753144903087,0.00868600547688984,0.0368417459376924,-0.0431710993180717,0.0825306239299313,48,48
"fine_configuration","spatial_correlated",24,0.2,"low_power",4.01,"configuration",0.167624685509691,0.171172083593372,0.044472105666996,0.108788956503272,0.255804909611068,48,48
"fine_configuration","spatial_correlated",24,0.2,"low_power",4.01,"coherent_share",0.0139724381782865,-0.02383802265253,0.339354330227088,-0.392667809258673,0.290385662199963,48,48
"fine_configuration","spatial_correlated",24,0.8,"recoverable",0.01,"activation",6.53072367426563e-18,0.0113756510690946,0.0670971115101437,-0.0939066707064103,0.12850658111409,48,48
"fine_configuration","spatial_correlated",24,0.8,"recoverable",0.01,"aggregate",10.88,10.9744115064568,0.539060172050939,9.98442970437653,11.9422694685677,48,48
"fine_configuration","spatial_correlated",24,0.8,"recoverable",0.01,"total",2.72,2.74360287661421,0.134765043012735,2.49610742609413,2.98556736714194,48,48
"fine_configuration","spatial_correlated",24,0.8,"recoverable",0.01,"coherent",2.72,2.74360287661421,0.134765043012735,2.49610742609413,2.98556736714194,48,48
"fine_configuration","spatial_correlated",24,0.8,"recoverable",0.01,"configuration",0,0,0,0,0,48,48
"fine_configuration","spatial_correlated",24,0.8,"recoverable",0.01,"coherent_share",1,1,0,1,1,48,48
"fine_configuration","spatial_correlated",24,0.8,"recoverable",1.01,"activation",6.53072367426563e-18,0.0113756510690946,0.0670971115101437,-0.0939066707064103,0.12850658111409,48,48
"fine_configuration","spatial_correlated",24,0.8,"recoverable",1.01,"aggregate",10.88,10.9744115064568,0.539060172050939,9.98442970437653,11.9422694685677,48,48
"fine_configuration","spatial_correlated",24,0.8,"recoverable",1.01,"total",2.72,2.74360287661421,0.134765043012735,2.49610742609413,2.98556736714193,48,48
"fine_configuration","spatial_correlated",24,0.8,"recoverable",1.01,"coherent",0.301982363315697,0.312878692083112,0.0612466334731627,0.233875562408431,0.421926072530914,48,48
"fine_configuration","spatial_correlated",24,0.8,"recoverable",1.01,"configuration",2.4180176366843,2.4307241845311,0.103632613556178,2.24045905415477,2.62297189068739,48,48
"fine_configuration","spatial_correlated",24,0.8,"recoverable",1.01,"coherent_share",0.111022927689594,0.113587298487697,0.0189861162320421,0.0891768041239637,0.145525547966253,48,48
"fine_configuration","spatial_correlated",24,0.8,"recoverable",2.01,"activation",6.53072367426563e-18,0.0113756510690946,0.0670971115101437,-0.0939066707064103,0.12850658111409,48,48
"fine_configuration","spatial_correlated",24,0.8,"recoverable",2.01,"aggregate",10.88,10.9744115064568,0.539060172050939,9.98442970437653,11.9422694685677,48,48
"fine_configuration","spatial_correlated",24,0.8,"recoverable",2.01,"total",2.72,2.74360287661421,0.134765043012735,2.49610742609413,2.98556736714194,48,48
"fine_configuration","spatial_correlated",24,0.8,"recoverable",2.01,"coherent",0.124429539817205,0.134581060294528,0.053087609735673,0.067960281398205,0.227544235536676,48,48
"fine_configuration","spatial_correlated",24,0.8,"recoverable",2.01,"configuration",2.5955704601828,2.60902181631968,0.113390274613964,2.39344578980623,2.81645440101658,48,48
"fine_configuration","spatial_correlated",24,0.8,"recoverable",2.01,"coherent_share",0.0457461543445605,0.0486474105501472,0.0180332626955135,0.0244422663601521,0.0781447985069042,48,48
"fine_configuration","spatial_correlated",24,0.8,"recoverable",4.01,"activation",6.53072367426563e-18,0.0113756510690946,0.0670971115101437,-0.0939066707064103,0.12850658111409,48,48
"fine_configuration","spatial_correlated",24,0.8,"recoverable",4.01,"aggregate",10.88,10.9744115064568,0.539060172050939,9.98442970437653,11.9422694685677,48,48
"fine_configuration","spatial_correlated",24,0.8,"recoverable",4.01,"total",2.72,2.74360287661421,0.134765043012735,2.49610742609413,2.98556736714193,48,48
"fine_configuration","spatial_correlated",24,0.8,"recoverable",4.01,"coherent",0.0380050318449393,0.0457369195094032,0.0387552719523835,-0.0086504501146281,0.120221822566444,48,48
"fine_configuration","spatial_correlated",24,0.8,"recoverable",4.01,"configuration",2.68199496815506,2.69786595710481,0.121351349496562,2.45446492163451,2.91237119115901,48,48
"fine_configuration","spatial_correlated",24,0.8,"recoverable",4.01,"coherent_share",0.0139724381782865,0.0163959754866638,0.0136092703996585,-0.00319869094929374,0.0414577851349406,48,48
"mixed_broad_fine","gaussian",6,0,"null",0.01,"activation",0,0.00868282731666582,0.0641951621039576,-0.110228862612256,0.122040646622179,48,48
"mixed_broad_fine","gaussian",6,0,"null",0.01,"aggregate",0,0.079989859151021,0.541259052619293,-0.78303219709858,1.11516606424052,48,48
"mixed_broad_fine","gaussian",6,0,"null",0.01,"total",0,0.0199974647877553,0.135314763154823,-0.195758049274645,0.27879151606013,48,48
"mixed_broad_fine","gaussian",6,0,"null",0.01,"coherent",0,0.0199974647877553,0.135314763154823,-0.195758049274645,0.27879151606013,48,48
"mixed_broad_fine","gaussian",6,0,"null",0.01,"configuration",0,0,0,0,0,48,48
"mixed_broad_fine","gaussian",6,0,"null",0.01,"coherent_share",NA,1,0,1,1,48,48
"mixed_broad_fine","gaussian",6,0,"null",1.01,"activation",0,0.00868282731666582,0.0641951621039576,-0.110228862612256,0.122040646622179,48,48
"mixed_broad_fine","gaussian",6,0,"null",1.01,"aggregate",0,0.079989859151021,0.541259052619293,-0.78303219709858,1.11516606424052,48,48
"mixed_broad_fine","gaussian",6,0,"null",1.01,"total",0,0.0199974647877553,0.135314763154823,-0.195758049274645,0.27879151606013,48,48
"mixed_broad_fine","gaussian",6,0,"null",1.01,"coherent",0,0.00525696345622507,0.0721380938477343,-0.108282386897184,0.15905808086272,48,48
"mixed_broad_fine","gaussian",6,0,"null",1.01,"configuration",0,0.0147405013315302,0.0976175960150855,-0.131616492217284,0.183315460140444,48,48
"mixed_broad_fine","gaussian",6,0,"null",1.01,"coherent_share",NA,0.687479500896788,5.24761308731367,-4.87825925347813,11.3940546603509,48,48
"mixed_broad_fine","gaussian",6,0,"null",2.01,"activation",0,0.00868282731666582,0.0641951621039576,-0.110228862612256,0.122040646622179,48,48
"mixed_broad_fine","gaussian",6,0,"null",2.01,"aggregate",0,0.079989859151021,0.541259052619293,-0.78303219709858,1.11516606424052,48,48
"mixed_broad_fine","gaussian",6,0,"null",2.01,"total",0,0.0199974647877553,0.135314763154823,-0.195758049274645,0.27879151606013,48,48
"mixed_broad_fine","gaussian",6,0,"null",2.01,"coherent",0,0.000230300653456458,0.0546039137732819,-0.084670312940831,0.126231189126904,48,48
"mixed_broad_fine","gaussian",6,0,"null",2.01,"configuration",0,0.0197671641342988,0.117516025436181,-0.155743315556805,0.21402315997613,48,48
"mixed_broad_fine","gaussian",6,0,"null",2.01,"coherent_share",NA,0.324849616742798,3.81536951127489,-4.77745456606389,5.91950308671934,48,48
"mixed_broad_fine","gaussian",6,0,"null",4.01,"activation",0,0.00868282731666582,0.0641951621039576,-0.110228862612256,0.122040646622179,48,48
"mixed_broad_fine","gaussian",6,0,"null",4.01,"aggregate",0,0.079989859151021,0.541259052619293,-0.78303219709858,1.11516606424052,48,48
"mixed_broad_fine","gaussian",6,0,"null",4.01,"total",0,0.0199974647877553,0.135314763154823,-0.195758049274645,0.27879151606013,48,48
"mixed_broad_fine","gaussian",6,0,"null",4.01,"coherent",0,0.00207219053438125,0.0430255155482363,-0.0775094993831083,0.118698279210079,48,48
"mixed_broad_fine","gaussian",6,0,"null",4.01,"configuration",0,0.017925274253374,0.122382583427188,-0.155390614427483,0.206449848144059,48,48
"mixed_broad_fine","gaussian",6,0,"null",4.01,"coherent_share",NA,0.169465194623891,2.92527474203475,-5.32405873700643,3.28009991480006,48,48
"mixed_broad_fine","gaussian",6,0.2,"low_power",0.01,"activation",0.14142135623731,0.150104183553975,0.0641951621039576,0.0311924936250532,0.263462002859488,48,48
"mixed_broad_fine","gaussian",6,0.2,"low_power",0.01,"aggregate",0.68,0.817587762554124,0.79950130605019,-0.133170526299648,3.02224253873482,48,48
"mixed_broad_fine","gaussian",6,0.2,"low_power",0.01,"total",0.17,0.204396940638531,0.199875326512547,-0.0332926315749121,0.755560634683704,48,48
"mixed_broad_fine","gaussian",6,0.2,"low_power",0.01,"coherent",0.17,0.204396940638531,0.199875326512547,-0.0332926315749121,0.755560634683704,48,48
"mixed_broad_fine","gaussian",6,0.2,"low_power",0.01,"configuration",0,0,0,0,0,48,48
"mixed_broad_fine","gaussian",6,0.2,"low_power",0.01,"coherent_share",1,1,0,1,1,48,48
"mixed_broad_fine","gaussian",6,0.2,"low_power",1.01,"activation",0.14142135623731,0.150104183553975,0.0641951621039576,0.0311924936250532,0.263462002859488,48,48
"mixed_broad_fine","gaussian",6,0.2,"low_power",1.01,"aggregate",0.68,0.817587762554124,0.79950130605019,-0.133170526299648,3.02224253873482,48,48
"mixed_broad_fine","gaussian",6,0.2,"low_power",1.01,"total",0.17,0.204396940638531,0.199875326512547,-0.0332926315749121,0.755560634683704,48,48
"mixed_broad_fine","gaussian",6,0.2,"low_power",1.01,"coherent",0.0944369488536155,0.110597408160012,0.0983350225556034,-0.0504680842539024,0.353701568852542,48,48
"mixed_broad_fine","gaussian",6,0.2,"low_power",1.01,"configuration",0.0755630511463845,0.0937995324785186,0.138739958884699,-0.0679729411032802,0.421350620843862,48,48
"mixed_broad_fine","gaussian",6,0.2,"low_power",1.01,"coherent_share",0.555511463844797,0.479934455653104,1.52075100025497,-3.45017821165267,2.21515536065709,48,48
"mixed_broad_fine","gaussian",6,0.2,"low_power",2.01,"activation",0.14142135623731,0.150104183553975,0.0641951621039576,0.0311924936250532,0.263462002859488,48,48
"mixed_broad_fine","gaussian",6,0.2,"low_power",2.01,"aggregate",0.68,0.817587762554124,0.79950130605019,-0.133170526299648,3.02224253873482,48,48
"mixed_broad_fine","gaussian",6,0.2,"low_power",2.01,"total",0.17,0.204396940638531,0.199875326512547,-0.0332926315749121,0.755560634683704,48,48
"mixed_broad_fine","gaussian",6,0.2,"low_power",2.01,"coherent",0.0888884231192877,0.0998852702453868,0.0835041418625762,-0.0282515272118339,0.290308007835027,48,48
"mixed_broad_fine","gaussian",6,0.2,"low_power",2.01,"configuration",0.0811115768807123,0.104511670393144,0.157342039391468,-0.0921210376915071,0.442476345429348,48,48
"mixed_broad_fine","gaussian",6,0.2,"low_power",2.01,"coherent_share",0.522873077172281,0.385469919379043,1.70402561048238,-4.71814229257134,2.65922888337314,48,48
"mixed_broad_fine","gaussian",6,0.2,"low_power",4.01,"activation",0.14142135623731,0.150104183553975,0.0641951621039576,0.0311924936250532,0.263462002859488,48,48
"mixed_broad_fine","gaussian",6,0.2,"low_power",4.01,"aggregate",0.68,0.817587762554124,0.79950130605019,-0.133170526299648,3.02224253873482,48,48
"mixed_broad_fine","gaussian",6,0.2,"low_power",4.01,"total",0.17,0.204396940638531,0.199875326512547,-0.0332926315749121,0.755560634683704,48,48
"mixed_broad_fine","gaussian",6,0.2,"low_power",4.01,"coherent",0.0861876572451543,0.0991214325566947,0.0806392378375165,-0.0294963003173156,0.260676440263888,48,48
"mixed_broad_fine","gaussian",6,0.2,"low_power",4.01,"configuration",0.0838123427548456,0.105275508081836,0.162654440645928,-0.113039691447072,0.431758916545808,48,48
"mixed_broad_fine","gaussian",6,0.2,"low_power",4.01,"coherent_share",0.506986219089143,0.196001487478256,2.5764710197767,-7.74861930260108,3.40219725092417,48,48
"mixed_broad_fine","gaussian",6,0.8,"recoverable",0.01,"activation",0.565685424949238,0.574368252265904,0.0641951621039576,0.455456562336982,0.687726071571417,48,48
"mixed_broad_fine","gaussian",6,0.8,"recoverable",0.01,"aggregate",10.88,11.1903814727634,2.17528678801936,8.45104831176763,15.6575440378502,48,48
"mixed_broad_fine","gaussian",6,0.8,"recoverable",0.01,"total",2.72,2.79759536819086,0.543821697004841,2.11276207794191,3.91438600946256,48,48
"mixed_broad_fine","gaussian",6,0.8,"recoverable",0.01,"coherent",2.72,2.79759536819086,0.543821697004841,2.11276207794191,3.91438600946256,48,48
"mixed_broad_fine","gaussian",6,0.8,"recoverable",0.01,"configuration",0,0,0,0,0,48,48
"mixed_broad_fine","gaussian",6,0.8,"recoverable",0.01,"coherent_share",1,1,0,1,1,48,48
"mixed_broad_fine","gaussian",6,0.8,"recoverable",1.01,"activation",0.565685424949238,0.574368252265904,0.0641951621039576,0.455456562336982,0.687726071571417,48,48
"mixed_broad_fine","gaussian",6,0.8,"recoverable",1.01,"aggregate",10.88,11.1903814727634,2.17528678801936,8.45104831176763,15.6575440378502,48,48
"mixed_broad_fine","gaussian",6,0.8,"recoverable",1.01,"total",2.72,2.79759536819086,0.543821697004841,2.11276207794191,3.91438600946256,48,48
"mixed_broad_fine","gaussian",6,0.8,"recoverable",1.01,"coherent",1.51099118165785,1.55986212851476,0.310596816361365,1.0950740742235,2.23017341950454,48,48
"mixed_broad_fine","gaussian",6,0.8,"recoverable",1.01,"configuration",1.20900881834215,1.2377332396761,0.363351076118745,0.738643467609214,1.86450789236841,48,48
"mixed_broad_fine","gaussian",6,0.8,"recoverable",1.01,"coherent_share",0.555511463844797,0.561701371531015,0.0798586498833895,0.424160967510273,0.701116266371936,48,48
"mixed_broad_fine","gaussian",6,0.8,"recoverable",2.01,"activation",0.565685424949238,0.574368252265904,0.0641951621039576,0.455456562336982,0.687726071571417,48,48
"mixed_broad_fine","gaussian",6,0.8,"recoverable",2.01,"aggregate",10.88,11.1903814727634,2.17528678801936,8.45104831176763,15.6575440378502,48,48
"mixed_broad_fine","gaussian",6,0.8,"recoverable",2.01,"total",2.72,2.79759536819086,0.543821697004841,2.11276207794191,3.91438600946256,48,48
"mixed_broad_fine","gaussian",6,0.8,"recoverable",2.01,"coherent",1.4222147699086,1.46551125645263,0.301136162356663,0.994775022802902,2.05178577604732,48,48
"mixed_broad_fine","gaussian",6,0.8,"recoverable",2.01,"configuration",1.2977852300914,1.33208411173823,0.391141699562478,0.778399445211861,2.03339426912209,48,48
"mixed_broad_fine","gaussian",6,0.8,"recoverable",2.01,"coherent_share",0.522873077172281,0.528329142089165,0.084738578705618,0.375822572234648,0.687094481179537,48,48
"mixed_broad_fine","gaussian",6,0.8,"recoverable",4.01,"activation",0.565685424949238,0.574368252265904,0.0641951621039576,0.455456562336982,0.687726071571417,48,48
"mixed_broad_fine","gaussian",6,0.8,"recoverable",4.01,"aggregate",10.88,11.1903814727634,2.17528678801936,8.45104831176763,15.6575440378502,48,48
"mixed_broad_fine","gaussian",6,0.8,"recoverable",4.01,"total",2.72,2.79759536819086,0.543821697004841,2.11276207794191,3.91438600946256,48,48
"mixed_broad_fine","gaussian",6,0.8,"recoverable",4.01,"coherent",1.37900251592247,1.42452104556549,0.303213019257264,0.956038984075248,1.9821862005037,48,48
"mixed_broad_fine","gaussian",6,0.8,"recoverable",4.01,"configuration",1.34099748407753,1.37307432262537,0.402733163049342,0.765337001668733,2.09087968264155,48,48
"mixed_broad_fine","gaussian",6,0.8,"recoverable",4.01,"coherent_share",0.506986219089143,0.513710543437368,0.0886929005998298,0.351630683706285,0.684254822010465,48,48
"mixed_broad_fine","gaussian",24,0,"null",0.01,"activation",0,0.00779531969252825,0.0342792693616385,-0.0470623303839744,0.0669804366455727,48,48
"mixed_broad_fine","gaussian",24,0,"null",0.01,"aggregate",0,-0.00781585061606523,0.165887967172429,-0.278836857882988,0.335300691449148,48,48
"mixed_broad_fine","gaussian",24,0,"null",0.01,"total",0,-0.00195396265401631,0.0414719917931073,-0.069709214470747,0.083825172862287,48,48
"mixed_broad_fine","gaussian",24,0,"null",0.01,"coherent",0,-0.00195396265401631,0.0414719917931073,-0.069709214470747,0.083825172862287,48,48
"mixed_broad_fine","gaussian",24,0,"null",0.01,"configuration",0,0,0,0,0,48,48
"mixed_broad_fine","gaussian",24,0,"null",0.01,"coherent_share",NA,1,0,1,1,48,48
"mixed_broad_fine","gaussian",24,0,"null",1.01,"activation",0,0.00779531969252825,0.0342792693616385,-0.0470623303839744,0.0669804366455727,48,48
"mixed_broad_fine","gaussian",24,0,"null",1.01,"aggregate",0,-0.00781585061606523,0.165887967172429,-0.278836857882988,0.335300691449148,48,48
"mixed_broad_fine","gaussian",24,0,"null",1.01,"total",0,-0.00195396265401631,0.0414719917931073,-0.069709214470747,0.083825172862287,48,48
"mixed_broad_fine","gaussian",24,0,"null",1.01,"coherent",0,0.00175996973529488,0.0205847732311523,-0.0319648320749711,0.0386164898490122,48,48
"mixed_broad_fine","gaussian",24,0,"null",1.01,"configuration",0,-0.00371393238931119,0.0301224655082601,-0.0543454024181814,0.0547019652107501,48,48
"mixed_broad_fine","gaussian",24,0,"null",1.01,"coherent_share",NA,0.347881471636057,2.10715340992608,-4.50326147752673,5.12280167009809,48,48
"mixed_broad_fine","gaussian",24,0,"null",2.01,"activation",0,0.00779531969252825,0.0342792693616385,-0.0470623303839744,0.0669804366455727,48,48
"mixed_broad_fine","gaussian",24,0,"null",2.01,"aggregate",0,-0.00781585061606523,0.165887967172429,-0.278836857882988,0.335300691449148,48,48
"mixed_broad_fine","gaussian",24,0,"null",2.01,"total",0,-0.0019539626540163,0.0414719917931073,-0.069709214470747,0.083825172862287,48,48
"mixed_broad_fine","gaussian",24,0,"null",2.01,"coherent",0,0.00187719341073021,0.0167072530383193,-0.0216522276249191,0.035549268327867,48,48
"mixed_broad_fine","gaussian",24,0,"null",2.01,"configuration",0,-0.00383115606474652,0.033782835385555,-0.0557925108663366,0.0661270371205078,48,48
"mixed_broad_fine","gaussian",24,0,"null",2.01,"coherent_share",NA,0.0715839222264703,2.65648747205076,-3.03237593366654,2.98879902595641,48,48
"mixed_broad_fine","gaussian",24,0,"null",4.01,"activation",0,0.00779531969252825,0.0342792693616385,-0.0470623303839744,0.0669804366455727,48,48
"mixed_broad_fine","gaussian",24,0,"null",4.01,"aggregate",0,-0.00781585061606523,0.165887967172429,-0.278836857882988,0.335300691449148,48,48
"mixed_broad_fine","gaussian",24,0,"null",4.01,"total",0,-0.00195396265401631,0.0414719917931073,-0.069709214470747,0.083825172862287,48,48
"mixed_broad_fine","gaussian",24,0,"null",4.01,"coherent",0,0.00162221980849537,0.0126224002491736,-0.0133966609915089,0.0235001970499266,48,48
"mixed_broad_fine","gaussian",24,0,"null",4.01,"configuration",0,-0.00357618246251168,0.0366360135612252,-0.0607958851613802,0.0774015883449267,48,48
"mixed_broad_fine","gaussian",24,0,"null",4.01,"coherent_share",NA,0.0220015702592475,2.98147042376281,-2.52006864117733,3.97983521283643,48,48
"mixed_broad_fine","gaussian",24,0.2,"low_power",0.01,"activation",0.14142135623731,0.149216675929838,0.0342792693616385,0.0943590258533351,0.208401792882882,48,48
"mixed_broad_fine","gaussian",24,0.2,"low_power",0.01,"aggregate",0.68,0.732160349898715,0.309594881021737,0.237202489035319,1.31354527196632,48,48
"mixed_broad_fine","gaussian",24,0.2,"low_power",0.01,"total",0.17,0.183040087474679,0.0773987202554343,0.0593006222588296,0.32838631799158,48,48
"mixed_broad_fine","gaussian",24,0.2,"low_power",0.01,"coherent",0.17,0.183040087474679,0.0773987202554343,0.0593006222588296,0.32838631799158,48,48
"mixed_broad_fine","gaussian",24,0.2,"low_power",0.01,"configuration",0,0,0,0,0,48,48
"mixed_broad_fine","gaussian",24,0.2,"low_power",0.01,"coherent_share",1,1,0,1,1,48,48
"mixed_broad_fine","gaussian",24,0.2,"low_power",1.01,"activation",0.14142135623731,0.149216675929838,0.0342792693616385,0.0943590258533351,0.208401792882882,48,48
"mixed_broad_fine","gaussian",24,0.2,"low_power",1.01,"aggregate",0.68,0.732160349898715,0.309594881021737,0.237202489035319,1.31354527196632,48,48
"mixed_broad_fine","gaussian",24,0.2,"low_power",1.01,"total",0.17,0.183040087474679,0.0773987202554343,0.0593006222588296,0.32838631799158,48,48
"mixed_broad_fine","gaussian",24,0.2,"low_power",1.01,"coherent",0.0944369488536155,0.106582966196139,0.0501789269200117,0.0363394853326529,0.203772659278967,48,48
"mixed_broad_fine","gaussian",24,0.2,"low_power",1.01,"configuration",0.0755630511463845,0.0764571212785397,0.0488658402489351,-0.00234732543605896,0.168552385836262,48,48
"mixed_broad_fine","gaussian",24,0.2,"low_power",1.01,"coherent_share",0.555511463844797,0.602169414518277,0.194047639006991,0.302520817207105,1.02461026052652,48,48
"mixed_broad_fine","gaussian",24,0.2,"low_power",2.01,"activation",0.14142135623731,0.149216675929838,0.0342792693616385,0.0943590258533351,0.208401792882882,48,48
"mixed_broad_fine","gaussian",24,0.2,"low_power",2.01,"aggregate",0.68,0.732160349898715,0.309594881021737,0.237202489035319,1.31354527196632,48,48
"mixed_broad_fine","gaussian",24,0.2,"low_power",2.01,"total",0.17,0.183040087474679,0.0773987202554343,0.0593006222588296,0.32838631799158,48,48
"mixed_broad_fine","gaussian",24,0.2,"low_power",2.01,"coherent",0.0888884231192877,0.100674453479491,0.0466973823162496,0.0343272307233028,0.200024546074131,48,48
"mixed_broad_fine","gaussian",24,0.2,"low_power",2.01,"configuration",0.0811115768807123,0.082365633995188,0.0531682312357829,-0.000850881835198578,0.183597714483717,48,48
"mixed_broad_fine","gaussian",24,0.2,"low_power",2.01,"coherent_share",0.522873077172281,0.578252496456914,0.201686890574731,0.258575460798669,1.00512085924629,48,48
"mixed_broad_fine","gaussian",24,0.2,"low_power",4.01,"activation",0.14142135623731,0.149216675929838,0.0342792693616385,0.0943590258533351,0.208401792882882,48,48
"mixed_broad_fine","gaussian",24,0.2,"low_power",4.01,"aggregate",0.68,0.732160349898715,0.309594881021737,0.237202489035319,1.31354527196632,48,48
"mixed_broad_fine","gaussian",24,0.2,"low_power",4.01,"total",0.17,0.183040087474679,0.0773987202554343,0.0593006222588296,0.32838631799158,48,48
"mixed_broad_fine","gaussian",24,0.2,"low_power",4.01,"coherent",0.0861876572451543,0.0974015110983223,0.0450725463883808,0.0317825160392492,0.182927993170482,48,48
"mixed_broad_fine","gaussian",24,0.2,"low_power",4.01,"configuration",0.0838123427548456,0.0856385763763564,0.0566229586769515,0.00171420810545272,0.190487651417279,48,48
"mixed_broad_fine","gaussian",24,0.2,"low_power",4.01,"coherent_share",0.506986219089143,0.569268699964684,0.229396231316292,0.216910560320808,0.980382723327436,48,48
"mixed_broad_fine","gaussian",24,0.8,"recoverable",0.01,"activation",0.565685424949238,0.573480744641766,0.0342792693616385,0.518623094565264,0.632665861594811,48,48
"mixed_broad_fine","gaussian",24,0.8,"recoverable",0.01,"aggregate",10.88,11.1120889514431,0.961817074845324,9.39323888343119,12.7390320335616,48,48
"mixed_broad_fine","gaussian",24,0.8,"recoverable",0.01,"total",2.72,2.77802223786076,0.240454268711331,2.3483097208578,3.18475800839041,48,48
"mixed_broad_fine","gaussian",24,0.8,"recoverable",0.01,"coherent",2.72,2.77802223786076,0.240454268711331,2.3483097208578,3.18475800839041,48,48
"mixed_broad_fine","gaussian",24,0.8,"recoverable",0.01,"configuration",0,0,0,0,0,48,48
"mixed_broad_fine","gaussian",24,0.8,"recoverable",0.01,"coherent_share",1,1,0,1,1,48,48
"mixed_broad_fine","gaussian",24,0.8,"recoverable",1.01,"activation",0.565685424949238,0.573480744641766,0.0342792693616385,0.518623094565264,0.632665861594811,48,48
"mixed_broad_fine","gaussian",24,0.8,"recoverable",1.01,"aggregate",10.88,11.1120889514431,0.961817074845324,9.39323888343119,12.7390320335616,48,48
"mixed_broad_fine","gaussian",24,0.8,"recoverable",1.01,"total",2.72,2.77802223786076,0.240454268711331,2.3483097208578,3.18475800839041,48,48
"mixed_broad_fine","gaussian",24,0.8,"recoverable",1.01,"coherent",1.51099118165785,1.55429534182206,0.171493312377534,1.27890278231033,1.86087191981251,48,48
"mixed_broad_fine","gaussian",24,0.8,"recoverable",1.01,"configuration",1.20900881834215,1.22372689603871,0.147481148592831,0.93851600598648,1.5148517751045,48,48
"mixed_broad_fine","gaussian",24,0.8,"recoverable",1.01,"coherent_share",0.555511463844797,0.55945639853448,0.0379393796477032,0.490128239580463,0.62530277234227,48,48
"mixed_broad_fine","gaussian",24,0.8,"recoverable",2.01,"activation",0.565685424949238,0.573480744641766,0.0342792693616385,0.518623094565264,0.632665861594811,48,48
"mixed_broad_fine","gaussian",24,0.8,"recoverable",2.01,"aggregate",10.88,11.1120889514431,0.961817074845324,9.39323888343119,12.7390320335616,48,48
"mixed_broad_fine","gaussian",24,0.8,"recoverable",2.01,"total",2.72,2.77802223786076,0.240454268711331,2.3483097208578,3.18475800839041,48,48
"mixed_broad_fine","gaussian",24,0.8,"recoverable",2.01,"coherent",1.4222147699086,1.46372731111722,0.168363574886792,1.19062838223695,1.75357167614308,48,48
"mixed_broad_fine","gaussian",24,0.8,"recoverable",2.01,"configuration",1.2977852300914,1.31429492674354,0.158495080732256,1.02540772590601,1.62199908048654,48,48
"mixed_broad_fine","gaussian",24,0.8,"recoverable",2.01,"coherent_share",0.522873077172281,0.52690120928852,0.0401810724740806,0.455135562522966,0.597268189768723,48,48
"mixed_broad_fine","gaussian",24,0.8,"recoverable",4.01,"activation",0.565685424949238,0.573480744641766,0.0342792693616385,0.518623094565264,0.632665861594811,48,48
"mixed_broad_fine","gaussian",24,0.8,"recoverable",4.01,"aggregate",10.88,11.1120889514431,0.961817074845324,9.39323888343119,12.7390320335616,48,48
"mixed_broad_fine","gaussian",24,0.8,"recoverable",4.01,"total",2.72,2.77802223786076,0.240454268711331,2.3483097208578,3.18475800839041,48,48
"mixed_broad_fine","gaussian",24,0.8,"recoverable",4.01,"coherent",1.37900251592247,1.41899127190966,0.167755893540948,1.15262530068028,1.71082959763058,48,48
"mixed_broad_fine","gaussian",24,0.8,"recoverable",4.01,"configuration",1.34099748407753,1.35903096595111,0.164084947926568,1.06309184989502,1.66842494656886,48,48
"mixed_broad_fine","gaussian",24,0.8,"recoverable",4.01,"coherent_share",0.506986219089143,0.510814459881766,0.0415355867460486,0.43468208516707,0.587648029717282,48,48
"mixed_broad_fine","heteroskedastic",6,0,"null",0.01,"activation",0,0.0121980206355587,0.0642197132389943,-0.11179846014101,0.117519660738885,48,48
"mixed_broad_fine","heteroskedastic",6,0,"null",0.01,"aggregate",0,0.0757434561253022,0.52360695090374,-0.659965794511825,1.06888348065964,48,48
"mixed_broad_fine","heteroskedastic",6,0,"null",0.01,"total",0,0.0189358640313255,0.130901737725935,-0.164991448627956,0.26722087016491,48,48
"mixed_broad_fine","heteroskedastic",6,0,"null",0.01,"coherent",0,0.0189358640313255,0.130901737725935,-0.164991448627956,0.26722087016491,48,48
"mixed_broad_fine","heteroskedastic",6,0,"null",0.01,"configuration",0,0,0,0,0,48,48
"mixed_broad_fine","heteroskedastic",6,0,"null",0.01,"coherent_share",NA,1,0,1,1,48,48
"mixed_broad_fine","heteroskedastic",6,0,"null",1.01,"activation",0,0.0121980206355587,0.0642197132389943,-0.11179846014101,0.117519660738885,48,48
"mixed_broad_fine","heteroskedastic",6,0,"null",1.01,"aggregate",0,0.0757434561253022,0.52360695090374,-0.659965794511825,1.06888348065964,48,48
"mixed_broad_fine","heteroskedastic",6,0,"null",1.01,"total",0,0.0189358640313255,0.130901737725935,-0.164991448627956,0.26722087016491,48,48
"mixed_broad_fine","heteroskedastic",6,0,"null",1.01,"coherent",0,0.00621535328729306,0.0819108825874897,-0.119658720350745,0.212031134364916,48,48
"mixed_broad_fine","heteroskedastic",6,0,"null",1.01,"configuration",0,0.0127205107440325,0.102546496616901,-0.154222657609779,0.20185085953429,48,48
"mixed_broad_fine","heteroskedastic",6,0,"null",1.01,"coherent_share",NA,0.45008904606489,2.33025060374166,-3.48215518679226,5.64445792555655,48,48
"mixed_broad_fine","heteroskedastic",6,0,"null",2.01,"activation",0,0.0121980206355587,0.0642197132389943,-0.11179846014101,0.117519660738885,48,48
"mixed_broad_fine","heteroskedastic",6,0,"null",2.01,"aggregate",0,0.0757434561253022,0.52360695090374,-0.659965794511825,1.06888348065964,48,48
"mixed_broad_fine","heteroskedastic",6,0,"null",2.01,"total",0,0.0189358640313255,0.130901737725935,-0.164991448627956,0.26722087016491,48,48
"mixed_broad_fine","heteroskedastic",6,0,"null",2.01,"coherent",0,0.0029065733524736,0.0653887109486195,-0.0887965473047513,0.181128939017876,48,48
"mixed_broad_fine","heteroskedastic",6,0,"null",2.01,"configuration",0,0.0160292906788519,0.118349828656898,-0.16804735346864,0.261145893629393,48,48
"mixed_broad_fine","heteroskedastic",6,0,"null",2.01,"coherent_share",NA,0.371229015511757,2.51033912003461,-2.32856603207037,5.93052575737279,48,48
"mixed_broad_fine","heteroskedastic",6,0,"null",4.01,"activation",0,0.0121980206355587,0.0642197132389943,-0.11179846014101,0.117519660738885,48,48
"mixed_broad_fine","heteroskedastic",6,0,"null",4.01,"aggregate",0,0.0757434561253022,0.52360695090374,-0.659965794511825,1.06888348065964,48,48
"mixed_broad_fine","heteroskedastic",6,0,"null",4.01,"total",0,0.0189358640313255,0.130901737725935,-0.164991448627956,0.26722087016491,48,48
"mixed_broad_fine","heteroskedastic",6,0,"null",4.01,"coherent",0,0.00368696837705567,0.0514774574238252,-0.0707344434934974,0.132289132317042,48,48
"mixed_broad_fine","heteroskedastic",6,0,"null",4.01,"configuration",0,0.0152488956542699,0.122259888262861,-0.170773854030815,0.252114066147678,48,48
"mixed_broad_fine","heteroskedastic",6,0,"null",4.01,"coherent_share",NA,0.307006948924831,2.75088931297137,-2.53774262487152,10.0417772432094,48,48
"mixed_broad_fine","heteroskedastic",6,0.2,"low_power",0.01,"activation",0.14142135623731,0.153619376872868,0.0642197132389943,0.0296228960963,0.258941016976194,48,48
"mixed_broad_fine","heteroskedastic",6,0.2,"low_power",0.01,"aggregate",0.68,0.863487258019873,0.796407472853216,-0.270482798286606,2.62519547481343,48,48
"mixed_broad_fine","heteroskedastic",6,0.2,"low_power",0.01,"total",0.17,0.215871814504968,0.199101868213304,-0.0676206995716516,0.656298868703359,48,48
"mixed_broad_fine","heteroskedastic",6,0.2,"low_power",0.01,"coherent",0.17,0.215871814504968,0.199101868213304,-0.0676206995716516,0.656298868703359,48,48
"mixed_broad_fine","heteroskedastic",6,0.2,"low_power",0.01,"configuration",0,0,0,0,0,48,48
"mixed_broad_fine","heteroskedastic",6,0.2,"low_power",0.01,"coherent_share",1,1,0,1,1,48,48
"mixed_broad_fine","heteroskedastic",6,0.2,"low_power",1.01,"activation",0.14142135623731,0.153619376872868,0.0642197132389943,0.0296228960963,0.258941016976194,48,48
"mixed_broad_fine","heteroskedastic",6,0.2,"low_power",1.01,"aggregate",0.68,0.863487258019873,0.796407472853216,-0.270482798286606,2.62519547481343,48,48
"mixed_broad_fine","heteroskedastic",6,0.2,"low_power",1.01,"total",0.17,0.215871814504968,0.199101868213304,-0.0676206995716516,0.656298868703358,48,48
"mixed_broad_fine","heteroskedastic",6,0.2,"low_power",1.01,"coherent",0.0944369488536155,0.117282827254507,0.109264877227759,-0.0736309012312051,0.344932154618818,48,48
"mixed_broad_fine","heteroskedastic",6,0.2,"low_power",1.01,"configuration",0.0755630511463845,0.0985889872504614,0.146522487566795,-0.102628774859633,0.388568179157157,48,48
"mixed_broad_fine","heteroskedastic",6,0.2,"low_power",1.01,"coherent_share",0.555511463844797,0.70865271874944,1.41382706081138,-1.17966575582895,2.13055477248651,48,48
"mixed_broad_fine","heteroskedastic",6,0.2,"low_power",2.01,"activation",0.14142135623731,0.153619376872868,0.0642197132389943,0.0296228960963,0.258941016976194,48,48
"mixed_broad_fine","heteroskedastic",6,0.2,"low_power",2.01,"aggregate",0.68,0.863487258019873,0.796407472853216,-0.270482798286606,2.62519547481343,48,48
"mixed_broad_fine","heteroskedastic",6,0.2,"low_power",2.01,"total",0.17,0.215871814504968,0.199101868213304,-0.0676206995716516,0.656298868703359,48,48
"mixed_broad_fine","heteroskedastic",6,0.2,"low_power",2.01,"coherent",0.0888884231192877,0.107608458194283,0.0970182293016412,-0.0383711769335958,0.325220765725145,48,48
"mixed_broad_fine","heteroskedastic",6,0.2,"low_power",2.01,"configuration",0.0811115768807123,0.108263356310685,0.160710206853664,-0.137140207793799,0.455854185708328,48,48
"mixed_broad_fine","heteroskedastic",6,0.2,"low_power",2.01,"coherent_share",0.522873077172281,0.624394498912852,2.07200359405822,-2.15416954540362,2.58329786623866,48,48
"mixed_broad_fine","heteroskedastic",6,0.2,"low_power",4.01,"activation",0.14142135623731,0.153619376872868,0.0642197132389943,0.0296228960963,0.258941016976194,48,48
"mixed_broad_fine","heteroskedastic",6,0.2,"low_power",4.01,"aggregate",0.68,0.863487258019873,0.796407472853216,-0.270482798286606,2.62519547481343,48,48
"mixed_broad_fine","heteroskedastic",6,0.2,"low_power",4.01,"total",0.17,0.215871814504968,0.199101868213304,-0.0676206995716516,0.656298868703359,48,48
"mixed_broad_fine","heteroskedastic",6,0.2,"low_power",4.01,"coherent",0.0861876572451543,0.105256052246875,0.0918914955863444,-0.0283604582877871,0.336610714925956,48,48
"mixed_broad_fine","heteroskedastic",6,0.2,"low_power",4.01,"configuration",0.0838123427548456,0.110615762258094,0.165601406812466,-0.149169792535815,0.445913379148487,48,48
"mixed_broad_fine","heteroskedastic",6,0.2,"low_power",4.01,"coherent_share",0.506986219089143,0.643408638264714,2.60832987941021,-3.59197083232487,3.20204161575906,48,48
"mixed_broad_fine","heteroskedastic",6,0.8,"recoverable",0.01,"activation",0.565685424949238,0.577883445584797,0.0642197132389943,0.453886964808229,0.683205085688123,48,48
"mixed_broad_fine","heteroskedastic",6,0.8,"recoverable",0.01,"aggregate",10.88,11.3867186637036,2.15445714275011,8.43122602022075,15.6778282613563,48,48
"mixed_broad_fine","heteroskedastic",6,0.8,"recoverable",0.01,"total",2.72,2.8466796659259,0.538614285687528,2.10780650505519,3.91945706533907,48,48
"mixed_broad_fine","heteroskedastic",6,0.8,"recoverable",0.01,"coherent",2.72,2.8466796659259,0.538614285687528,2.10780650505519,3.91945706533907,48,48
"mixed_broad_fine","heteroskedastic",6,0.8,"recoverable",0.01,"configuration",0,0,0,0,0,48,48
"mixed_broad_fine","heteroskedastic",6,0.8,"recoverable",0.01,"coherent_share",1,1,0,1,1,48,48
"mixed_broad_fine","heteroskedastic",6,0.8,"recoverable",1.01,"activation",0.565685424949238,0.577883445584797,0.0642197132389943,0.453886964808229,0.683205085688123,48,48
"mixed_broad_fine","heteroskedastic",6,0.8,"recoverable",1.01,"aggregate",10.88,11.3867186637036,2.15445714275011,8.43122602022075,15.6778282613563,48,48
"mixed_broad_fine","heteroskedastic",6,0.8,"recoverable",1.01,"total",2.72,2.8466796659259,0.538614285687529,2.10780650505519,3.91945706533907,48,48
"mixed_broad_fine","heteroskedastic",6,0.8,"recoverable",1.01,"coherent",1.51099118165785,1.58372863539953,0.319420357286532,1.14011552271029,2.23030123876734,48,48
"mixed_broad_fine","heteroskedastic",6,0.8,"recoverable",1.01,"configuration",1.20900881834215,1.26295103052636,0.375933705884937,0.687488251267793,1.90136675920584,48,48
"mixed_broad_fine","heteroskedastic",6,0.8,"recoverable",1.01,"coherent_share",0.555511463844797,0.560504862906196,0.0835283731072311,0.409062686763315,0.695629367296031,48,48
"mixed_broad_fine","heteroskedastic",6,0.8,"recoverable",2.01,"activation",0.565685424949238,0.577883445584797,0.0642197132389943,0.453886964808229,0.683205085688123,48,48
"mixed_broad_fine","heteroskedastic",6,0.8,"recoverable",2.01,"aggregate",10.88,11.3867186637036,2.15445714275011,8.43122602022075,15.6778282613563,48,48
"mixed_broad_fine","heteroskedastic",6,0.8,"recoverable",2.01,"total",2.72,2.8466796659259,0.538614285687529,2.10780650505519,3.91945706533907,48,48
"mixed_broad_fine","heteroskedastic",6,0.8,"recoverable",2.01,"coherent",1.4222147699086,1.48837519015116,0.312198297358852,1.03545630372061,2.09762268492665,48,48
"mixed_broad_fine","heteroskedastic",6,0.8,"recoverable",2.01,"configuration",1.2977852300914,1.35830447577473,0.400637550726843,0.737344898464182,2.03953370864647,48,48
"mixed_broad_fine","heteroskedastic",6,0.8,"recoverable",2.01,"coherent_share",0.522873077172281,0.527283320670942,0.0876089826595625,0.384742898328138,0.675451200227314,48,48
"mixed_broad_fine","heteroskedastic",6,0.8,"recoverable",4.01,"activation",0.565685424949238,0.577883445584797,0.0642197132389943,0.453886964808229,0.683205085688123,48,48
"mixed_broad_fine","heteroskedastic",6,0.8,"recoverable",4.01,"aggregate",10.88,11.3867186637036,2.15445714275011,8.43122602022075,15.6778282613563,48,48
"mixed_broad_fine","heteroskedastic",6,0.8,"recoverable",4.01,"total",2.72,2.8466796659259,0.538614285687529,2.10780650505519,3.91945706533907,48,48
"mixed_broad_fine","heteroskedastic",6,0.8,"recoverable",4.01,"coherent",1.37900251592247,1.44421519079818,0.31262203032057,0.967217739388162,2.02164837526305,48,48
"mixed_broad_fine","heteroskedastic",6,0.8,"recoverable",4.01,"configuration",1.34099748407753,1.40246447512771,0.412661542919231,0.74492222261609,2.13047994476111,48,48
"mixed_broad_fine","heteroskedastic",6,0.8,"recoverable",4.01,"coherent_share",0.506986219089143,0.511928684063799,0.0912654055111368,0.362424123802172,0.679008031116212,48,48
"mixed_broad_fine","heteroskedastic",24,0,"null",0.01,"activation",0,0.00947138485289799,0.0331704175682078,-0.0525983567966374,0.0701168774731584,48,48
"mixed_broad_fine","heteroskedastic",24,0,"null",0.01,"aggregate",0,-0.0100087929632582,0.209455659067546,-0.30924495970719,0.446126313178497,48,48
"mixed_broad_fine","heteroskedastic",24,0,"null",0.01,"total",0,-0.00250219824081456,0.0523639147668866,-0.0773112399267974,0.111531578294624,48,48
"mixed_broad_fine","heteroskedastic",24,0,"null",0.01,"coherent",0,-0.00250219824081456,0.0523639147668866,-0.0773112399267974,0.111531578294624,48,48
"mixed_broad_fine","heteroskedastic",24,0,"null",0.01,"configuration",0,0,0,0,0,48,48
"mixed_broad_fine","heteroskedastic",24,0,"null",0.01,"coherent_share",NA,1,0,1,1,48,48
"mixed_broad_fine","heteroskedastic",24,0,"null",1.01,"activation",0,0.00947138485289799,0.0331704175682078,-0.0525983567966374,0.0701168774731584,48,48
"mixed_broad_fine","heteroskedastic",24,0,"null",1.01,"aggregate",0,-0.0100087929632582,0.209455659067546,-0.30924495970719,0.446126313178497,48,48
"mixed_broad_fine","heteroskedastic",24,0,"null",1.01,"total",0,-0.00250219824081456,0.0523639147668866,-0.0773112399267974,0.111531578294624,48,48
"mixed_broad_fine","heteroskedastic",24,0,"null",1.01,"coherent",0,0.00231923519035983,0.0278942351946217,-0.0284997457429385,0.0526171135736834,48,48
"mixed_broad_fine","heteroskedastic",24,0,"null",1.01,"configuration",0,-0.00482143343117439,0.035347134347766,-0.0522079236169184,0.0616182027304603,48,48
"mixed_broad_fine","heteroskedastic",24,0,"null",1.01,"coherent_share",NA,0.635354169279742,1.45157727563358,-0.830886594824737,4.47470245017729,48,48
"mixed_broad_fine","heteroskedastic",24,0,"null",2.01,"activation",0,0.00947138485289799,0.0331704175682078,-0.0525983567966374,0.0701168774731584,48,48
"mixed_broad_fine","heteroskedastic",24,0,"null",2.01,"aggregate",0,-0.0100087929632582,0.209455659067546,-0.30924495970719,0.446126313178497,48,48
"mixed_broad_fine","heteroskedastic",24,0,"null",2.01,"total",0,-0.00250219824081456,0.0523639147668866,-0.0773112399267974,0.111531578294624,48,48
"mixed_broad_fine","heteroskedastic",24,0,"null",2.01,"coherent",0,0.00186659747927854,0.0217907217838078,-0.0222384846631506,0.031847949974871,48,48
"mixed_broad_fine","heteroskedastic",24,0,"null",2.01,"configuration",0,-0.0043687957200931,0.0406166644973563,-0.0592756879500868,0.0791307543579492,48,48
"mixed_broad_fine","heteroskedastic",24,0,"null",2.01,"coherent_share",NA,0.214164099562059,0.925394651807508,-1.37494037410973,1.28540441204084,48,48
"mixed_broad_fine","heteroskedastic",24,0,"null",4.01,"activation",0,0.00947138485289799,0.0331704175682078,-0.0525983567966374,0.0701168774731584,48,48
"mixed_broad_fine","heteroskedastic",24,0,"null",4.01,"aggregate",0,-0.0100087929632582,0.209455659067546,-0.30924495970719,0.446126313178497,48,48
"mixed_broad_fine","heteroskedastic",24,0,"null",4.01,"total",0,-0.00250219824081455,0.0523639147668866,-0.0773112399267974,0.111531578294624,48,48
"mixed_broad_fine","heteroskedastic",24,0,"null",4.01,"coherent",0,0.00136595225267287,0.0162511364395272,-0.0177819850540627,0.024073509675918,48,48
"mixed_broad_fine","heteroskedastic",24,0,"null",4.01,"configuration",0,-0.00386815049348743,0.0439985897593597,-0.0649690810309938,0.0958871162033324,48,48
"mixed_broad_fine","heteroskedastic",24,0,"null",4.01,"coherent_share",NA,0.0931183724802954,0.805815211320801,-0.879183537997382,0.788328156678785,48,48
"mixed_broad_fine","heteroskedastic",24,0.2,"low_power",0.01,"activation",0.14142135623731,0.150892741090207,0.0331704175682078,0.0888229994406721,0.211538233710468,48,48
"mixed_broad_fine","heteroskedastic",24,0.2,"low_power",0.01,"aggregate",0.68,0.748506143030714,0.335424734028105,0.228527595171714,1.42799470947242,48,48
"mixed_broad_fine","heteroskedastic",24,0.2,"low_power",0.01,"total",0.17,0.187126535757679,0.0838561835070263,0.0571318987929284,0.356998677368105,48,48
"mixed_broad_fine","heteroskedastic",24,0.2,"low_power",0.01,"coherent",0.17,0.187126535757679,0.0838561835070263,0.0571318987929284,0.356998677368105,48,48
"mixed_broad_fine","heteroskedastic",24,0.2,"low_power",0.01,"configuration",0,0,0,0,0,48,48
"mixed_broad_fine","heteroskedastic",24,0.2,"low_power",0.01,"coherent_share",1,1,0,1,1,48,48
"mixed_broad_fine","heteroskedastic",24,0.2,"low_power",1.01,"activation",0.14142135623731,0.150892741090207,0.0331704175682078,0.0888229994406721,0.211538233710468,48,48
"mixed_broad_fine","heteroskedastic",24,0.2,"low_power",1.01,"aggregate",0.68,0.748506143030714,0.335424734028105,0.228527595171714,1.42799470947242,48,48
"mixed_broad_fine","heteroskedastic",24,0.2,"low_power",1.01,"total",0.17,0.187126535757679,0.0838561835070263,0.0571318987929284,0.356998677368105,48,48
"mixed_broad_fine","heteroskedastic",24,0.2,"low_power",1.01,"coherent",0.0944369488536155,0.109528780084551,0.0567747885593105,0.0365279985286156,0.21150632541753,48,48
"mixed_broad_fine","heteroskedastic",24,0.2,"low_power",1.01,"configuration",0.0755630511463845,0.0775977556731272,0.0533295482475634,0.00572949222540207,0.197625391377095,48,48
"mixed_broad_fine","heteroskedastic",24,0.2,"low_power",1.01,"coherent_share",0.555511463844797,0.601739295377871,0.183693739080058,0.264046932741949,0.949962942050429,48,48
"mixed_broad_fine","heteroskedastic",24,0.2,"low_power",2.01,"activation",0.14142135623731,0.150892741090207,0.0331704175682078,0.0888229994406721,0.211538233710468,48,48
"mixed_broad_fine","heteroskedastic",24,0.2,"low_power",2.01,"aggregate",0.68,0.748506143030714,0.335424734028105,0.228527595171714,1.42799470947242,48,48
"mixed_broad_fine","heteroskedastic",24,0.2,"low_power",2.01,"total",0.17,0.187126535757679,0.0838561835070263,0.0571318987929284,0.356998677368105,48,48
"mixed_broad_fine","heteroskedastic",24,0.2,"low_power",2.01,"coherent",0.0888884231192877,0.102865272215635,0.0516422162456791,0.0339381282976764,0.197053579161715,48,48
"mixed_broad_fine","heteroskedastic",24,0.2,"low_power",2.01,"configuration",0.0811115768807123,0.0842612635420439,0.0577954776437461,0.0043461328306057,0.20942424143751,48,48
"mixed_broad_fine","heteroskedastic",24,0.2,"low_power",2.01,"coherent_share",0.522873077172281,0.577468412802179,0.193238305289296,0.221365344171174,0.940792864262542,48,48
"mixed_broad_fine","heteroskedastic",24,0.2,"low_power",4.01,"activation",0.14142135623731,0.150892741090207,0.0331704175682078,0.0888229994406721,0.211538233710468,48,48
"mixed_broad_fine","heteroskedastic",24,0.2,"low_power",4.01,"aggregate",0.68,0.748506143030714,0.335424734028105,0.228527595171714,1.42799470947242,48,48
"mixed_broad_fine","heteroskedastic",24,0.2,"low_power",4.01,"total",0.17,0.187126535757679,0.0838561835070263,0.0571318987929284,0.356998677368105,48,48
"mixed_broad_fine","heteroskedastic",24,0.2,"low_power",4.01,"coherent",0.0861876572451543,0.0992444609240409,0.0481764601345243,0.03260906419729,0.191026739266326,48,48
"mixed_broad_fine","heteroskedastic",24,0.2,"low_power",4.01,"configuration",0.0838123427548456,0.0878820748336376,0.0611639277485088,0.00306962047711888,0.219096728167103,48,48
"mixed_broad_fine","heteroskedastic",24,0.2,"low_power",4.01,"coherent_share",0.506986219089143,0.570075700025887,0.219754749291163,0.181689698373278,0.964932395319833,48,48
"mixed_broad_fine","heteroskedastic",24,0.8,"recoverable",0.01,"activation",0.565685424949238,0.575156809802136,0.0331704175682078,0.513087068152601,0.635802302422396,48,48
"mixed_broad_fine","heteroskedastic",24,0.8,"recoverable",0.01,"aggregate",10.88,11.1840509510126,0.94233128396955,9.54262365976783,12.6639650325832,48,48
"mixed_broad_fine","heteroskedastic",24,0.8,"recoverable",0.01,"total",2.72,2.79601273775316,0.235582820992388,2.38565591494196,3.1659912581458,48,48
"mixed_broad_fine","heteroskedastic",24,0.8,"recoverable",0.01,"coherent",2.72,2.79601273775316,0.235582820992388,2.38565591494196,3.1659912581458,48,48
"mixed_broad_fine","heteroskedastic",24,0.8,"recoverable",0.01,"configuration",0,0,0,0,0,48,48
"mixed_broad_fine","heteroskedastic",24,0.8,"recoverable",0.01,"coherent_share",1,1,0,1,1,48,48
"mixed_broad_fine","heteroskedastic",24,0.8,"recoverable",1.01,"activation",0.565685424949238,0.575156809802136,0.0331704175682078,0.513087068152601,0.635802302422396,48,48
"mixed_broad_fine","heteroskedastic",24,0.8,"recoverable",1.01,"aggregate",10.88,11.1840509510126,0.94233128396955,9.54262365976783,12.6639650325832,48,48
"mixed_broad_fine","heteroskedastic",24,0.8,"recoverable",1.01,"total",2.72,2.79601273775316,0.235582820992388,2.38565591494196,3.1659912581458,48,48
"mixed_broad_fine","heteroskedastic",24,0.8,"recoverable",1.01,"coherent",1.51099118165785,1.56440080101051,0.17206070586915,1.29724896713496,1.8658401940438,48,48
"mixed_broad_fine","heteroskedastic",24,0.8,"recoverable",1.01,"configuration",1.20900881834215,1.23161193674265,0.150440306100197,0.953655598881315,1.56008276106277,48,48
"mixed_broad_fine","heteroskedastic",24,0.8,"recoverable",1.01,"coherent_share",0.555511463844797,0.559483458180748,0.0385943767257302,0.486324403681372,0.627610427572142,48,48
"mixed_broad_fine","heteroskedastic",24,0.8,"recoverable",2.01,"activation",0.565685424949238,0.575156809802136,0.0331704175682078,0.513087068152601,0.635802302422396,48,48
"mixed_broad_fine","heteroskedastic",24,0.8,"recoverable",2.01,"aggregate",10.88,11.1840509510126,0.94233128396955,9.54262365976783,12.6639650325832,48,48
"mixed_broad_fine","heteroskedastic",24,0.8,"recoverable",2.01,"total",2.72,2.79601273775316,0.235582820992387,2.38565591494196,3.1659912581458,48,48
"mixed_broad_fine","heteroskedastic",24,0.8,"recoverable",2.01,"coherent",1.4222147699086,1.47252237385615,0.168208169529993,1.2030397859889,1.78518466161714,48,48
"mixed_broad_fine","heteroskedastic",24,0.8,"recoverable",2.01,"configuration",1.2977852300914,1.323490363897,0.16087976466148,1.03355781430408,1.66813440330089,48,48
"mixed_broad_fine","heteroskedastic",24,0.8,"recoverable",2.01,"coherent_share",0.522873077172281,0.526682188580061,0.0404288065528282,0.446451935191132,0.598963234096976,48,48
"mixed_broad_fine","heteroskedastic",24,0.8,"recoverable",4.01,"activation",0.565685424949238,0.575156809802136,0.0331704175682078,0.513087068152601,0.635802302422396,48,48
"mixed_broad_fine","heteroskedastic",24,0.8,"recoverable",4.01,"aggregate",10.88,11.1840509510126,0.94233128396955,9.54262365976783,12.6639650325832,48,48
"mixed_broad_fine","heteroskedastic",24,0.8,"recoverable",4.01,"total",2.72,2.79601273775316,0.235582820992387,2.38565591494196,3.1659912581458,48,48
"mixed_broad_fine","heteroskedastic",24,0.8,"recoverable",4.01,"coherent",1.37900251592247,1.42713187388,0.166195765383278,1.15435760807585,1.74484879775454,48,48
"mixed_broad_fine","heteroskedastic",24,0.8,"recoverable",4.01,"configuration",1.34099748407753,1.36888086387316,0.165881522713785,1.05943420886469,1.72409155251807,48,48
"mixed_broad_fine","heteroskedastic",24,0.8,"recoverable",4.01,"coherent_share",0.506986219089143,0.510486336909493,0.0413337312523498,0.427911004006327,0.587420920480416,48,48
"mixed_broad_fine","spatial_correlated",6,0,"null",0.01,"activation",0,0.00818576106481946,0.125236443669461,-0.243757264748087,0.238660963116959,48,48
"mixed_broad_fine","spatial_correlated",6,0,"null",0.01,"aggregate",0,0.0689223629936932,0.782364998046933,-1.22650903459052,1.74434802520381,48,48
"mixed_broad_fine","spatial_correlated",6,0,"null",0.01,"total",0,0.0172305907484233,0.195591249511733,-0.306627258647631,0.436087006300952,48,48
"mixed_broad_fine","spatial_correlated",6,0,"null",0.01,"coherent",0,0.0172305907484233,0.195591249511733,-0.306627258647631,0.436087006300952,48,48
"mixed_broad_fine","spatial_correlated",6,0,"null",0.01,"configuration",0,0,0,0,0,48,48
"mixed_broad_fine","spatial_correlated",6,0,"null",0.01,"coherent_share",NA,1,0,1,1,48,48
"mixed_broad_fine","spatial_correlated",6,0,"null",1.01,"activation",0,0.00818576106481946,0.125236443669461,-0.243757264748087,0.238660963116959,48,48
"mixed_broad_fine","spatial_correlated",6,0,"null",1.01,"aggregate",0,0.0689223629936932,0.782364998046933,-1.22650903459052,1.74434802520381,48,48
"mixed_broad_fine","spatial_correlated",6,0,"null",1.01,"total",0,0.0172305907484233,0.195591249511733,-0.306627258647631,0.436087006300952,48,48
"mixed_broad_fine","spatial_correlated",6,0,"null",1.01,"coherent",0,0.0101430897462154,0.178867230639776,-0.230229694715866,0.407448084312697,48,48
"mixed_broad_fine","spatial_correlated",6,0,"null",1.01,"configuration",0,0.00708750100220789,0.0454784341150201,-0.0581947729096781,0.0845368962253551,48,48
"mixed_broad_fine","spatial_correlated",6,0,"null",1.01,"coherent_share",NA,1.04900874393846,0.99155126729008,-0.182880378726295,2.27596050881299,48,48
"mixed_broad_fine","spatial_correlated",6,0,"null",2.01,"activation",0,0.00818576106481946,0.125236443669461,-0.243757264748087,0.238660963116959,48,48
"mixed_broad_fine","spatial_correlated",6,0,"null",2.01,"aggregate",0,0.0689223629936932,0.782364998046933,-1.22650903459052,1.74434802520381,48,48
"mixed_broad_fine","spatial_correlated",6,0,"null",2.01,"total",0,0.0172305907484233,0.195591249511733,-0.306627258647631,0.436087006300952,48,48
"mixed_broad_fine","spatial_correlated",6,0,"null",2.01,"coherent",0,0.00571961590796392,0.158862441554476,-0.242709625814794,0.360589613766318,48,48
"mixed_broad_fine","spatial_correlated",6,0,"null",2.01,"configuration",0,0.0115109748404594,0.0763426800018918,-0.0975556099183027,0.111640130342484,48,48
"mixed_broad_fine","spatial_correlated",6,0,"null",2.01,"coherent_share",NA,0.927865187709983,1.7506107233791,-0.674322066571757,4.89696932211171,48,48
"mixed_broad_fine","spatial_correlated",6,0,"null",4.01,"activation",0,0.00818576106481946,0.125236443669461,-0.243757264748087,0.238660963116959,48,48
"mixed_broad_fine","spatial_correlated",6,0,"null",4.01,"aggregate",0,0.0689223629936932,0.782364998046933,-1.22650903459052,1.74434802520381,48,48
"mixed_broad_fine","spatial_correlated",6,0,"null",4.01,"total",0,0.0172305907484233,0.195591249511733,-0.306627258647631,0.436087006300952,48,48
"mixed_broad_fine","spatial_correlated",6,0,"null",4.01,"coherent",0,0.00449789721008072,0.132036461643334,-0.23352584877184,0.28690033013029,48,48
"mixed_broad_fine","spatial_correlated",6,0,"null",4.01,"configuration",0,0.0127326935383426,0.110763170779222,-0.152513956239384,0.286100919986014,48,48
"mixed_broad_fine","spatial_correlated",6,0,"null",4.01,"coherent_share",NA,0.474119017010994,2.18001055144657,-4.79237049973984,4.9411953136163,48,48
"mixed_broad_fine","spatial_correlated",6,0.2,"low_power",0.01,"activation",0.14142135623731,0.149607117302129,0.125236443669461,-0.102335908510778,0.380082319354269,48,48
"mixed_broad_fine","spatial_correlated",6,0.2,"low_power",0.01,"aggregate",0.68,0.799403290126637,0.96295588689683,-0.553113639811163,3.16680238334546,48,48
"mixed_broad_fine","spatial_correlated",6,0.2,"low_power",0.01,"total",0.17,0.199850822531659,0.240738971724207,-0.138278409952791,0.791700595836364,48,48
"mixed_broad_fine","spatial_correlated",6,0.2,"low_power",0.01,"coherent",0.17,0.199850822531659,0.240738971724207,-0.138278409952791,0.791700595836364,48,48
"mixed_broad_fine","spatial_correlated",6,0.2,"low_power",0.01,"configuration",0,0,0,0,0,48,48
"mixed_broad_fine","spatial_correlated",6,0.2,"low_power",0.01,"coherent_share",1,1,0,1,1,48,48
"mixed_broad_fine","spatial_correlated",6,0.2,"low_power",1.01,"activation",0.14142135623731,0.149607117302129,0.125236443669461,-0.102335908510778,0.380082319354269,48,48
"mixed_broad_fine","spatial_correlated",6,0.2,"low_power",1.01,"aggregate",0.68,0.799403290126637,0.96295588689683,-0.553113639811163,3.16680238334546,48,48
"mixed_broad_fine","spatial_correlated",6,0.2,"low_power",1.01,"total",0.17,0.199850822531659,0.240738971724207,-0.138278409952791,0.791700595836364,48,48
"mixed_broad_fine","spatial_correlated",6,0.2,"low_power",1.01,"coherent",0.0944369488536155,0.114654945235538,0.209118454719211,-0.230680655230065,0.632576971899072,48,48
"mixed_broad_fine","spatial_correlated",6,0.2,"low_power",1.01,"configuration",0.0755630511463845,0.0851958772961211,0.0665632658274365,-0.000521726072171449,0.205883745001905,48,48
"mixed_broad_fine","spatial_correlated",6,0.2,"low_power",1.01,"coherent_share",0.555511463844797,2.45940646215987,14.180906775219,-1.57417234555921,2.74176780597223,48,48
"mixed_broad_fine","spatial_correlated",6,0.2,"low_power",2.01,"activation",0.14142135623731,0.149607117302129,0.125236443669461,-0.102335908510778,0.380082319354269,48,48
"mixed_broad_fine","spatial_correlated",6,0.2,"low_power",2.01,"aggregate",0.68,0.799403290126637,0.96295588689683,-0.553113639811163,3.16680238334546,48,48
"mixed_broad_fine","spatial_correlated",6,0.2,"low_power",2.01,"total",0.17,0.199850822531659,0.240738971724207,-0.138278409952791,0.791700595836364,48,48
"mixed_broad_fine","spatial_correlated",6,0.2,"low_power",2.01,"coherent",0.0888884231192877,0.104748821121664,0.193535478903931,-0.198294239718528,0.583891563497409,48,48
"mixed_broad_fine","spatial_correlated",6,0.2,"low_power",2.01,"configuration",0.0811115768807123,0.0951020014099951,0.0937583626197852,-0.0313837786341211,0.23695317706662,48,48
"mixed_broad_fine","spatial_correlated",6,0.2,"low_power",2.01,"coherent_share",0.522873077172281,2.71352276641354,18.2746538804001,-2.59694355575989,1.48494789655723,48,48
"mixed_broad_fine","spatial_correlated",6,0.2,"low_power",4.01,"activation",0.14142135623731,0.149607117302129,0.125236443669461,-0.102335908510778,0.380082319354269,48,48
"mixed_broad_fine","spatial_correlated",6,0.2,"low_power",4.01,"aggregate",0.68,0.799403290126637,0.96295588689683,-0.553113639811163,3.16680238334546,48,48
"mixed_broad_fine","spatial_correlated",6,0.2,"low_power",4.01,"total",0.17,0.199850822531659,0.240738971724207,-0.138278409952791,0.791700595836364,48,48
"mixed_broad_fine","spatial_correlated",6,0.2,"low_power",4.01,"coherent",0.0861876572451543,0.101027235568582,0.176851029800837,-0.169824219292583,0.493577693580413,48,48
"mixed_broad_fine","spatial_correlated",6,0.2,"low_power",4.01,"configuration",0.0838123427548456,0.0988235869630768,0.124167954861881,-0.0781872243766194,0.329831469019337,48,48
"mixed_broad_fine","spatial_correlated",6,0.2,"low_power",4.01,"coherent_share",0.506986219089143,4.17014200474703,30.3281168256395,-6.58873744575701,1.83390615038325,48,48
"mixed_broad_fine","spatial_correlated",6,0.8,"recoverable",0.01,"activation",0.565685424949238,0.573871186014058,0.125236443669461,0.321928160201151,0.804346388066197,48,48
"mixed_broad_fine","spatial_correlated",6,0.8,"recoverable",0.01,"aggregate",10.88,11.1508460715255,2.57267332432305,7.33219403027006,16.7415092526504,48,48
"mixed_broad_fine","spatial_correlated",6,0.8,"recoverable",0.01,"total",2.72,2.78771151788137,0.643168331080762,1.83304850756751,4.18537731316261,48,48
"mixed_broad_fine","spatial_correlated",6,0.8,"recoverable",0.01,"coherent",2.72,2.78771151788137,0.643168331080762,1.83304850756751,4.18537731316261,48,48
"mixed_broad_fine","spatial_correlated",6,0.8,"recoverable",0.01,"configuration",0,0,0,0,0,48,48
"mixed_broad_fine","spatial_correlated",6,0.8,"recoverable",0.01,"coherent_share",1,1,0,1,1,48,48
"mixed_broad_fine","spatial_correlated",6,0.8,"recoverable",1.01,"activation",0.565685424949238,0.573871186014058,0.125236443669461,0.321928160201151,0.804346388066197,48,48
"mixed_broad_fine","spatial_correlated",6,0.8,"recoverable",1.01,"aggregate",10.88,11.1508460715255,2.57267332432305,7.33219403027006,16.7415092526504,48,48
"mixed_broad_fine","spatial_correlated",6,0.8,"recoverable",1.01,"total",2.72,2.78771151788137,0.643168331080762,1.83304850756751,4.18537731316261,48,48
"mixed_broad_fine","spatial_correlated",6,0.8,"recoverable",1.01,"coherent",1.51099118165785,1.56143389794689,0.585507640733655,0.567135512402387,2.81641091495396,48,48
"mixed_broad_fine","spatial_correlated",6,0.8,"recoverable",1.01,"configuration",1.20900881834215,1.22627761993447,0.184439013131989,0.941675554931936,1.56696529182674,48,48
"mixed_broad_fine","spatial_correlated",6,0.8,"recoverable",1.01,"coherent_share",0.555511463844797,0.542481827785521,0.109278831677885,0.307736524169671,0.680067172642535,48,48
"mixed_broad_fine","spatial_correlated",6,0.8,"recoverable",2.01,"activation",0.565685424949238,0.573871186014058,0.125236443669461,0.321928160201151,0.804346388066197,48,48
"mixed_broad_fine","spatial_correlated",6,0.8,"recoverable",2.01,"aggregate",10.88,11.1508460715255,2.57267332432305,7.33219403027006,16.7415092526504,48,48
"mixed_broad_fine","spatial_correlated",6,0.8,"recoverable",2.01,"total",2.72,2.78771151788137,0.643168331080763,1.83304850756751,4.18537731316261,48,48
"mixed_broad_fine","spatial_correlated",6,0.8,"recoverable",2.01,"coherent",1.4222147699086,1.46849751419422,0.58242792112528,0.443583711679665,2.66632749711757,48,48
"mixed_broad_fine","spatial_correlated",6,0.8,"recoverable",2.01,"configuration",1.2977852300914,1.31921400368715,0.207963487074395,0.969021272628449,1.75625651307448,48,48
"mixed_broad_fine","spatial_correlated",6,0.8,"recoverable",2.01,"coherent_share",0.522873077172281,0.508073710332693,0.118010010114012,0.239926110516605,0.647149373815157,48,48
"mixed_broad_fine","spatial_correlated",6,0.8,"recoverable",4.01,"activation",0.565685424949238,0.573871186014058,0.125236443669461,0.321928160201151,0.804346388066197,48,48
"mixed_broad_fine","spatial_correlated",6,0.8,"recoverable",4.01,"aggregate",10.88,11.1508460715255,2.57267332432305,7.33219403027006,16.7415092526504,48,48
"mixed_broad_fine","spatial_correlated",6,0.8,"recoverable",4.01,"total",2.72,2.78771151788137,0.643168331080762,1.83304850756751,4.18537731316261,48,48
"mixed_broad_fine","spatial_correlated",6,0.8,"recoverable",4.01,"coherent",1.37900251592247,1.42486713758594,0.585118037007027,0.391998871777549,2.58487952110496,48,48
"mixed_broad_fine","spatial_correlated",6,0.8,"recoverable",4.01,"configuration",1.34099748407753,1.36284438029543,0.227374074931526,0.981082690396603,1.78907234911627,48,48
"mixed_broad_fine","spatial_correlated",6,0.8,"recoverable",4.01,"coherent_share",0.506986219089143,0.491958318211163,0.124571473941718,0.210533990283636,0.65560154838417,48,48
"mixed_broad_fine","spatial_correlated",24,0,"null",0.01,"activation",0,0.0113756510690946,0.0670971115101437,-0.0939066707064103,0.12850658111409,48,48
"mixed_broad_fine","spatial_correlated",24,0,"null",0.01,"aggregate",0,0.0211059728891143,0.2129768099231,-0.379139815534305,0.392237734121646,48,48
"mixed_broad_fine","spatial_correlated",24,0,"null",0.01,"total",0,0.00527649322227859,0.053244202480775,-0.0947849538835762,0.0980594335304114,48,48
"mixed_broad_fine","spatial_correlated",24,0,"null",0.01,"coherent",0,0.00527649322227859,0.053244202480775,-0.0947849538835762,0.0980594335304114,48,48
"mixed_broad_fine","spatial_correlated",24,0,"null",0.01,"configuration",0,0,0,0,0,48,48
"mixed_broad_fine","spatial_correlated",24,0,"null",0.01,"coherent_share",NA,1,0,1,1,48,48
"mixed_broad_fine","spatial_correlated",24,0,"null",1.01,"activation",0,0.0113756510690946,0.0670971115101437,-0.0939066707064103,0.12850658111409,48,48
"mixed_broad_fine","spatial_correlated",24,0,"null",1.01,"aggregate",0,0.0211059728891143,0.2129768099231,-0.379139815534305,0.392237734121646,48,48
"mixed_broad_fine","spatial_correlated",24,0,"null",1.01,"total",0,0.00527649322227858,0.053244202480775,-0.0947849538835761,0.0980594335304114,48,48
"mixed_broad_fine","spatial_correlated",24,0,"null",1.01,"coherent",0,0.00677064535896502,0.0476909406750986,-0.0692619882284662,0.0871317576215332,48,48
"mixed_broad_fine","spatial_correlated",24,0,"null",1.01,"configuration",0,-0.00149415213668644,0.0133036431152694,-0.02010412316824,0.027945696962318,48,48
"mixed_broad_fine","spatial_correlated",24,0,"null",1.01,"coherent_share",NA,0.926950425937385,1.63717387922946,-0.892323114849894,2.85592258077382,48,48
"mixed_broad_fine","spatial_correlated",24,0,"null",2.01,"activation",0,0.0113756510690946,0.0670971115101437,-0.0939066707064103,0.12850658111409,48,48
"mixed_broad_fine","spatial_correlated",24,0,"null",2.01,"aggregate",0,0.0211059728891143,0.2129768099231,-0.379139815534305,0.392237734121646,48,48
"mixed_broad_fine","spatial_correlated",24,0,"null",2.01,"total",0,0.00527649322227858,0.053244202480775,-0.0947849538835762,0.0980594335304114,48,48
"mixed_broad_fine","spatial_correlated",24,0,"null",2.01,"coherent",0,0.00685478843617716,0.0436799052370279,-0.0553223180652231,0.0869348760392295,48,48
"mixed_broad_fine","spatial_correlated",24,0,"null",2.01,"configuration",0,-0.00157829521389858,0.020332053964539,-0.0270023674834618,0.0422772838441571,48,48
"mixed_broad_fine","spatial_correlated",24,0,"null",2.01,"coherent_share",NA,0.806423723991444,1.68185176186044,-0.965835947069839,3.2674983793952,48,48
"mixed_broad_fine","spatial_correlated",24,0,"null",4.01,"activation",0,0.0113756510690946,0.0670971115101437,-0.0939066707064103,0.12850658111409,48,48
"mixed_broad_fine","spatial_correlated",24,0,"null",4.01,"aggregate",0,0.0211059728891143,0.2129768099231,-0.379139815534305,0.392237734121646,48,48
"mixed_broad_fine","spatial_correlated",24,0,"null",4.01,"total",0,0.00527649322227858,0.053244202480775,-0.0947849538835762,0.0980594335304114,48,48
"mixed_broad_fine","spatial_correlated",24,0,"null",4.01,"coherent",0,0.0058369587606202,0.0368667632327975,-0.0500242559700031,0.0791869441861794,48,48
"mixed_broad_fine","spatial_correlated",24,0,"null",4.01,"configuration",0,-0.00056046553834162,0.0296905769348628,-0.0519818752153493,0.0632336878628507,48,48
"mixed_broad_fine","spatial_correlated",24,0,"null",4.01,"coherent_share",NA,0.736142370969128,1.44539803409165,-1.30134667496024,3.31847152441867,48,48
"mixed_broad_fine","spatial_correlated",24,0.2,"low_power",0.01,"activation",0.14142135623731,0.152797007306404,0.0670971115101437,0.0475146855308991,0.2699279373514,48,48
"mixed_broad_fine","spatial_correlated",24,0.2,"low_power",0.01,"aggregate",0.68,0.768762522937481,0.426065871308224,0.135649646863152,1.62621430791197,48,48
"mixed_broad_fine","spatial_correlated",24,0.2,"low_power",0.01,"total",0.17,0.19219063073437,0.106516467827056,0.0339124117157881,0.406553576977993,48,48
"mixed_broad_fine","spatial_correlated",24,0.2,"low_power",0.01,"coherent",0.17,0.19219063073437,0.106516467827056,0.0339124117157881,0.406553576977993,48,48
"mixed_broad_fine","spatial_correlated",24,0.2,"low_power",0.01,"configuration",0,0,0,0,0,48,48
"mixed_broad_fine","spatial_correlated",24,0.2,"low_power",0.01,"coherent_share",1,1,0,1,1,48,48
"mixed_broad_fine","spatial_correlated",24,0.2,"low_power",1.01,"activation",0.14142135623731,0.152797007306404,0.0670971115101437,0.0475146855308991,0.2699279373514,48,48
"mixed_broad_fine","spatial_correlated",24,0.2,"low_power",1.01,"aggregate",0.68,0.768762522937481,0.426065871308224,0.135649646863152,1.62621430791197,48,48
"mixed_broad_fine","spatial_correlated",24,0.2,"low_power",1.01,"total",0.17,0.19219063073437,0.106516467827056,0.0339124117157881,0.406553576977993,48,48
"mixed_broad_fine","spatial_correlated",24,0.2,"low_power",1.01,"coherent",0.0944369488536155,0.115611378910693,0.0991281752144216,-0.0228052356878471,0.326870846069025,48,48
"mixed_broad_fine","spatial_correlated",24,0.2,"low_power",1.01,"configuration",0.0755630511463845,0.0765792518236768,0.0225835081102787,0.037606388495635,0.123148479028908,48,48
"mixed_broad_fine","spatial_correlated",24,0.2,"low_power",1.01,"coherent_share",0.555511463844797,0.447184271014977,0.376074126939867,-0.66416907365171,0.809011134747809,48,48
"mixed_broad_fine","spatial_correlated",24,0.2,"low_power",2.01,"activation",0.14142135623731,0.152797007306404,0.0670971115101437,0.0475146855308991,0.2699279373514,48,48
"mixed_broad_fine","spatial_correlated",24,0.2,"low_power",2.01,"aggregate",0.68,0.768762522937481,0.426065871308224,0.135649646863152,1.62621430791197,48,48
"mixed_broad_fine","spatial_correlated",24,0.2,"low_power",2.01,"total",0.17,0.19219063073437,0.106516467827056,0.0339124117157881,0.406553576977993,48,48
"mixed_broad_fine","spatial_correlated",24,0.2,"low_power",2.01,"coherent",0.0888884231192877,0.110000456970304,0.0962583872722145,-0.0158020431837346,0.312145665196557,48,48
"mixed_broad_fine","spatial_correlated",24,0.2,"low_power",2.01,"configuration",0.0811115768807123,0.0821901737640662,0.0290574406491606,0.04105633376014,0.142148369799103,48,48
"mixed_broad_fine","spatial_correlated",24,0.2,"low_power",2.01,"coherent_share",0.522873077172281,0.431535663059991,0.352749960237401,-0.50006456724098,0.794736965651831,48,48
"mixed_broad_fine","spatial_correlated",24,0.2,"low_power",4.01,"activation",0.14142135623731,0.152797007306404,0.0670971115101437,0.0475146855308991,0.2699279373514,48,48
"mixed_broad_fine","spatial_correlated",24,0.2,"low_power",4.01,"aggregate",0.68,0.768762522937481,0.426065871308224,0.135649646863152,1.62621430791197,48,48
"mixed_broad_fine","spatial_correlated",24,0.2,"low_power",4.01,"total",0.17,0.19219063073437,0.106516467827056,0.0339124117157881,0.406553576977993,48,48
"mixed_broad_fine","spatial_correlated",24,0.2,"low_power",4.01,"coherent",0.0861876572451543,0.106034055294545,0.0929262507856983,-0.0127915278606288,0.298108752038535,48,48
"mixed_broad_fine","spatial_correlated",24,0.2,"low_power",4.01,"configuration",0.0838123427548456,0.0861565754398253,0.0386448457373223,0.0242146119412677,0.161168538719684,48,48
"mixed_broad_fine","spatial_correlated",24,0.2,"low_power",4.01,"coherent_share",0.506986219089143,0.446479045713631,0.330852698540066,-0.129989113440116,0.870013399205107,48,48
"mixed_broad_fine","spatial_correlated",24,0.8,"recoverable",0.01,"activation",0.565685424949238,0.577061076018333,0.0670971115101437,0.471778754242828,0.694192006063328,48,48
"mixed_broad_fine","spatial_correlated",24,0.8,"recoverable",0.01,"aggregate",10.88,11.1717321730826,1.36416569428486,9.10643967921034,13.9060720076581,48,48
"mixed_broad_fine","spatial_correlated",24,0.8,"recoverable",0.01,"total",2.72,2.79293304327064,0.341041423571215,2.27660991980258,3.47651800191451,48,48
"mixed_broad_fine","spatial_correlated",24,0.8,"recoverable",0.01,"coherent",2.72,2.79293304327064,0.341041423571215,2.27660991980258,3.47651800191451,48,48
"mixed_broad_fine","spatial_correlated",24,0.8,"recoverable",0.01,"configuration",0,0,0,0,0,48,48
"mixed_broad_fine","spatial_correlated",24,0.8,"recoverable",0.01,"coherent_share",1,1,0,1,1,48,48
"mixed_broad_fine","spatial_correlated",24,0.8,"recoverable",1.01,"activation",0.565685424949238,0.577061076018333,0.0670971115101437,0.471778754242828,0.694192006063328,48,48
"mixed_broad_fine","spatial_correlated",24,0.8,"recoverable",1.01,"aggregate",10.88,11.1717321730826,1.36416569428486,9.10643967921034,13.9060720076581,48,48
"mixed_broad_fine","spatial_correlated",24,0.8,"recoverable",1.01,"total",2.72,2.79293304327064,0.341041423571215,2.27660991980258,3.47651800191451,48,48
"mixed_broad_fine","spatial_correlated",24,0.8,"recoverable",1.01,"coherent",1.51099118165785,1.57537696580926,0.33014137559895,1.07693019713474,2.19296136996105,48,48
"mixed_broad_fine","spatial_correlated",24,0.8,"recoverable",1.01,"configuration",1.20900881834215,1.21755607746138,0.0739090012174523,1.082227147233,1.36102492356655,48,48
"mixed_broad_fine","spatial_correlated",24,0.8,"recoverable",1.01,"coherent_share",0.555511463844797,0.558493913410208,0.0538953496493575,0.468625158933956,0.654072331315061,48,48
"mixed_broad_fine","spatial_correlated",24,0.8,"recoverable",2.01,"activation",0.565685424949238,0.577061076018333,0.0670971115101437,0.471778754242828,0.694192006063328,48,48
"mixed_broad_fine","spatial_correlated",24,0.8,"recoverable",2.01,"aggregate",10.88,11.1717321730826,1.36416569428486,9.10643967921034,13.9060720076581,48,48
"mixed_broad_fine","spatial_correlated",24,0.8,"recoverable",2.01,"total",2.72,2.79293304327064,0.341041423571215,2.27660991980258,3.47651800191451,48,48
"mixed_broad_fine","spatial_correlated",24,0.8,"recoverable",2.01,"coherent",1.4222147699086,1.48609854000414,0.329291748584951,0.994723940352486,2.09729241376615,48,48
"mixed_broad_fine","spatial_correlated",24,0.8,"recoverable",2.01,"configuration",1.2977852300914,1.30683450326651,0.0818244676074573,1.14873535068431,1.46116454288586,48,48
"mixed_broad_fine","spatial_correlated",24,0.8,"recoverable",2.01,"coherent_share",0.522873077172281,0.526180302392547,0.0577631967847113,0.432675460403879,0.630827795324207,48,48
"mixed_broad_fine","spatial_correlated",24,0.8,"recoverable",4.01,"activation",0.565685424949238,0.577061076018333,0.0670971115101437,0.471778754242828,0.694192006063328,48,48
"mixed_broad_fine","spatial_correlated",24,0.8,"recoverable",4.01,"aggregate",10.88,11.1717321730826,1.36416569428486,9.10643967921034,13.9060720076581,48,48
"mixed_broad_fine","spatial_correlated",24,0.8,"recoverable",4.01,"total",2.72,2.79293304327064,0.341041423571215,2.27660991980258,3.47651800191451,48,48
"mixed_broad_fine","spatial_correlated",24,0.8,"recoverable",4.01,"coherent",1.37900251592247,1.44087723183817,0.329177627295854,0.959856939639693,2.04512406912363,48,48
"mixed_broad_fine","spatial_correlated",24,0.8,"recoverable",4.01,"configuration",1.34099748407753,1.35205581143247,0.0897715963852915,1.17451940932191,1.51591905400054,48,48
"mixed_broad_fine","spatial_correlated",24,0.8,"recoverable",4.01,"coherent_share",0.506986219089143,0.509856874450953,0.0601193147815468,0.408188406736245,0.621299158542224,48,48
